Match,Match Source,Classification Type,ID,RT,DT,CCS,m/z,Mass Error (ppm),CCS Error (%),RT Error (abs),35 2286 - Serum.d.DeMP, 36 2286 - Mitra.d.DeMP, 37 2286 - DBS.d.DeMP, 38 2182 - Serum.d.DeMP, 39 2182 - Mitra.d.DeMP, 40 2182 - DBS.d.DeMP, 41 2187 - Serum.d.DeMP, 42 2187 - Mitra.d.DeMP, 43 2187 - DBS.d.DeMP, 44 2854 - Serum.d.DeMP, 45 2854 - Mitra.d.DeMP, 46 2854 - DBS.d.DeMP, 47 2911 - Serum.d.DeMP, 48 2911 - Mitra.d.DeMP, 49 2911 - DBS.d.DeMP, 125 1777 - Serum.d.DeMP, 126 1777 - Mitra.d.DeMP, 127 1777 - DBS.d.DeMP, 128 1821 - Serum.d.DeMP, 129 1821 - Mitra.d.DeMP, 130 1821 - DBS.d.DeMP, 131 1673 - Serum.d.DeMP, 132 1673 - Mitra.d.DeMP, 133 1673 - DBS.d.DeMP, 134 1894 - Serum.d.DeMP, 135 1894 - Mitra.d.DeMP, 136 1894 - DBS.d.DeMP, 137 3330 - Serum.d.DeMP, 138 3330 - Mitra.d.DeMP, 139 3330 - DBS.d.DeMP, 80 2003 - Serum.d.DeMP, 81 2003 - Mitra.d.DeMP, 82 2003 - DBS.d.DeMP, 83 2095 - Serum.d.DeMP, 84 2095 - Mitra.d.DeMP, 85 2095 - DBS.d.DeMP, 86 2046 - Serum.d.DeMP, 87 2046 - Mitra.d.DeMP, 88 2046 - DBS.d.DeMP, 89 2889 - Serum.d.DeMP, 90 2889 - Mitra.d.DeMP, 91 2889 - DBS.d.DeMP, 92 3021 - Serum.d.DeMP, 93 3021 - Mitra.d.DeMP, 94 3021 - DBS.d.DeMP,Detection Frequency (%),Average Abundance
PEPA (M-H-CO2),CCS Library,likely,1882.0,11.6,15.97,122.6,234.9797,-5.96,1.4,N/A,0.0,1272.999,0.0,0.0,838.999,0.0,0.0,1374.999,0.0,0.0,0.0,0.0,0.0,556.999,0.0,0.0,1002.999,0.0,0.0,0.0,0.0,0.0,0.0,0.0,0.0,259.999,0.0,0.0,868.999,0.0,0.0,0.0,0.0,0.0,0.0,0.0,0.0,2105.999,107.999,0.0,185.999,0.0,0.0,101.999,0.0,24.4,189.0
PEPA (M-H-CO2),CCS Library,likely,1882.0,11.6,15.97,122.6,234.9797,-5.96,1.4,N/A,0.0,1272.999,0.0,0.0,838.999,0.0,0.0,1374.999,0.0,0.0,0.0,0.0,0.0,556.999,0.0,0.0,1002.999,0.0,0.0,0.0,0.0,0.0,0.0,0.0,0.0,259.999,0.0,0.0,868.999,0.0,0.0,0.0,0.0,0.0,0.0,0.0,0.0,2105.999,107.999,0.0,185.999,0.0,0.0,101.999,0.0,24.4,189.0
PFOA (M-H-CO2),CCS Library,likely,7668.0,9.7,18.53,139.4,368.9744,-5.85,-0.07,N/A,416.6905634635963,0.0,823.4822621668245,0.0,0.0,0.0,0.0,0.0,0.0,0.0,0.0,0.0,0.0,0.0,0.0,0.0,0.0,14575.482262166825,266.6905634635963,0.0,0.0,0.0,0.0,0.0,0.0,0.0,8378.482262166825,0.0,0.0,25043.482262166825,0.0,0.0,870.4822621668245,0.0,0.0,0.0,0.0,0.0,0.0,0.0,0.0,0.0,0.0,0.0,0.0,15.6,1095.0
PFUdA (M-H-CO2),CCS Library,likely,4657.0,11.7,22.03,164.0,518.9657,-2.5,0.39,N/A,0.0,0.0,0.0,144.999,0.0,0.0,113.999,0.0,0.0,408.999,0.0,0.0,0.0,0.0,0.0,176.999,0.0,0.0,159.999,0.0,0.0,244.999,0.0,0.0,0.0,0.0,0.0,116.999,0.0,0.0,0.0,0.0,0.0,182.999,0.0,0.0,395.999,131.999,0.0,0.0,0.0,0.0,0.0,0.0,0.0,22.2,46.0
PFHpS (M-H),CCS Library,likely,2795.0,9.3,21.2,158.5,448.9312,-4.9,-0.48,N/A,152.49898470937217,0.0,0.0,1071.498984709372,0.0,0.0,4148.498984709372,0.0,0.0,2133.498984709372,0.0,0.0,0.0,0.0,364.49898470937217,414.49898470937217,0.0,0.0,509.49898470937217,0.0,0.0,1777.498984709372,0.0,0.0,1110.498984709372,0.0,0.0,0.0,0.0,0.0,3993.498984709372,0.0,0.0,8001.498984709372,0.0,0.0,4751.498984709372,0.0,0.0,1498.498984709372,0.0,0.0,0.0,0.0,0.0,28.9,651.0
PFDA (M-H-CO2),CCS Library,likely,986.0,11.0,20.85,155.6,468.9676,-5.54,0.23,N/A,0.0,0.0,0.0,406.21795117784893,0.0,0.0,503.21795117784893,0.0,0.0,868.2179511778489,0.0,0.0,206.21795117784893,0.0,0.0,505.21795117784893,0.0,0.0,379.21795117784893,0.0,0.0,612.2179511778489,0.0,0.0,0.0,0.0,0.0,0.0,0.0,0.0,237.21795117784893,0.0,0.0,822.2179511778489,0.0,0.0,960.2179511778489,0.0,0.0,0.0,0.0,0.0,0.0,0.0,0.0,22.2,120.0
PFNA (M-H-CO2),CCS Library,likely,435.0,10.3,19.65,147.2,418.9716,-4.3,0.12,N/A,178.32200846659748,0.0,0.0,1830.3220084665975,128.32200846659748,0.0,3095.3220084665973,256.3220084665975,0.0,2267.3220084665973,231.32200846659748,0.0,1322.3220084665975,145.32200846659748,0.0,2241.3220084665973,0.0,0.0,2168.3220084665973,361.3220084665975,0.0,2138.3220084665973,160.32200846659748,235.32200846659748,1752.3220084665975,170.32200846659748,0.0,444.3220084665975,0.0,120.32200846659748,1424.3220084665975,0.0,0.0,3935.3220084665973,134.32200846659748,215.32200846659748,3928.3220084665973,483.3220084665975,152.32200846659748,485.3220084665975,0.0,0.0,0.0,0.0,0.0,60.0,654.0
"1,1,1,3,3,4,4,4-Octafluoro-2-butanol or 2-(Difluoromethyl)-1,1,1,3,3,3-hexafluoropropan-2-ol",Suspects Library,tentative,397.0,8.4,15.69,121.0,216.9878,-12.49,N/A,N/A,0.0,0.0,0.0,0.0,0.0,0.0,126.97251246008636,0.0,0.0,0.0,0.0,0.0,0.0,0.0,0.0,205.97251246008636,0.0,0.0,256.97251246008636,0.0,0.0,137.97251246008636,0.0,0.0,261.97251246008636,0.0,0.0,169.97251246008636,0.0,0.0,104.97251246008636,0.0,0.0,263.97251246008636,0.0,0.0,165.97251246008636,0.0,0.0,191.97251246008636,0.0,0.0,138.97251246008636,0.0,0.0,24.4,45.0
"5-(Heptafluoropropyl)-N-methyl-1,3,4-oxadiazol-2-amine",Suspects Library,tentative,4692.0,3.5,18.04,137.6,266.0169,-0.3,N/A,N/A,0.0,0.0,0.0,0.0,0.0,0.0,240.999,0.0,0.0,0.0,168.999,0.0,0.0,0.0,0.0,184.999,0.0,0.0,0.0,416.999,304.999,0.0,0.0,0.0,0.0,0.0,0.0,0.0,0.0,0.0,270.999,0.0,0.0,218.999,0.0,0.0,161.999,0.0,0.0,0.0,0.0,0.0,0.0,0.0,0.0,17.8,43.0
"4-[(1,2,3,3,3-Pentafluoroprop-1-en-1-yl)oxy]benzoic acid",Suspects Library,tentative,9727.0,13.6,18.35,140.0,267.0046,-15.0,N/A,N/A,0.0,0.0,0.0,243.999,123.999,0.0,119.999,0.0,0.0,229.999,0.0,0.0,0.0,0.0,0.0,117.999,0.0,0.0,0.0,0.0,0.0,135.999,0.0,0.0,0.0,0.0,0.0,0.0,0.0,0.0,0.0,0.0,0.0,0.0,0.0,0.0,0.0,107.999,0.0,0.0,0.0,0.0,144.999,0.0,0.0,17.8,27.0
"Benzimidazole, 5(or 6)-chloro-2-pentafluoroethyl-",Suspects Library,tentative,4408.0,14.2,20.08,153.1,268.9926,5.81,N/A,N/A,0.0,0.0,0.0,0.0,253.999,0.0,0.0,149.999,0.0,0.0,267.999,0.0,0.0,0.0,0.0,0.0,118.999,0.0,0.0,150.999,0.0,0.0,213.999,0.0,0.0,192.999,0.0,0.0,0.0,0.0,0.0,126.999,0.0,0.0,116.999,0.0,0.0,291.999,147.999,0.0,158.999,0.0,0.0,0.0,0.0,26.7,48.0
"2,3,3,3-Tetrafluoro-1-(2-hydroxyphenyl)propan-1-one",Suspects Library,tentative,13259.0,12.7,17.11,131.8,221.0214,-7.75,N/A,N/A,0.0,484.999,339.999,689.999,766.999,780.999,465.999,871.999,679.999,621.999,237.999,0.0,0.0,810.999,766.999,684.999,706.999,722.999,0.0,0.0,0.0,491.999,715.999,671.999,0.0,690.999,0.0,0.0,0.0,0.0,0.0,816.999,0.0,680.999,0.0,793.999,0.0,454.999,781.999,645.999,710.999,0.0,566.999,510.999,0.0,62.2,396.0
"4-[(2,2,3,3-Tetrafluoropropyl)sulfanyl]benzene-1,2-diamine",Suspects Library,tentative,5783.0,4.8,17.73,135.5,253.04,-11.07,N/A,N/A,0.0,0.0,0.0,233.999,0.0,0.0,0.0,0.0,0.0,0.0,0.0,0.0,108.999,0.0,0.0,0.0,0.0,0.0,236.999,0.0,0.0,163.999,0.0,0.0,158.999,0.0,0.0,267.999,0.0,0.0,0.0,0.0,0.0,0.0,0.0,0.0,0.0,0.0,0.0,202.999,0.0,0.0,0.0,0.0,0.0,15.6,30.0
"Methyl 4,4,5,5-tetrafluoro-3-hydroxy-3-methoxypentanoate",Suspects Library,tentative,9963.0,13.5,18.33,140.6,233.0421,-9.1,N/A,N/A,0.0,0.0,253.999,469.999,107.22233333333332,0.0,328.999,223.999,157.999,543.999,278.999,0.0,0.0,269.999,228.999,438.999,333.999,350.999,0.0,330.999,257.999,344.999,338.999,344.999,0.0,318.999,315.999,0.0,319.999,311.999,277.999,322.999,233.999,221.999,350.999,269.999,325.999,300.999,248.999,0.0,324.999,245.999,386.999,336.999,0.0,77.8,235.0
"2,2'-Oxybis(difluoroacetic acid)",Suspects Library,tentative,493.0,0.7,16.87,130.5,204.9796,14.85,N/A,N/A,832.999,0.0,0.0,0.0,0.0,0.0,0.0,0.0,0.0,3651.999,162.999,0.0,5391.999,473.999,0.0,5776.999,632.999,309.999,4465.999,860.999,147.999,139.999,0.0,0.0,830.999,0.0,0.0,3791.999,296.999,148.999,4994.999,299.999,0.0,7000.999,576.999,256.999,256.999,0.0,0.0,235.999,0.0,0.0,115.999,0.0,0.0,53.3,907.0
Tetrafluron,Suspects Library,tentative,5495.0,5.3,18.91,143.8,279.0774,4.26,N/A,N/A,0.0,0.0,0.0,0.0,0.0,0.0,0.0,0.0,0.0,0.0,0.0,0.0,173.999,0.0,0.0,0.0,0.0,0.0,185.999,0.0,0.0,291.999,0.0,0.0,217.999,0.0,0.0,176.999,0.0,0.0,0.0,0.0,0.0,109.999,0.0,0.0,134.999,0.0,0.0,171.999,0.0,0.0,0.0,0.0,0.0,17.8,32.0
"N-(2-Azido-1,1,1,3,3,3-hexafluoropropan-2-yl)benzamide",Suspects Library,tentative,5379.0,13.4,21.23,160.8,311.0354,-6.11,N/A,N/A,0.0,154.999,127.999,0.0,343.999,0.0,0.0,0.0,0.0,0.0,0.0,0.0,0.0,0.0,0.0,0.0,0.0,0.0,0.0,0.0,0.0,0.0,0.0,112.999,0.0,240.999,0.0,0.0,0.0,161.999,0.0,0.0,149.999,0.0,180.999,0.0,0.0,0.0,0.0,0.0,0.0,0.0,0.0,0.0,137.999,20.0,35.0
2-Amino-3-(perfluoropropyl)-1-phenyl-3-propanol,Suspects Library,tentative,3469.0,1.6,22.53,170.5,318.0762,8.7,N/A,N/A,242.999,0.0,0.0,121.999,0.0,0.0,0.0,0.0,103.999,191.999,0.0,0.0,148.999,0.0,0.0,255.999,0.0,0.0,223.999,122.999,0.0,164.999,0.0,0.0,244.999,0.0,0.0,677.999,0.0,0.0,0.0,0.0,0.0,159.999,0.0,0.0,214.999,0.0,0.0,155.999,0.0,0.0,146.999,0.0,164.999,35.6,73.0
"4,4,4-trifluoro-3-hydroxy-3-(trifluoromethyl)-1-[3-(trifluoromethyl)phenyl]butan-1-one",Suspects Library,tentative,8571.0,13.6,21.58,162.7,353.0258,7.92,N/A,N/A,0.0,0.0,0.0,289.999,0.0,0.0,117.999,122.999,0.0,238.999,126.999,0.0,0.0,0.0,0.0,241.999,0.0,0.0,0.0,0.0,0.0,0.0,0.0,0.0,0.0,0.0,0.0,0.0,0.0,0.0,0.0,0.0,0.0,187.999,0.0,0.0,137.999,118.999,0.0,0.0,0.0,0.0,164.999,0.0,0.0,22.2,39.0
"1,1,2,2,3,3,4,4,5,6,6,7,7,7-tetradecafluoro-5-(trifluoromethyl)heptane-1-sulfonic acid or 1,1,2,2,3,3,4,5,5,6,6,7,7,7-tetradecafluoro-4-(trifluoromethyl)heptane-1-sulfonic acid or 1,1,2,2,3,3,5,5,6,6,6-undecafluoro-4,4-bis(trifluoromethyl)hexane-1-sulfonic acid or 1,1,2,2,3,4,4,5,5,6,6,7,7,7-tetradecafluoro-3-(trifluoromethyl)heptane-1-sulfonic acid or 1,1,2,3,3,4,4,5,5,6,6,7,7,7-tetradecafluoro-2-(trifluoromethyl)heptane-1-sulfonic acid or Heptadecafluorooctane-2-sulfonic acid or IsoPFOS or Perfluorooctanesulfonic acid",Suspects Library,tentative,4457.0,10.2,22.08,164.6,498.929,-2.46,N/A,N/A,3525.000111111111,491.0001111111111,0.0,14303.203091982796,1283.000111111111,1006.0001111111111,41356.00011111111,7271.000111111111,3707.000111111111,15506.00011111111,2493.000111111111,0.0,388.999,0.0,5420.203091982796,7329.000111111111,0.0,0.0,7517.000111111111,1631.000111111111,0.0,19636.000111111112,3332.000111111111,2243.000111111111,11317.00011111111,2618.000111111111,0.0,2549.000111111111,510.999,0.0,34253.00011111111,4813.000111111111,418.999,71511.2030919828,5392.000111111111,2377.000111111111,41673.203091982796,6145.000111111111,1509.000111111111,13406.00011111111,2165.000111111111,238.999,0.0,0.0,0.0,75.6,7379.0
Heptadecafluoro-N-methylisooctanesulphonamide or N-Methylperfluorooctanesulfonamide,Suspects Library,tentative,5432.0,12.6,23.35,173.8,511.9606,-2.44,N/A,N/A,0.0,0.0,0.0,0.0,131.999,0.0,0.0,0.0,0.0,0.0,119.999,0.0,0.0,0.0,0.0,0.0,0.0,0.0,0.0,0.0,0.0,0.0,229.999,0.0,0.0,196.999,0.0,549.999,0.0,0.0,0.0,0.0,0.0,0.0,0.0,0.0,0.0,256.999,0.0,0.0,118.999,0.0,0.0,0.0,0.0,15.6,35.0
Perfluorooctaneamide betaine,Suspects Library,tentative,15059.0,14.4,27.56,204.8,555.0717,-9.61,N/A,N/A,0.0,194.999,0.0,0.0,263.999,0.0,0.0,205.999,251.999,0.0,245.999,0.0,0.0,229.999,0.0,0.0,162.999,112.999,0.0,224.999,0.0,0.0,375.999,0.0,0.0,598.999,0.0,0.0,205.999,158.999,0.0,184.999,0.0,0.0,0.0,193.999,0.0,464.999,363.999,0.0,350.999,138.999,0.0,163.999,214.999,46.7,116.0
"3-methyl-4-(2,2,3,3,4,4,5,5,5-nonafluoropentyl)cyclopentane-1,1-dicarboxylic Acid",Suspects Library,tentative,5200.0,11.5,23.95,179.6,403.0638,10.09,N/A,N/A,0.0,0.0,102.999,0.0,127.999,0.0,0.0,108.999,208.999,0.0,147.999,0.0,0.0,0.0,102.999,0.0,0.0,0.0,0.0,120.999,0.0,0.0,0.0,0.0,0.0,115.999,0.0,0.0,0.0,0.0,0.0,0.0,0.0,0.0,0.0,102.999,0.0,140.999,131.999,0.0,0.0,0.0,0.0,105.999,0.0,26.7,34.0
"5-[1,1,2-Trifluoro-2-(heptafluoropropoxy)ethoxy]benzene-1,3-dicarboxylic acid",Suspects Library,tentative,238.0,1.5,24.51,183.2,446.9932,0.02,N/A,N/A,19760.999,1022.999,418.999,3132.999,0.0,0.0,1966.999,0.0,0.0,5663.999,0.0,0.0,1476.999,0.0,0.0,5356.999,0.0,0.0,11064.999,237.999,0.0,2326.999,0.0,0.0,13752.999,263.999,0.0,333.999,0.0,0.0,9575.999,0.0,0.0,12500.999,0.0,0.0,5350.999,0.0,0.0,919.999,0.0,0.0,8436.999,195.999,105.999,46.7,2259.0
"4-[(3,3,4,4,5,5,6,6,6-Nonafluorohexyl)oxy]phenol or 4-[1,1,2-Trifluoro-2-(heptafluoropropoxy)ethoxy]butan-1-ol",Suspects Library,tentative,4684.0,13.3,22.82,171.8,355.0413,4.38 or 7.6,N/A,N/A,0.0,0.0,0.0,0.0,168.999,0.0,0.0,0.0,0.0,0.0,0.0,0.0,0.0,0.0,0.0,0.0,0.0,0.0,0.0,189.999,0.0,0.0,184.999,0.0,0.0,244.999,0.0,0.0,134.999,131.999,0.0,0.0,0.0,0.0,138.999,140.999,0.0,262.999,208.999,0.0,159.999,104.999,0.0,0.0,0.0,26.7,46.0
"1-Ethoxy-3,3,4,4,5,5,6,6,6-nonafluorohexan-2-ol or 2-[(3,3,4,4,5,5,6,6,6-Nonafluorohexyl)oxy]ethan-1-ol or 4-(2,2,3,3,4,4,5,5-Octafluoropentyl)phenol",Suspects Library,tentative,10697.0,12.5,20.48,155.3,307.0397,3.71 or 7.43,N/A,N/A,272.999,0.0,206.999,0.0,205.999,0.0,195.999,0.0,183.999,209.999,229.999,0.0,226.999,0.0,0.0,0.0,0.0,0.0,0.0,0.0,0.0,0.0,0.0,0.0,0.0,0.0,0.0,0.0,0.0,0.0,0.0,275.999,0.0,0.0,0.0,0.0,153.999,133.999,0.0,0.0,0.0,0.0,0.0,0.0,0.0,24.4,50.0
No Match,None,unmatched,9046.0,1.8,13.57,106.2,172.8291,,,,231.999,0.0,0.0,191.999,0.0,0.0,131.999,0.0,0.0,0.0,0.0,0.0,0.0,0.0,0.0,154.999,0.0,0.0,185.999,0.0,0.0,0.0,0.0,0.0,0.0,0.0,0.0,101.999,0.0,0.0,231.999,0.0,0.0,126.999,0.0,0.0,136.999,0.0,0.0,102.999,0.0,0.0,0.0,0.0,0.0,22.2,35.0
No Match,None,unmatched,12797.0,1.4,15.13,120.4,137.0229,,,,0.0,0.0,0.0,0.0,0.0,0.0,0.0,0.0,0.0,0.0,0.0,0.0,0.0,0.0,0.0,0.0,0.0,0.0,0.0,0.0,0.0,103.999,0.0,0.0,0.0,0.0,0.0,0.0,0.0,0.0,2180.999,1046.999,613.999,0.0,0.0,0.0,0.0,0.0,0.0,0.0,0.0,0.0,1091.999,406.999,240.999,15.6,124.0
No Match,None,unmatched,601.0,2.0,15.39,121.5,153.0183,,,,994.999,204.999,105.999,2984.999,556.999,198.999,0.0,0.0,0.0,1249.999,257.999,0.0,885.999,168.999,0.0,1817.999,138.999,0.0,4123.999,915.999,205.999,756.999,167.999,0.0,734.999,0.0,0.0,141.999,0.0,0.0,7967.999,1763.999,537.999,3909.999,519.999,0.0,722.999,0.0,0.0,885.999,124.999,0.0,988.999,186.999,0.0,64.4,745.0
No Match,None,unmatched,3366.0,1.9,15.9,126.2,142.0657,,,,882.999,180.999,0.0,510.999,176.999,0.0,1182.999,354.999,182.999,892.999,678.999,0.0,910.999,349.999,139.999,1238.999,776.999,816.999,1228.999,413.999,255.999,830.999,0.0,0.0,728.999,0.0,0.0,2143.999,445.999,0.0,386.999,694.999,494.999,856.999,853.999,779.999,1095.999,277.999,0.0,925.999,692.999,629.999,689.999,0.0,253.999,77.8,523.0
No Match,None,unmatched,8973.0,1.7,15.93,125.8,151.0393,,,,0.0,0.0,0.0,0.0,0.0,0.0,0.0,0.0,0.0,322.999,0.0,0.0,602.999,0.0,0.0,0.0,0.0,0.0,934.999,293.999,104.999,0.0,0.0,0.0,0.0,0.0,0.0,0.0,0.0,0.0,328.999,0.0,0.0,463.999,0.0,0.0,0.0,0.0,0.0,0.0,0.0,0.0,0.0,0.0,0.0,15.6,67.0
No Match,None,unmatched,1944.0,2.6,16.38,129.4,151.0394,,,,611.999,0.0,0.0,706.999,0.0,0.0,0.0,0.0,0.0,510.999,0.0,0.0,331.999,0.0,0.0,948.999,0.0,0.0,632.999,203.999,0.0,105.999,0.0,0.0,2371.999,717.999,137.999,123.999,0.0,0.0,409.999,0.0,0.0,359.999,0.0,0.0,0.0,0.0,0.0,106.999,0.0,0.0,0.0,0.0,0.0,33.3,181.0
No Match,None,unmatched,2967.0,1.6,18.48,143.0,203.0815,,,,211.999,0.0,0.0,212.999,0.0,0.0,420.999,0.0,0.0,275.999,0.0,0.0,301.999,0.0,0.0,495.999,0.0,0.0,387.999,0.0,0.0,313.999,0.0,0.0,0.0,0.0,0.0,690.999,0.0,0.0,166.999,0.0,0.0,271.999,0.0,0.0,391.999,0.0,0.0,286.999,0.0,0.0,180.999,0.0,0.0,31.1,101.0
No Match,None,unmatched,14502.0,1.3,14.75,114.5,197.8064,,,,481.999,0.0,0.0,0.0,0.0,0.0,105.999,0.0,0.0,136.999,0.0,0.0,0.0,0.0,0.0,0.0,0.0,0.0,0.0,0.0,0.0,111.999,0.0,0.0,0.0,0.0,0.0,100.999,0.0,0.0,272.999,0.0,0.0,284.999,0.0,0.0,107.999,0.0,0.0,0.0,0.0,0.0,0.0,0.0,0.0,17.8,35.0
No Match,None,unmatched,3872.0,2.4,14.74,114.4,197.8062,,,,857.999,0.0,0.0,682.999,0.0,0.0,187.999,0.0,0.0,371.999,0.0,0.0,0.0,0.0,0.0,260.999,0.0,0.0,136.999,0.0,0.0,0.0,0.0,0.0,157.999,0.0,0.0,0.0,0.0,0.0,0.0,0.0,0.0,0.0,0.0,0.0,0.0,0.0,0.0,0.0,0.0,0.0,145.999,0.0,0.0,17.8,61.0
No Match,None,unmatched,2200.0,3.3,16.76,129.6,205.9404,,,,310.999,0.0,0.0,364.999,0.0,0.0,278.999,0.0,0.0,404.999,0.0,0.0,227.999,0.0,0.0,400.999,0.0,0.0,587.999,145.999,0.0,379.999,0.0,0.0,237.999,0.0,0.0,1666.999,218.999,131.999,0.0,0.0,0.0,1192.999,0.0,0.0,0.0,0.0,0.0,271.999,0.0,0.0,289.999,0.0,0.0,35.6,155.0
No Match,None,unmatched,11455.0,14.1,18.38,142.0,206.9963,,,,0.0,208.999,0.0,0.0,552.999,0.0,0.0,369.999,106.999,0.0,579.999,0.0,0.0,234.999,0.0,0.0,385.999,0.0,0.0,554.999,0.0,0.0,570.999,0.0,0.0,273.999,0.0,0.0,422.999,129.999,0.0,289.999,0.0,0.0,609.999,0.0,0.0,599.999,144.999,0.0,455.999,0.0,0.0,443.999,0.0,40.0,152.0
No Match,None,unmatched,2871.0,3.3,16.77,129.6,207.9373,,,,215.999,0.0,0.0,246.999,0.0,0.0,158.999,0.0,0.0,202.999,0.0,0.0,224.999,0.0,0.0,316.999,0.0,0.0,445.999,0.0,0.0,270.999,0.0,0.0,157.999,0.0,0.0,1084.999,183.999,0.0,0.0,0.0,0.0,777.999,0.0,0.0,0.0,0.0,0.0,135.999,0.0,0.0,174.999,0.0,0.0,31.1,101.0
No Match,None,unmatched,2356.0,4.4,17.02,131.4,210.9451,,,,0.0,0.0,0.0,0.0,0.0,0.0,0.0,0.0,0.0,1027.999,0.0,0.0,444.999,0.0,0.0,899.999,0.0,0.0,1488.999,226.999,0.0,250.999,0.0,0.0,0.0,0.0,0.0,148.999,0.0,0.0,629.999,0.0,0.0,786.999,0.0,0.0,190.999,0.0,0.0,215.999,0.0,0.0,188.999,0.0,0.0,26.7,142.0
No Match,None,unmatched,2776.0,5.6,16.8,130.0,204.9446,,,,0.0,0.0,0.0,346.999,0.0,0.0,989.999,0.0,0.0,0.0,0.0,0.0,223.999,0.0,0.0,366.999,0.0,0.0,150.999,0.0,0.0,0.0,0.0,0.0,135.999,0.0,0.0,427.999,0.0,0.0,0.0,0.0,0.0,1131.999,0.0,0.0,420.999,0.0,0.0,132.999,0.0,0.0,496.999,0.0,0.0,24.4,105.0
No Match,None,unmatched,1566.0,4.5,17.28,133.4,211.0232,,,,0.0,0.0,0.0,134.999,0.0,0.0,184.999,0.0,0.0,294.999,0.0,0.0,154.999,0.0,0.0,6081.999,530.999,370.999,359.999,0.0,0.0,0.0,0.0,0.0,141.999,0.0,0.0,0.0,0.0,0.0,306.999,0.0,0.0,171.999,0.0,0.0,1616.999,321.999,0.0,144.999,0.0,0.0,0.0,0.0,0.0,31.1,236.0
No Match,None,unmatched,10829.0,1.3,18.55,143.2,211.0824,,,,709.999,268.999,0.0,498.999,0.0,0.0,121.999,0.0,0.0,1235.999,410.999,0.0,578.999,146.999,0.0,275.999,0.0,0.0,2690.999,1085.999,184.999,160.999,0.0,0.0,298.999,0.0,0.0,0.0,0.0,0.0,1047.999,276.999,0.0,1087.999,0.0,0.0,0.0,0.0,0.0,233.999,0.0,0.0,2025.999,775.999,323.999,46.7,315.0
No Match,None,unmatched,3722.0,1.6,18.63,143.8,212.0011,,,,18376.999,3713.999,1848.999,9979.999,620.999,332.999,3895.999,420.999,329.999,7373.999,1016.999,0.0,3648.999,552.999,300.999,6287.999,372.999,282.999,10747.999,1509.999,657.999,3828.999,677.999,428.999,13814.999,2021.999,597.999,1466.999,301.999,200.999,9304.999,1232.999,697.999,12127.999,971.999,821.999,5950.999,771.999,572.999,2468.999,346.999,245.999,15165.999,1939.999,1248.999,97.8,3252.0
No Match,None,unmatched,4456.0,2.5,17.98,138.8,212.001,,,,387.999,0.0,0.0,0.0,0.0,0.0,0.0,0.0,0.0,181.999,0.0,0.0,0.0,0.0,0.0,244.999,0.0,0.0,107.999,0.0,0.0,109.999,0.0,0.0,0.0,0.0,0.0,216.999,0.0,0.0,442.999,0.0,0.0,213.999,0.0,0.0,153.999,0.0,0.0,265.999,0.0,0.0,0.0,0.0,0.0,22.2,51.0
No Match,None,unmatched,4755.0,13.4,17.48,134.8,216.0377,,,,0.0,0.0,0.0,406.999,0.0,304.999,0.0,0.0,0.0,488.999,373.999,0.0,0.0,0.0,0.0,523.999,0.0,0.0,0.0,0.0,0.0,516.999,0.0,350.999,0.0,0.0,0.0,0.0,359.999,347.999,0.0,0.0,0.0,433.999,0.0,0.0,401.999,0.0,0.0,0.0,0.0,0.0,457.999,0.0,294.999,28.9,115.0
No Match,None,unmatched,4202.0,3.7,17.19,132.5,216.9636,,,,125.999,0.0,0.0,251.999,0.0,0.0,163.999,0.0,0.0,0.0,0.0,0.0,368.999,0.0,0.0,0.0,0.0,0.0,265.999,0.0,0.0,299.999,0.0,0.0,202.999,0.0,0.0,464.999,0.0,0.0,0.0,0.0,0.0,343.999,0.0,0.0,0.0,0.0,0.0,0.0,0.0,0.0,0.0,0.0,0.0,20.0,55.0
No Match,None,unmatched,11135.0,11.1,17.5,134.8,218.0303,,,,1494.999,129.77788888888904,416.999,4399.999,3232.999,976.2223333333334,3775.999,952.999,2814.999,4605.999,2838.999,0.0,797.999,1004.999,2130.999,5650.999,907.999,3259.999,2415.999,3231.999,1008.777888888889,5030.999,3281.999,3274.999,1109.999,3396.999,1147.999,1393.999,1642.999,0.0,1333.999,600.999,910.777888888889,4677.999,542.6667777777777,1614.3334444444445,4990.999,3047.999,1150.2223333333334,1249.999,3084.999,1032.999,4914.999,2963.999,2722.999,95.6,2201.0
No Match,None,unmatched,1958.0,13.4,18.36,141.9,206.996,,,,0.0,284.999,0.0,0.0,629.999,0.0,0.0,474.999,228.999,0.0,685.999,0.0,0.0,259.999,0.0,0.0,214.999,0.0,0.0,722.999,100.999,0.0,736.999,0.0,0.0,488.999,0.0,0.0,424.999,186.999,0.0,303.999,104.999,0.0,468.999,153.999,0.0,594.999,0.0,0.0,596.999,116.999,0.0,428.999,0.0,46.7,180.0
No Match,None,unmatched,11614.0,1.7,17.74,136.8,218.9958,,,,797.999,295.999,120.999,337.999,0.0,0.0,0.0,0.0,0.0,605.999,160.999,0.0,494.999,0.0,0.0,630.999,0.0,0.0,429.999,0.0,0.0,0.0,0.0,0.0,314.999,0.0,0.0,474.999,130.999,0.0,693.999,0.0,0.0,962.999,179.999,0.0,0.0,0.0,0.0,0.0,0.0,0.0,0.0,0.0,0.0,33.3,145.0
No Match,None,unmatched,535.0,0.6,16.3,127.4,173.9859,,,,421.999,0.0,0.0,848.999,193.999,0.0,0.0,0.0,0.0,5121.999,1416.999,0.0,4150.999,1303.999,450.999,339.999,151.999,0.0,5075.999,1477.999,429.999,0.0,0.0,0.0,0.0,0.0,0.0,0.0,0.0,0.0,5940.999,1510.999,540.999,6294.999,1196.999,510.999,0.0,0.0,0.0,696.999,0.0,0.0,0.0,0.0,0.0,44.4,829.0
No Match,None,unmatched,1651.0,1.1,18.29,142.8,178.0504,,,,1091.999,359.999,0.0,470.999,0.0,0.0,0.0,0.0,0.0,367.999,147.999,0.0,1479.999,563.999,0.0,533.999,0.0,0.0,220.999,0.0,0.0,0.0,0.0,0.0,1731.999,529.999,0.0,0.0,0.0,0.0,1933.999,485.999,0.0,0.0,0.0,0.0,0.0,0.0,0.0,0.0,0.0,0.0,252.999,0.0,0.0,31.1,222.0
No Match,None,unmatched,0.0,2.2,16.98,132.5,179.0558,,,,1484.999,364.999,133.999,6605.999,1437.999,581.999,2506.999,376.999,185.999,13295.999,2813.999,0.0,2942.999,671.999,251.999,4643.999,718.999,461.999,30132.999,7826.999,2344.999,2947.999,628.999,476.999,4678.999,750.999,283.999,0.0,0.0,0.0,9984.999,1168.999,603.999,10091.999,1382.999,886.999,646.999,0.0,0.0,3639.999,623.999,318.999,11496.999,2675.999,1111.999,86.7,2919.0
No Match,None,unmatched,4240.0,0.6,16.64,129.8,180.0273,,,,205.999,0.0,0.0,281.999,0.0,0.0,0.0,0.0,0.0,268.999,0.0,0.0,0.0,0.0,0.0,0.0,0.0,0.0,420.999,0.0,0.0,0.0,0.0,0.0,0.0,0.0,0.0,0.0,0.0,0.0,334.999,0.0,0.0,185.999,0.0,0.0,0.0,0.0,0.0,0.0,0.0,0.0,645.999,0.0,0.0,15.6,51.0
No Match,None,unmatched,10667.0,0.9,17.11,133.0,188.0004,,,,3502.999,658.999,400.999,933.999,206.999,0.0,0.0,0.0,0.0,394.999,0.0,0.0,1095.999,187.999,0.0,0.0,0.0,0.0,1469.999,222.999,0.0,0.0,0.0,0.0,927.999,243.999,0.0,0.0,0.0,0.0,1454.999,241.999,0.0,1483.999,268.999,154.999,0.0,0.0,0.0,207.999,0.0,0.0,0.0,0.0,0.0,40.0,307.0
No Match,None,unmatched,3814.0,0.7,18.4,143.0,190.0534,,,,0.0,235.999,0.0,0.0,228.999,0.0,0.0,247.999,0.0,0.0,291.999,0.0,0.0,374.999,0.0,0.0,0.0,313.999,0.0,200.999,0.0,0.0,256.999,0.0,0.0,0.0,0.0,0.0,153.999,0.0,0.0,260.999,0.0,0.0,0.0,0.0,0.0,0.0,0.0,0.0,299.999,0.0,0.0,210.999,0.0,26.7,67.0
No Match,None,unmatched,6372.0,4.1,18.19,141.2,191.0676,,,,0.0,0.0,0.0,0.0,0.0,0.0,0.0,0.0,0.0,0.0,0.0,0.0,0.0,0.0,0.0,104.999,0.0,0.0,115.999,0.0,0.0,192.999,0.0,0.0,0.0,0.0,0.0,0.0,0.0,0.0,186.999,0.0,0.0,154.999,0.0,0.0,227.999,0.0,0.0,158.999,0.0,0.0,0.0,0.0,0.0,15.6,25.0
No Match,None,unmatched,21260.0,1.7,13.46,105.9,162.8375,,,,623.999,153.999,103.999,947.999,0.0,104.999,564.999,0.0,0.0,405.999,0.0,0.0,424.999,0.0,0.0,145.999,0.0,0.0,373.999,0.0,0.0,126.999,0.0,0.0,0.0,0.0,0.0,0.0,0.0,0.0,686.999,0.0,0.0,487.999,0.0,0.0,372.999,0.0,0.0,161.999,0.0,0.0,269.999,0.0,0.0,35.6,130.0
No Match,None,unmatched,3154.0,2.2,16.0,125.6,164.0331,,,,0.0,0.0,0.0,248.999,0.0,0.0,0.0,0.0,0.0,523.999,0.0,0.0,0.0,0.0,0.0,185.999,0.0,0.0,1282.999,382.999,0.0,140.999,0.0,0.0,187.999,0.0,0.0,0.0,0.0,0.0,358.999,0.0,0.0,386.999,0.0,0.0,0.0,0.0,0.0,0.0,0.0,0.0,443.999,0.0,0.0,22.2,91.0
No Match,None,unmatched,3591.0,4.0,17.28,135.6,164.0833,,,,271.999,0.0,0.0,0.0,0.0,0.0,0.0,0.0,0.0,0.0,0.0,0.0,0.0,0.0,0.0,0.0,0.0,0.0,261.999,0.0,0.0,247.999,0.0,0.0,1338.999,228.999,0.0,0.0,0.0,0.0,170.999,0.0,0.0,0.0,0.0,0.0,0.0,0.0,0.0,240.999,0.0,0.0,517.999,0.0,0.0,17.8,72.0
No Match,None,unmatched,3138.0,4.9,16.3,127.8,165.9783,,,,0.0,0.0,0.0,0.0,0.0,0.0,179.999,0.0,0.0,0.0,0.0,0.0,0.0,0.0,0.0,138.999,0.0,0.0,580.999,0.0,0.0,421.999,0.0,0.0,218.999,0.0,0.0,460.999,0.0,0.0,441.999,0.0,0.0,558.999,0.0,0.0,576.999,0.0,0.0,588.999,0.0,0.0,0.0,0.0,0.0,22.2,91.0
No Match,None,unmatched,6419.0,5.6,17.43,136.5,169.0658,,,,0.0,0.0,0.0,0.0,0.0,0.0,63818.999,19585.999,5992.999,303.999,0.0,0.0,0.0,0.0,0.0,0.0,0.0,0.0,0.0,0.0,0.0,0.0,0.0,0.0,47680.999,7695.999,1431.999,0.0,0.0,0.0,0.0,0.0,0.0,0.0,0.0,0.0,0.0,0.0,0.0,113.999,0.0,0.0,131.999,0.0,0.0,20.0,3191.0
No Match,None,unmatched,4779.0,9.9,15.08,118.8,156.9417,,,,0.0,0.0,0.0,0.0,154.999,127.999,0.0,151.999,260.999,0.0,0.0,0.0,0.0,0.0,202.999,0.0,106.999,0.0,0.0,0.0,0.0,0.0,0.0,154.999,0.0,153.999,196.999,0.0,0.0,0.0,0.0,131.999,156.999,0.0,0.0,255.999,0.0,0.0,0.0,0.0,0.0,0.0,0.0,0.0,0.0,26.7,45.0
No Match,None,unmatched,9842.0,1.7,13.45,105.8,160.8406,,,,2353.999,126.999,127.999,1008.999,0.0,0.0,420.999,0.0,0.0,463.999,0.0,0.0,232.999,0.0,0.0,404.999,0.0,0.0,392.999,0.0,0.0,174.999,0.0,0.0,362.999,0.0,0.0,183.999,0.0,0.0,724.999,0.0,0.0,506.999,0.0,0.0,337.999,0.0,0.0,279.999,0.0,0.0,285.999,0.0,0.0,37.8,183.0
No Match,None,unmatched,3921.0,0.6,15.83,124.5,161.9862,,,,833.999,330.999,169.999,0.0,0.0,0.0,0.0,0.0,0.0,0.0,0.0,0.0,339.999,112.999,0.0,0.0,0.0,0.0,0.0,0.0,0.0,0.0,0.0,0.0,0.0,0.0,0.0,0.0,0.0,0.0,300.999,0.0,0.0,0.0,0.0,0.0,126.999,0.0,0.0,524.999,167.999,0.0,0.0,0.0,0.0,20.0,64.0
No Match,None,unmatched,6210.0,3.6,17.09,131.3,231.0491,,,,0.0,0.0,0.0,0.0,0.0,0.0,0.0,0.0,0.0,117.999,0.0,0.0,212.999,0.0,0.0,0.0,0.0,0.0,0.0,122.999,0.0,0.0,0.0,0.0,202.999,0.0,0.0,0.0,0.0,0.0,0.0,0.0,0.0,160.999,0.0,0.0,144.999,0.0,0.0,0.0,0.0,0.0,235.999,0.0,0.0,15.6,26.0
No Match,None,unmatched,7867.0,4.4,19.27,148.0,231.032,,,,0.0,0.0,0.0,322.999,0.0,0.0,0.0,0.0,0.0,0.0,0.0,0.0,260.999,0.0,0.0,0.0,0.0,0.0,0.0,0.0,0.0,0.0,0.0,0.0,113.999,0.0,0.0,0.0,0.0,0.0,134.999,0.0,0.0,405.999,0.0,0.0,502.999,0.0,0.0,156.999,0.0,0.0,0.0,0.0,0.0,15.6,42.0
No Match,None,unmatched,5924.0,0.9,19.39,149.0,230.0122,,,,0.0,0.0,0.0,0.0,0.0,0.0,0.0,0.0,0.0,0.0,0.0,0.0,2471.999,413.999,283.999,0.0,0.0,0.0,0.0,0.0,0.0,0.0,0.0,0.0,159.999,0.0,0.0,0.0,0.0,0.0,0.0,0.0,0.0,0.0,0.0,0.0,0.0,0.0,0.0,0.0,0.0,0.0,22708.999,4877.999,3572.999,15.6,750.0
No Match,None,unmatched,1025.0,2.3,18.89,145.1,230.0107,,,,190.999,0.0,0.0,630.999,0.0,0.0,2506.999,366.999,0.0,428.999,0.0,0.0,0.0,0.0,0.0,2470.999,0.0,0.0,1824.999,428.999,0.0,0.0,0.0,0.0,6069.999,1288.999,282.999,0.0,0.0,0.0,255.999,0.0,0.0,119.999,0.0,0.0,1565.999,0.0,0.0,393.999,0.0,0.0,0.0,0.0,0.0,33.3,410.0
No Match,None,unmatched,2017.0,0.8,19.42,149.2,229.0884,,,,0.0,233.999,0.0,0.0,453.999,0.0,0.0,1376.999,401.999,0.0,221.999,0.0,0.0,582.999,0.0,130.999,186.999,0.0,337.999,256.999,0.0,126.999,405.999,272.999,147.999,0.0,0.0,436.999,409.999,176.999,0.0,0.0,0.0,324.999,349.999,0.0,0.0,354.999,0.0,0.0,261.999,100.999,0.0,384.999,0.0,51.1,174.0
No Match,None,unmatched,6569.0,5.9,19.74,151.7,229.0531,,,,0.0,0.0,0.0,622.999,0.0,0.0,177.999,0.0,0.0,6837.999,1175.999,0.0,1733.999,236.999,0.0,523.999,0.0,0.0,933.999,147.999,0.0,22412.999,4213.999,3243.999,737.999,0.0,0.0,260.999,0.0,0.0,0.0,0.0,0.0,112.999,0.0,0.0,1091.999,0.0,0.0,529.999,0.0,0.0,2679.999,276.999,163.999,44.4,1047.0
No Match,None,unmatched,4421.0,0.7,19.13,147.1,227.9952,,,,465.999,0.0,0.0,279.999,0.0,0.0,646.999,0.0,0.0,176.999,0.0,0.0,0.0,0.0,0.0,226.999,0.0,0.0,0.0,0.0,0.0,0.0,0.0,0.0,313.999,0.0,0.0,0.0,0.0,0.0,247.999,0.0,0.0,0.0,0.0,0.0,0.0,0.0,0.0,0.0,0.0,0.0,0.0,0.0,0.0,15.6,52.0
No Match,None,unmatched,2708.0,5.5,19.47,149.7,227.0379,,,,295.999,0.0,0.0,0.0,0.0,0.0,255.999,0.0,0.0,245.999,0.0,0.0,0.0,0.0,0.0,0.0,0.0,0.0,239.999,0.0,0.0,333.999,0.0,0.0,699.999,0.0,0.0,210.999,0.0,0.0,1864.999,157.999,0.0,0.0,0.0,0.0,230.999,0.0,0.0,0.0,0.0,0.0,732.999,0.0,0.0,24.4,115.0
No Match,None,unmatched,4299.0,5.3,18.84,144.4,238.0762,,,,0.0,0.0,0.0,165.999,0.0,0.0,0.0,0.0,0.0,0.0,0.0,0.0,389.999,0.0,0.0,0.0,0.0,0.0,0.0,136.999,0.0,356.999,113.999,0.0,325.999,0.0,0.0,0.0,0.0,0.0,0.0,0.0,0.0,346.999,0.0,0.0,155.999,0.0,0.0,334.999,0.0,0.0,129.999,0.0,0.0,22.2,54.0
No Match,None,unmatched,6511.0,7.2,19.54,149.8,239.066,,,,0.0,0.0,0.0,125.999,0.0,0.0,0.0,0.0,0.0,126.999,0.0,0.0,0.0,0.0,0.0,227.999,0.0,116.999,0.0,0.0,0.0,150.999,0.0,0.0,0.0,0.0,0.0,0.0,0.0,0.0,127.999,0.0,0.0,0.0,0.0,0.0,0.0,0.0,0.0,135.999,0.0,0.0,0.0,0.0,0.0,15.6,22.0
No Match,None,unmatched,7142.0,6.5,17.56,134.6,239.0843,,,,0.0,0.0,0.0,0.0,0.0,0.0,0.0,0.0,0.0,283.999,0.0,0.0,0.0,103.999,0.0,0.0,0.0,0.0,0.0,148.999,0.0,0.0,0.0,0.0,0.0,408.999,0.0,180.999,0.0,0.0,0.0,0.0,0.0,268.999,388.999,0.0,218.999,0.0,0.0,389.999,0.0,0.0,198.999,0.0,0.0,22.2,57.0
No Match,None,unmatched,15025.0,5.6,17.54,134.4,239.0849,,,,0.0,0.0,0.0,0.0,282.999,0.0,0.0,257.999,0.0,0.0,0.0,0.0,0.0,0.0,0.0,0.0,0.0,0.0,0.0,0.0,0.0,344.999,0.0,0.0,0.0,0.0,0.0,262.999,230.999,201.999,0.0,123.999,0.0,0.0,0.0,0.0,370.999,0.0,0.0,0.0,0.0,0.0,0.0,247.999,0.0,20.0,51.0
No Match,None,unmatched,2342.0,3.1,19.65,150.9,232.9939,,,,1204.999,0.0,111.999,0.0,0.0,0.0,613.999,0.0,0.0,1233.999,224.999,0.0,1176.999,314.999,0.0,0.0,0.0,0.0,250.999,0.0,0.0,214.999,0.0,0.0,474.999,0.0,0.0,0.0,0.0,0.0,339.999,0.0,0.0,107.999,0.0,0.0,0.0,0.0,0.0,0.0,0.0,0.0,199.999,0.0,0.0,28.9,141.0
No Match,None,unmatched,6019.0,12.2,17.8,136.7,232.9561,,,,0.0,0.0,0.0,0.0,103.999,0.0,0.0,111.999,0.0,0.0,121.999,0.0,0.0,0.0,103.999,0.0,0.0,0.0,0.0,0.0,0.0,0.0,104.999,0.0,0.0,178.999,0.0,0.0,118.999,0.0,0.0,0.0,0.0,0.0,0.0,0.0,0.0,0.0,274.999,0.0,0.0,0.0,0.0,0.0,0.0,17.8,25.0
No Match,None,unmatched,5020.0,4.1,16.72,128.4,232.9259,,,,113.999,0.0,0.0,0.0,0.0,0.0,0.0,0.0,0.0,170.999,0.0,0.0,101.999,0.0,0.0,0.0,0.0,0.0,325.999,0.0,0.0,102.999,0.0,0.0,0.0,0.0,0.0,0.0,0.0,0.0,463.999,0.0,0.0,246.999,0.0,0.0,142.999,0.0,0.0,151.999,0.0,0.0,0.0,0.0,0.0,20.0,40.0
No Match,None,unmatched,5298.0,5.3,17.24,132.4,232.076,,,,0.0,0.0,0.0,0.0,0.0,0.0,200.999,0.0,0.0,253.999,0.0,0.0,0.0,0.0,0.0,0.0,0.0,0.0,277.999,0.0,0.0,170.999,0.0,0.0,0.0,0.0,0.0,0.0,0.0,0.0,113.999,0.0,0.0,0.0,0.0,0.0,0.0,0.0,0.0,309.999,0.0,0.0,395.999,0.0,0.0,15.6,38.0
No Match,None,unmatched,48.0,6.4,17.86,136.7,244.9074,,,,21952.999,4816.999,2025.999,19938.999,2448.999,750.999,18223.999,2391.999,959.999,126896.999,22459.999,0.0,27117.999,4957.999,1754.999,90976.999,9062.999,6051.999,50342.999,11903.999,3605.999,40889.999,7678.999,4810.999,30079.999,4981.999,1299.999,29715.999,5609.999,2643.999,26686.999,2788.999,758.999,54918.999,5711.999,2511.999,46415.999,7547.999,2033.999,34505.999,5161.999,1904.999,10822.999,1499.999,769.999,97.8,16533.0
No Match,None,unmatched,15357.0,13.1,17.43,133.5,245.0224,,,,192.999,314.999,310.999,244.999,298.999,338.999,0.0,294.999,281.999,344.999,254.999,0.0,246.999,303.999,276.999,0.0,369.999,351.999,0.0,316.999,0.0,0.0,327.999,292.999,0.0,359.999,374.999,0.0,310.999,280.999,0.0,278.999,305.999,0.0,314.999,300.999,0.0,338.999,341.999,0.0,335.999,0.0,282.999,219.999,322.999,71.1,213.0
No Match,None,unmatched,2176.0,2.6,20.34,155.7,245.048,,,,984.999,149.999,0.0,0.0,0.0,0.0,0.0,0.0,0.0,1069.999,0.0,0.0,1266.999,160.999,0.0,0.0,0.0,0.0,454.999,0.0,0.0,1362.999,202.999,0.0,121.999,0.0,0.0,438.999,0.0,0.0,0.0,0.0,0.0,0.0,0.0,0.0,513.999,0.0,0.0,0.0,0.0,0.0,476.999,0.0,0.0,26.7,157.0
No Match,None,unmatched,2412.0,4.0,20.45,156.5,245.0478,,,,17073.999,3797.999,1407.999,4409.999,520.999,0.0,2908.999,285.999,0.0,1256.999,0.0,0.0,1471.999,232.999,0.0,239.999,0.0,0.0,15455.999,3082.999,683.999,17164.999,2564.999,1209.999,75380.999,11737.999,2552.999,6705.999,990.999,392.999,11048.999,1272.999,310.999,4487.999,330.999,179.999,4872.999,561.999,179.999,16418.999,2038.999,677.999,29601.999,4563.999,2224.999,84.4,5443.0
No Match,None,unmatched,3906.0,5.4,17.58,134.7,245.066,,,,0.0,285.999,106.999,0.0,148.999,0.0,0.0,140.999,0.0,0.0,235.999,0.0,0.0,0.0,129.999,0.0,0.0,0.0,0.0,302.999,0.0,0.0,0.0,0.0,0.0,274.999,120.999,0.0,421.999,165.999,0.0,0.0,0.0,0.0,216.999,0.0,0.0,0.0,0.0,0.0,289.999,0.0,0.0,0.0,0.0,28.9,62.0
No Match,None,unmatched,4329.0,4.3,17.53,134.3,246.0743,,,,255.999,0.0,0.0,0.0,0.0,576.999,0.0,0.0,212.999,0.0,0.0,0.0,213.999,0.0,0.0,0.0,0.0,109.999,155.999,0.0,0.0,0.0,0.0,0.0,171.999,0.0,0.0,0.0,0.0,0.0,0.0,490.999,161.999,0.0,0.0,0.0,0.0,0.0,0.0,0.0,0.0,0.0,0.0,0.0,0.0,20.0,52.0
No Match,None,unmatched,1641.0,8.0,19.05,145.8,247.0419,,,,0.0,0.0,0.0,0.0,104.88900000000001,0.0,0.0,0.0,300.889,0.0,182.889,0.0,0.0,0.0,131.889,0.0,0.0,137.889,0.0,0.0,0.0,0.0,156.889,239.889,0.0,118.88900000000001,0.0,0.0,0.0,218.889,0.0,0.0,0.0,0.0,0.0,221.889,0.0,261.889,132.889,0.0,119.88900000000001,137.889,0.0,0.0,128.889,33.3,57.0
No Match,None,unmatched,4668.0,13.0,19.08,146.0,247.0423,,,,0.0,0.0,0.0,0.0,128.999,0.0,0.0,104.999,103.999,0.0,148.999,0.0,0.0,0.0,110.999,0.0,0.0,0.0,0.0,115.999,0.0,0.0,103.999,0.0,0.0,145.999,0.0,0.0,112.999,0.0,0.0,0.0,0.0,0.0,0.0,103.999,0.0,178.999,171.999,0.0,0.0,0.0,0.0,126.999,0.0,28.9,37.0
No Match,None,unmatched,1032.0,7.0,20.26,154.9,253.0819,,,,1320.999,0.0,0.0,4416.999,457.999,156.999,1832.999,243.999,110.999,621.999,0.0,0.0,208.999,0.0,0.0,1455.999,0.0,0.0,1192.999,198.999,0.0,477.999,0.0,0.0,696.999,0.0,0.0,1195.999,231.999,0.0,510.999,0.0,0.0,426.999,0.0,0.0,265.999,0.0,0.0,2036.999,227.999,131.999,145.999,0.0,0.0,51.1,405.0
No Match,None,unmatched,6280.0,2.6,19.26,147.2,255.0279,,,,0.0,0.0,0.0,120.999,0.0,0.0,131.999,0.0,0.0,198.999,0.0,0.0,0.0,0.0,0.0,301.999,0.0,0.0,0.0,0.0,0.0,0.0,0.0,0.0,0.0,0.0,0.0,0.0,0.0,0.0,194.999,0.0,0.0,175.999,0.0,0.0,0.0,0.0,0.0,141.999,0.0,0.0,0.0,0.0,0.0,15.6,28.0
No Match,None,unmatched,19235.0,4.5,20.08,153.4,257.0111,,,,0.0,0.0,0.0,170.999,0.0,0.0,147.999,0.0,0.0,435.999,0.0,0.0,458.999,0.0,0.0,224.999,0.0,0.0,119.999,0.0,0.0,0.0,0.0,0.0,0.0,0.0,0.0,0.0,0.0,0.0,459.999,0.0,0.0,437.999,0.0,0.0,0.0,0.0,0.0,261.999,0.0,0.0,0.0,0.0,0.0,20.0,60.0
No Match,None,unmatched,2966.0,8.7,18.1,138.1,262.8381,,,,759.999,154.999,0.0,310.999,0.0,0.0,0.0,0.0,0.0,4327.999,336.999,0.0,127.999,0.0,0.0,5555.999,187.999,140.999,412.999,102.999,0.0,158.999,0.0,0.0,131.999,0.0,0.0,145.999,0.0,0.0,1797.999,155.999,0.0,201.999,0.0,0.0,125.999,0.0,0.0,32699.999,4358.999,940.999,172.999,0.0,0.0,48.9,1160.0
No Match,None,unmatched,4128.0,2.1,18.98,145.5,240.9789,,,,1078.999,207.999,0.0,153.999,0.0,0.0,0.0,0.0,0.0,0.0,0.0,0.0,0.0,0.0,0.0,0.0,0.0,0.0,305.999,0.0,0.0,177.999,0.0,0.0,172.999,0.0,0.0,0.0,0.0,0.0,0.0,0.0,0.0,0.0,0.0,0.0,0.0,0.0,0.0,555.999,0.0,0.0,0.0,0.0,0.0,15.6,58.0
No Match,None,unmatched,8768.0,4.3,20.1,154.0,243.0321,,,,119.999,0.0,0.0,0.0,0.0,0.0,261.999,0.0,0.0,0.0,0.0,0.0,259.999,0.0,0.0,0.0,0.0,0.0,6885.999,1683.999,423.999,0.0,0.0,0.0,196.999,0.0,0.0,0.0,0.0,0.0,0.0,0.0,0.0,0.0,0.0,0.0,210.999,0.0,0.0,0.0,0.0,0.0,589.999,0.0,0.0,20.0,232.0
No Match,None,unmatched,12350.0,13.2,17.43,133.5,244.0262,,,,214.999,452.999,0.0,0.0,442.999,297.999,329.999,457.999,395.999,0.0,453.999,0.0,0.0,434.999,366.999,0.0,402.999,526.999,0.0,521.999,301.999,0.0,495.999,476.999,0.0,543.999,0.0,0.0,494.999,487.999,0.0,0.0,0.0,0.0,526.999,472.999,371.999,484.999,385.999,0.0,0.0,311.999,555.999,572.999,485.999,62.2,268.0
No Match,None,unmatched,6728.0,1.0,19.05,146.2,233.0104,,,,0.0,0.0,0.0,0.0,0.0,0.0,0.0,0.0,0.0,150.999,0.0,0.0,2473.999,430.999,0.0,0.0,0.0,0.0,130.999,0.0,0.0,0.0,0.0,0.0,0.0,0.0,0.0,0.0,0.0,0.0,436.999,0.0,0.0,681.999,0.0,0.0,0.0,0.0,0.0,155.999,0.0,0.0,0.0,0.0,0.0,15.6,97.0
No Match,None,unmatched,471.0,6.4,17.5,133.4,264.8897,,,,2032.999,285.999,0.0,1970.999,175.999,0.0,1981.999,236.999,0.0,5537.999,661.999,0.0,1810.999,307.999,0.0,2347.999,204.999,110.999,1498.999,331.999,0.0,2949.999,323.999,235.999,3012.999,377.999,0.0,3824.999,431.999,214.999,2528.999,202.999,0.0,3940.999,215.999,0.0,2130.999,247.999,0.0,2307.999,196.999,133.999,345.999,0.0,0.0,73.3,939.0
No Match,None,unmatched,9581.0,12.9,18.59,141.7,264.0325,,,,0.0,0.0,0.0,0.0,0.0,0.0,0.0,0.0,0.0,0.0,0.0,0.0,0.0,0.0,0.0,0.0,199.999,200.999,0.0,0.0,195.999,0.0,0.0,0.0,0.0,204.999,257.999,0.0,0.0,236.999,0.0,0.0,0.0,0.0,283.999,0.0,237.999,240.999,211.999,182.999,0.0,0.0,161.999,226.999,0.0,28.9,62.0
No Match,None,unmatched,5040.0,1.3,20.71,158.1,263.0717,,,,0.0,0.0,0.0,0.0,0.0,0.0,0.0,580.999,160.999,0.0,0.0,0.0,0.0,248.999,0.0,0.0,0.0,0.0,0.0,0.0,0.0,0.0,0.0,136.999,347.999,0.0,0.0,171.999,0.0,0.0,0.0,0.0,0.0,0.0,0.0,0.0,0.0,0.0,0.0,0.0,0.0,0.0,0.0,165.999,0.0,15.6,40.0
No Match,None,unmatched,11517.0,13.4,18.93,144.5,263.0326,,,,0.0,343.44455555555555,0.0,259.56351548107887,465.94787310073116,531.889,0.0,519.9478731007312,496.889,509.44455555555555,228.889,0.0,0.0,510.889,516.889,650.889,0.0,0.0,0.0,327.7440971099488,0.0,138.74409710994883,304.7440971099488,620.889,0.0,0.0,0.0,0.0,0.0,0.0,0.0,0.0,0.0,535.889,326.7440971099488,543.9478731007312,255.94787310073116,652.889,665.9478731007312,0.0,669.889,0.0,422.44455555555555,566.889,501.44455555555555,55.6,253.0
No Match,None,unmatched,5429.0,14.2,20.18,153.9,266.9968,,,,0.0,0.0,0.0,0.0,189.999,0.0,0.0,146.999,0.0,0.0,168.999,0.0,0.0,0.0,0.0,0.0,0.0,0.0,0.0,110.999,0.0,0.0,182.999,0.0,0.0,158.999,0.0,0.0,0.0,0.0,0.0,0.0,0.0,0.0,111.999,0.0,0.0,194.999,0.0,0.0,118.999,0.0,0.0,102.999,0.0,22.2,33.0
No Match,None,unmatched,5467.0,5.3,18.3,139.5,267.056,,,,0.0,0.0,0.0,105.999,0.0,0.0,0.0,0.0,0.0,0.0,0.0,0.0,0.0,0.0,0.0,0.0,0.0,0.0,254.999,0.0,0.0,233.999,0.0,0.0,278.999,0.0,0.0,265.999,0.0,0.0,0.0,0.0,0.0,149.999,0.0,0.0,0.0,0.0,0.0,166.999,0.0,0.0,0.0,0.0,0.0,15.6,32.0
No Match,None,unmatched,18787.0,0.7,20.83,158.8,267.0714,,,,7744.999,6780.999,3246.999,10618.999,15701.999,6800.999,5054.999,6726.999,2283.999,8748.999,14662.999,0.0,11883.999,14233.999,4987.999,10062.999,0.0,1282.999,0.0,1941.999,246.999,11210.999,10798.999,6328.999,940.999,8701.999,3481.999,16576.999,846.999,301.999,1498.999,13101.999,6256.999,136.999,4278.999,1932.999,708.999,4562.999,1282.999,3540.999,277.999,114.999,2202.999,9614.999,3860.999,93.3,5341.0
No Match,None,unmatched,5898.0,13.6,18.35,140.0,266.008,,,,0.0,0.0,0.0,274.999,0.0,0.0,129.999,115.999,0.0,287.999,178.999,0.0,0.0,0.0,0.0,266.999,0.0,0.0,0.0,0.0,0.0,0.0,0.0,0.0,0.0,119.999,0.0,0.0,0.0,0.0,0.0,0.0,0.0,217.999,0.0,0.0,191.999,110.999,0.0,0.0,0.0,0.0,247.999,138.999,0.0,26.7,50.0
No Match,None,unmatched,2490.0,0.7,20.1,153.3,267.0721,,,,0.0,232.999,0.0,0.0,419.999,215.999,0.0,539.999,291.999,0.0,438.999,0.0,0.0,525.999,330.999,0.0,0.0,0.0,0.0,241.999,0.0,0.0,0.0,220.999,0.0,303.999,0.0,0.0,0.0,0.0,0.0,414.999,226.999,0.0,313.999,153.999,0.0,341.999,160.999,0.0,163.999,0.0,0.0,370.999,0.0,42.2,129.0
No Match,None,unmatched,1867.0,2.6,19.72,150.2,273.0065,,,,0.0,0.0,0.0,0.0,0.0,0.0,0.0,0.0,0.0,1315.999,155.999,0.0,2492.999,354.999,0.0,0.0,0.0,0.0,2653.999,438.999,0.0,0.0,0.0,0.0,0.0,0.0,0.0,0.0,0.0,0.0,1018.999,0.0,0.0,408.999,0.0,0.0,0.0,0.0,0.0,0.0,0.0,0.0,0.0,0.0,0.0,17.8,193.0
No Match,None,unmatched,5049.0,8.0,18.39,139.9,275.8595,,,,0.0,0.0,0.0,0.0,0.0,0.0,0.0,0.0,0.0,482.999,0.0,0.0,0.0,0.0,0.0,0.0,0.0,0.0,0.0,0.0,0.0,146.999,0.0,0.0,0.0,0.0,0.0,508.999,101.999,0.0,215.999,0.0,0.0,303.999,0.0,0.0,0.0,0.0,0.0,0.0,0.0,0.0,104.999,0.0,0.0,15.6,41.0
No Match,None,unmatched,4875.0,3.2,17.13,130.5,273.8475,,,,0.0,0.0,0.0,0.0,0.0,0.0,212.999,0.0,0.0,535.999,0.0,0.0,138.999,0.0,0.0,0.0,0.0,0.0,138.999,0.0,0.0,0.0,0.0,0.0,147.999,0.0,0.0,102.999,0.0,0.0,201.999,0.0,0.0,201.999,0.0,0.0,207.999,0.0,0.0,0.0,0.0,0.0,0.0,0.0,0.0,20.0,42.0
No Match,None,unmatched,1762.0,1.9,20.77,158.1,275.9984,,,,0.0,0.0,0.0,0.0,0.0,0.0,0.0,187.999,0.0,0.0,0.0,0.0,385.999,0.0,0.0,0.0,0.0,0.0,0.0,0.0,0.0,0.0,0.0,0.0,228.999,123.999,0.0,0.0,0.0,0.0,0.0,0.0,0.0,0.0,0.0,0.0,0.0,0.0,0.0,0.0,0.0,0.0,6528.999,1217.999,869.999,15.6,208.0
No Match,None,unmatched,23538.0,12.4,19.81,150.9,276.0524,,,,0.0,145.999,0.0,132.999,114.999,106.999,114.999,128.999,0.0,124.999,165.999,0.0,0.0,109.999,100.999,0.0,135.999,0.0,0.0,132.999,0.0,106.999,0.0,0.0,0.0,0.0,0.0,113.999,106.999,101.999,112.999,109.999,0.0,145.999,0.0,0.0,0.0,129.999,0.0,0.0,119.999,0.0,0.0,0.0,108.999,48.9,59.0
No Match,None,unmatched,5619.0,0.6,20.26,154.2,277.0725,,,,338.999,0.0,0.0,343.999,161.999,0.0,308.999,0.0,0.0,228.999,0.0,0.0,971.999,205.999,0.0,649.999,0.0,0.0,389.999,147.999,0.0,401.999,113.999,0.0,454.999,0.0,0.0,659.999,0.0,0.0,212.999,0.0,0.0,467.999,0.0,0.0,350.999,0.0,0.0,436.999,0.0,0.0,469.999,173.999,0.0,44.4,164.0
No Match,None,unmatched,1100.0,4.9,17.22,131.0,278.9136,,,,644.999,0.0,0.0,378.999,0.0,0.0,593.999,0.0,0.0,1847.999,273.999,0.0,1105.999,0.0,0.0,2024.999,0.0,0.0,2058.999,359.999,0.0,1328.999,181.999,0.0,498.999,0.0,0.0,664.999,102.999,0.0,1561.999,0.0,0.0,1981.999,0.0,0.0,713.999,0.0,0.0,698.999,0.0,0.0,496.999,0.0,0.0,42.2,382.0
No Match,None,unmatched,16546.0,13.6,19.36,147.3,280.0233,,,,0.0,0.0,0.0,241.999,119.999,0.0,0.0,0.0,0.0,179.999,117.999,0.0,0.0,0.0,0.0,145.999,0.0,0.0,0.0,0.0,0.0,109.999,0.0,0.0,0.0,0.0,0.0,0.0,0.0,0.0,0.0,0.0,0.0,165.999,0.0,0.0,188.999,0.0,0.0,0.0,0.0,0.0,152.999,0.0,0.0,20.0,31.0
No Match,None,unmatched,8073.0,13.3,17.1,131.8,220.0246,,,,0.0,0.0,291.999,372.1112222222223,764.999,0.0,423.999,252.999,443.1112222222223,382.999,306.999,0.0,0.0,508.889,712.999,500.999,0.0,298.1112222222223,0.0,665.999,0.0,0.0,0.0,365.889,0.0,256.999,309.999,0.0,400.999,0.0,0.0,676.999,296.999,0.0,604.999,0.0,209.1112222222223,734.999,711.999,0.0,719.999,0.0,730.999,278.1112222222223,0.0,57.8,267.0
No Match,None,unmatched,696.0,5.9,17.05,131.3,220.9391,,,,841.999,0.0,0.0,1422.999,167.999,0.0,1783.999,205.999,0.0,2555.999,367.999,0.0,1330.999,218.999,0.0,1397.999,126.999,0.0,1653.999,293.999,106.999,1969.999,294.999,201.999,2302.999,327.999,0.0,2921.999,401.999,238.999,1218.999,0.0,0.0,2648.999,0.0,0.0,1860.999,234.999,0.0,1517.999,195.999,0.0,525.999,0.0,0.0,64.4,639.0
No Match,None,unmatched,1080.0,6.8,17.05,131.3,221.9537,,,,753.999,0.0,0.0,349.999,0.0,0.0,609.999,0.0,0.0,1346.999,0.0,0.0,1152.999,0.0,0.0,530.999,0.0,0.0,2659.999,0.0,0.0,646.999,0.0,0.0,1556.999,0.0,0.0,2106.999,0.0,0.0,767.999,0.0,0.0,1947.999,0.0,0.0,780.999,0.0,0.0,403.999,0.0,0.0,2335.999,0.0,0.0,33.3,391.0
No Match,None,unmatched,1942.0,2.5,19.8,152.4,222.0797,,,,0.0,266.999,143.999,0.0,499.999,0.0,0.0,370.999,0.0,0.0,368.999,0.0,0.0,1022.999,295.999,0.0,0.0,0.0,0.0,335.999,0.0,0.0,345.999,196.999,0.0,466.999,171.999,0.0,377.999,175.999,0.0,332.999,0.0,0.0,311.999,0.0,0.0,1176.999,288.999,0.0,233.999,0.0,0.0,582.999,305.999,46.7,181.0
No Match,None,unmatched,17452.0,15.2,19.57,150.6,224.0275,,,,0.0,121.999,0.0,0.0,131.999,116.999,0.0,117.999,128.999,0.0,0.0,0.0,0.0,125.999,0.0,0.0,0.0,0.0,0.0,113.999,0.0,0.0,0.0,0.0,0.0,145.999,0.0,0.0,139.999,0.0,0.0,121.999,0.0,0.0,0.0,127.999,0.0,0.0,170.999,0.0,179.999,0.0,0.0,121.999,0.0,31.1,41.0
No Match,None,unmatched,2391.0,3.0,19.53,150.2,226.0173,,,,0.0,0.0,0.0,328.999,0.0,0.0,1520.999,169.999,0.0,0.0,0.0,0.0,0.0,0.0,0.0,403.999,0.0,0.0,659.999,0.0,0.0,0.0,0.0,0.0,2006.999,391.999,0.0,0.0,0.0,0.0,0.0,0.0,0.0,0.0,0.0,0.0,550.999,0.0,0.0,174.999,0.0,0.0,0.0,0.0,0.0,20.0,135.0
No Match,None,unmatched,4563.0,14.2,18.49,142.1,226.9858,,,,0.0,0.0,0.0,0.0,234.999,0.0,0.0,121.999,0.0,0.0,210.999,0.0,0.0,0.0,0.0,0.0,117.999,0.0,0.0,212.999,0.0,0.0,178.999,0.0,0.0,216.999,0.0,0.0,137.999,0.0,0.0,0.0,0.0,0.0,127.999,0.0,0.0,251.999,130.999,0.0,0.0,0.0,0.0,172.999,117.999,28.9,49.0
No Match,None,unmatched,5826.0,6.0,18.18,141.2,191.068,,,,0.0,0.0,0.0,102.999,0.0,0.0,124.999,0.0,0.0,0.0,0.0,0.0,0.0,0.0,0.0,0.0,0.0,0.0,101.999,0.0,0.0,0.0,0.0,0.0,0.0,0.0,0.0,135.999,0.0,0.0,151.999,0.0,0.0,139.999,0.0,0.0,0.0,0.0,0.0,150.999,0.0,0.0,0.0,0.0,0.0,15.6,20.0
No Match,None,unmatched,4935.0,4.6,18.36,142.6,192.0659,,,,0.0,0.0,0.0,115.999,0.0,0.0,0.0,0.0,0.0,277.999,0.0,0.0,0.0,0.0,0.0,370.999,0.0,0.0,255.999,0.0,0.0,0.0,0.0,0.0,263.999,0.0,0.0,0.0,0.0,0.0,460.999,0.0,0.0,0.0,0.0,0.0,193.999,0.0,0.0,0.0,0.0,0.0,0.0,0.0,0.0,15.6,43.0
No Match,None,unmatched,2422.0,0.7,17.62,136.7,195.0518,,,,2743.999,367.999,0.0,4107.999,278.999,0.0,477.999,0.0,0.0,3925.999,505.999,0.0,1525.999,182.999,0.0,1122.999,0.0,0.0,5956.999,1040.999,129.999,890.999,0.0,0.0,731.999,110.999,0.0,0.0,0.0,0.0,3591.999,354.999,0.0,2348.999,177.999,0.0,137.999,0.0,0.0,426.999,0.0,0.0,7042.999,726.999,167.999,55.6,851.0
No Match,None,unmatched,4906.0,2.3,14.74,114.4,195.8095,,,,575.999,0.0,0.0,460.999,0.0,0.0,130.999,0.0,0.0,287.999,0.0,0.0,0.0,0.0,0.0,0.0,0.0,0.0,115.999,0.0,0.0,0.0,0.0,0.0,107.999,0.0,0.0,0.0,0.0,0.0,0.0,0.0,0.0,0.0,0.0,0.0,0.0,0.0,0.0,0.0,0.0,0.0,108.999,0.0,0.0,15.6,39.0
No Match,None,unmatched,22482.0,0.7,17.96,139.3,197.0665,,,,1197.999,334.999,0.0,2656.999,389.999,0.0,778.999,296.999,0.0,870.999,116.999,0.0,973.999,558.999,205.999,557.999,203.999,0.0,1543.999,1003.999,241.999,568.999,0.0,0.0,962.999,334.999,0.0,0.0,0.0,0.0,2738.999,0.0,0.0,1779.999,735.999,366.999,235.999,0.0,0.0,865.999,246.999,0.0,691.999,259.999,0.0,62.2,474.0
No Match,None,unmatched,18944.0,2.1,13.56,106.2,170.8317,,,,210.999,0.0,0.0,121.999,0.0,0.0,126.999,0.0,0.0,0.0,0.0,0.0,103.999,0.0,0.0,117.999,0.0,0.0,210.999,0.0,0.0,110.999,0.0,0.0,0.0,0.0,0.0,0.0,0.0,0.0,183.999,0.0,0.0,157.999,0.0,0.0,0.0,0.0,0.0,130.999,0.0,0.0,0.0,0.0,0.0,22.2,33.0
No Match,None,unmatched,2243.0,0.5,13.56,106.1,170.8326,,,,175.999,0.0,0.0,0.0,0.0,0.0,0.0,0.0,0.0,0.0,0.0,0.0,0.0,0.0,0.0,0.0,0.0,1016.999,0.0,0.0,0.0,0.0,0.0,959.999,0.0,0.0,849.999,0.0,0.0,939.999,0.0,0.0,915.999,0.0,0.0,501.999,0.0,0.0,0.0,0.0,0.0,801.999,0.0,0.0,614.999,20.0,148.0
No Match,None,unmatched,3035.0,2.8,16.67,130.3,172.0394,,,,0.0,0.0,0.0,0.0,0.0,0.0,0.0,151.999,0.0,0.0,0.0,0.0,0.0,182.999,0.0,0.0,242.999,293.999,0.0,229.999,469.999,0.0,160.999,201.999,0.0,248.999,836.999,0.0,345.999,346.999,0.0,179.999,0.0,0.0,0.0,0.0,0.0,173.999,0.0,0.0,0.0,119.999,0.0,0.0,0.0,33.3,92.0
No Match,None,unmatched,5677.0,13.0,20.49,155.3,306.0432,,,,0.0,0.0,0.0,0.0,0.0,0.0,0.0,0.0,0.0,0.0,0.0,0.0,0.0,0.0,0.0,0.0,0.0,0.0,0.0,0.0,136.47464903817553,0.0,0.0,0.0,0.0,146.47464903817553,119.47464903817553,0.0,112.47464903817553,0.0,0.0,154.33344444444447,0.0,0.0,0.0,203.33344444444447,0.0,0.0,126.47464903817553,0.0,0.0,0.0,0.0,0.0,0.0,15.6,22.0
No Match,None,unmatched,7268.0,13.1,20.49,155.3,305.0468,,,,0.0,0.0,254.999,0.0,259.999,0.0,0.0,0.0,260.999,0.0,196.999,0.0,0.0,0.0,223.999,0.0,252.999,0.0,0.0,0.0,0.0,0.0,203.999,0.0,0.0,0.0,0.0,0.0,0.0,0.0,0.0,0.0,0.0,0.0,0.0,261.999,0.0,265.999,0.0,0.0,0.0,0.0,0.0,214.999,0.0,22.2,53.0
No Match,None,unmatched,15887.0,1.6,21.33,161.6,301.05,,,,0.0,0.0,132.999,0.0,0.0,180.999,0.0,0.0,205.999,0.0,0.0,0.0,0.0,0.0,0.0,128.999,104.999,142.999,111.999,146.999,142.999,122.999,103.999,152.999,0.0,0.0,158.999,0.0,0.0,0.0,0.0,0.0,187.999,0.0,105.999,172.999,0.0,0.0,165.999,0.0,0.0,180.999,0.0,137.999,166.999,44.4,65.0
No Match,None,unmatched,5326.0,7.2,21.73,164.8,299.0793,,,,0.0,0.0,0.0,0.0,0.0,0.0,0.0,0.0,0.0,106.999,0.0,0.0,156.999,0.0,0.0,134.999,0.0,0.0,0.0,0.0,0.0,192.999,0.0,0.0,0.0,0.0,0.0,0.0,0.0,0.0,216.999,0.0,0.0,171.999,0.0,0.0,198.999,0.0,0.0,244.999,0.0,0.0,0.0,0.0,0.0,17.8,31.0
No Match,None,unmatched,2508.0,6.5,17.68,134.2,294.8417,,,,168.999,0.0,0.0,107.999,0.0,0.0,137.999,0.0,0.0,0.0,0.0,0.0,199.999,0.0,0.0,2954.999,190.999,115.999,773.999,0.0,0.0,106.999,0.0,0.0,0.0,0.0,0.0,130.999,0.0,0.0,120.999,0.0,0.0,395.999,0.0,0.0,0.0,0.0,0.0,149.999,0.0,0.0,286.999,0.0,0.0,31.1,128.0
No Match,None,unmatched,3620.0,4.1,17.6,133.6,293.839,,,,1520.999,228.999,0.0,0.0,0.0,0.0,0.0,0.0,0.0,0.0,0.0,0.0,0.0,0.0,0.0,182.999,0.0,0.0,0.0,0.0,0.0,342.999,0.0,0.0,125.999,0.0,0.0,649.999,0.0,0.0,0.0,0.0,0.0,121.999,0.0,0.0,164.999,0.0,0.0,0.0,0.0,0.0,0.0,0.0,0.0,17.8,73.0
No Match,None,unmatched,9101.0,10.9,18.79,142.7,290.0283,,,,0.0,0.0,0.0,126.999,0.0,0.0,0.0,0.0,0.0,0.0,0.0,0.0,202.999,0.0,0.0,0.0,0.0,0.0,0.0,0.0,0.0,178.999,0.0,0.0,0.0,0.0,0.0,0.0,0.0,0.0,196.999,0.0,0.0,201.999,0.0,0.0,199.999,210.999,0.0,180.999,0.0,0.0,0.0,159.999,0.0,20.0,37.0
No Match,None,unmatched,4001.0,12.2,20.92,158.8,288.9984,,,,0.0,0.0,0.0,0.0,0.0,0.0,0.0,0.0,435.999,0.0,198.999,0.0,0.0,0.0,0.0,0.0,0.0,0.0,0.0,0.0,0.0,0.0,165.999,0.0,0.0,174.999,119.999,0.0,141.999,117.999,0.0,0.0,0.0,0.0,0.0,211.999,0.0,408.999,389.999,0.0,125.999,0.0,0.0,0.0,0.0,24.4,55.0
No Match,None,unmatched,6267.0,12.7,19.12,145.3,287.0362,,,,0.0,0.0,198.33344444444447,0.0,0.0,0.0,0.0,0.0,0.0,0.0,0.0,0.0,0.0,720.999,0.0,146.11122222222218,166.33344444444447,257.33344444444447,0.0,689.999,0.0,354.2223333333333,0.0,124.492327465588,0.0,531.492327465588,0.0,0.0,590.999,569.999,0.0,0.0,0.0,137.99715666107943,0.0,0.0,164.55566666666664,0.0,0.0,362.55566666666664,0.0,0.0,826.999,0.0,0.0,33.3,128.0
No Match,None,unmatched,4885.0,14.2,20.88,158.6,287.0019,,,,0.0,0.0,0.0,0.0,239.999,0.0,0.0,153.999,0.0,0.0,219.999,0.0,0.0,0.0,0.0,0.0,118.999,0.0,0.0,0.0,0.0,0.0,194.999,0.0,0.0,186.999,0.0,0.0,102.999,0.0,0.0,0.0,0.0,0.0,102.999,0.0,0.0,240.999,129.999,0.0,143.999,0.0,0.0,143.999,0.0,26.7,44.0
No Match,None,unmatched,6567.0,13.1,19.12,145.3,286.0394,,,,0.0,0.0,121.55566666666667,0.0,339.999,0.0,0.0,337.999,352.999,0.0,302.999,0.0,0.0,380.999,347.999,347.999,351.999,106.22233333333332,0.0,373.999,358.999,0.0,351.999,281.999,0.0,366.999,185.55566666666667,0.0,329.999,0.0,0.0,437.999,379.999,370.999,102.22233333333332,321.999,0.0,326.999,165.55566666666667,0.0,350.999,293.999,348.999,130.55566666666667,0.0,62.2,185.0
No Match,None,unmatched,16521.0,10.9,19.14,145.6,286.0392,,,,0.0,0.0,0.0,0.0,0.0,0.0,0.0,0.0,0.0,0.0,0.0,0.0,228.999,0.0,0.0,0.0,0.0,0.0,236.999,344.999,0.0,271.999,0.0,0.0,0.0,0.0,0.0,0.0,0.0,0.0,350.999,0.0,0.0,341.999,0.0,0.0,0.0,0.0,0.0,308.999,0.0,0.0,166.999,0.0,0.0,17.8,49.0
No Match,None,unmatched,2264.0,13.2,20.9,158.9,283.0683,,,,438.999,0.0,0.0,1061.999,0.0,0.0,483.999,0.0,0.0,897.999,0.0,0.0,267.999,0.0,0.0,410.999,0.0,0.0,416.999,0.0,0.0,262.999,0.0,0.0,198.999,0.0,0.0,347.999,0.0,0.0,0.0,0.0,0.0,243.999,0.0,0.0,431.999,0.0,0.0,866.999,0.0,0.0,511.999,0.0,0.0,31.1,149.0
No Match,None,unmatched,2186.0,3.4,21.32,162.2,283.0274,,,,390.999,0.0,0.0,217.999,0.0,0.0,0.0,0.0,0.0,1345.999,0.0,0.0,1421.999,190.999,0.0,251.999,0.0,0.0,1119.999,0.0,0.0,0.0,0.0,0.0,0.0,0.0,0.0,0.0,0.0,0.0,1162.999,0.0,0.0,1052.999,0.0,0.0,0.0,0.0,0.0,0.0,0.0,0.0,0.0,0.0,0.0,20.0,156.0
No Match,None,unmatched,17176.0,14.4,20.89,158.8,282.9934,,,,0.0,380.999,0.0,0.0,1208.999,254.999,0.0,880.999,435.999,0.0,1146.999,0.0,0.0,459.999,0.0,0.0,485.999,689.999,0.0,309.999,139.999,0.0,445.999,249.999,0.0,283.999,0.0,0.0,456.999,361.999,0.0,246.999,0.0,0.0,354.999,177.999,0.0,570.999,187.999,0.0,609.999,253.999,0.0,349.999,249.999,55.6,245.0
No Match,None,unmatched,4319.0,0.6,21.88,165.6,316.082,,,,213.999,0.0,0.0,402.999,0.0,0.0,0.0,0.0,0.0,184.999,0.0,0.0,203.999,0.0,0.0,211.999,0.0,0.0,137.999,0.0,0.0,224.999,0.0,0.0,129.999,0.0,0.0,132.999,0.0,0.0,0.0,0.0,0.0,0.0,0.0,0.0,0.0,0.0,0.0,250.999,0.0,0.0,162.999,0.0,0.0,24.4,50.0
No Match,None,unmatched,20942.0,13.4,21.57,162.5,354.0226,,,,0.0,0.0,0.0,269.999,177.999,0.0,116.999,0.0,0.0,220.44455555555555,107.999,0.0,0.0,0.0,0.0,272.999,0.0,0.0,0.0,0.0,0.0,186.999,0.0,0.0,0.0,0.0,0.0,0.0,0.0,0.0,115.999,0.0,0.0,195.999,0.0,0.0,164.999,0.0,0.0,0.0,0.0,0.0,244.999,0.0,0.0,24.4,46.0
No Match,None,unmatched,0.0,5.7,23.5,177.0,352.0856,,,,9407.999,0.0,0.0,8345.999,0.0,0.0,1561.999,0.0,0.0,688.999,0.0,0.0,1641.999,0.0,0.0,1743.999,0.0,0.0,10513.999,0.0,0.0,6161.999,114.999,0.0,11218.999,144.999,0.0,866.999,0.0,0.0,0.0,0.0,0.0,1180.999,0.0,0.0,5224.999,0.0,0.0,1015.999,0.0,0.0,12310.999,0.0,0.0,35.6,1569.0
No Match,None,unmatched,4610.0,8.2,19.85,149.6,351.8261,,,,0.0,0.0,0.0,650.999,107.999,0.0,163.999,0.0,0.0,170.999,0.0,0.0,0.0,0.0,0.0,0.0,0.0,0.0,202.999,0.0,0.0,338.999,0.0,0.0,0.0,0.0,0.0,0.0,0.0,0.0,0.0,0.0,0.0,0.0,0.0,0.0,325.999,0.0,0.0,0.0,0.0,0.0,0.0,0.0,0.0,15.6,43.0
No Match,None,unmatched,2620.0,11.6,21.8,164.3,350.9679,,,,0.0,861.999,0.0,0.0,573.999,0.0,0.0,888.999,0.0,0.0,0.0,0.0,0.0,386.999,0.0,0.0,624.999,0.0,0.0,0.0,0.0,0.0,0.0,0.0,0.0,137.999,0.0,0.0,469.999,0.0,0.0,0.0,0.0,0.0,0.0,0.0,0.0,1296.999,0.0,0.0,103.999,0.0,0.0,0.0,0.0,20.0,117.0
No Match,None,unmatched,2248.0,3.6,21.33,161.1,330.0451,,,,0.0,183.999,283.999,0.0,0.0,248.999,0.0,0.0,319.999,0.0,267.999,0.0,0.0,233.999,0.0,0.0,0.0,0.0,0.0,256.999,206.999,0.0,318.999,209.999,0.0,333.999,271.999,0.0,329.999,311.999,0.0,248.999,230.999,0.0,236.999,377.999,0.0,415.999,378.999,0.0,319.999,339.999,0.0,289.999,287.999,53.3,151.0
No Match,None,unmatched,641.0,9.2,22.94,172.6,366.899,,,,0.0,0.0,0.0,1308.999,0.0,0.0,5968.999,830.999,315.999,0.0,0.0,0.0,0.0,0.0,0.0,398.999,0.0,0.0,281.999,0.0,0.0,17333.999,3149.999,1999.999,0.0,0.0,0.0,0.0,0.0,0.0,448.999,0.0,0.0,132.999,0.0,0.0,0.0,0.0,0.0,0.0,0.0,0.0,0.0,0.0,0.0,24.4,700.0
No Match,None,unmatched,20825.0,14.8,23.53,177.2,357.0131,,,,0.0,388.999,0.0,0.0,1146.999,573.999,0.0,893.999,1146.999,0.0,1080.999,0.0,0.0,580.999,435.999,0.0,749.999,1238.999,0.0,263.999,179.999,0.0,464.999,562.999,0.0,413.999,0.0,0.0,497.999,663.999,0.0,254.999,0.0,0.0,310.999,0.0,0.0,710.999,398.999,0.0,553.999,375.999,0.0,434.999,612.999,55.6,326.0
No Match,None,unmatched,4063.0,12.3,23.53,177.2,357.0126,,,,0.0,604.889,223.999,0.0,1113.889,180.999,0.0,884.889,430.889,0.0,1140.889,0.0,0.0,646.889,169.88899999999998,0.0,556.889,301.889,0.0,749.889,131.88899999999998,0.0,1029.889,262.889,0.0,888.889,272.889,0.0,921.889,448.889,0.0,522.889,189.999,0.0,680.889,353.889,0.0,1142.889,245.88899999999998,0.0,1091.889,321.889,0.0,515.889,190.999,64.4,354.0
No Match,None,unmatched,15730.0,15.3,23.42,175.9,379.0496,,,,0.0,0.0,0.0,0.0,221.999,0.0,0.0,155.999,0.0,0.0,231.999,0.0,0.0,136.999,0.0,0.0,0.0,0.0,0.0,227.999,0.0,0.0,243.999,0.0,0.0,353.999,0.0,0.0,149.999,105.999,0.0,140.999,0.0,0.0,230.999,126.999,0.0,336.999,248.999,0.0,214.999,0.0,0.0,200.999,0.0,35.6,73.0
No Match,None,unmatched,14800.0,3.3,23.52,177.1,368.0792,,,,688.999,0.0,0.0,246.999,0.0,0.0,0.0,0.0,0.0,0.0,0.0,0.0,0.0,0.0,0.0,0.0,0.0,0.0,269.999,0.0,0.0,148.999,0.0,0.0,155.999,0.0,0.0,0.0,0.0,0.0,0.0,0.0,0.0,0.0,0.0,0.0,165.999,0.0,0.0,0.0,0.0,0.0,476.999,0.0,0.0,15.6,47.0
No Match,None,unmatched,5235.0,14.2,22.54,169.9,347.0204,,,,0.0,0.0,0.0,0.0,291.999,0.0,0.0,0.0,0.0,0.0,296.999,0.0,0.0,0.0,0.0,0.0,0.0,0.0,0.0,180.999,0.0,0.0,278.999,0.0,0.0,209.999,0.0,0.0,0.0,0.0,0.0,0.0,0.0,0.0,0.0,0.0,0.0,277.999,0.0,0.0,0.0,0.0,0.0,213.999,0.0,15.6,38.0
No Match,None,unmatched,14411.0,3.8,22.46,169.8,321.0831,,,,0.0,0.0,0.0,0.0,0.0,0.0,184.999,0.0,0.0,181.999,0.0,0.0,0.0,0.0,0.0,198.999,0.0,0.0,0.0,0.0,0.0,0.0,0.0,0.0,123.999,0.0,0.0,201.999,0.0,0.0,0.0,0.0,0.0,260.999,0.0,0.0,0.0,0.0,0.0,235.999,0.0,0.0,0.0,0.0,0.0,15.6,31.0
No Match,None,unmatched,295.0,6.8,17.91,135.7,308.8387,,,,1416.999,326.999,0.0,1437.999,206.999,0.0,5418.999,0.0,151.999,12182.999,822.999,0.0,1441.999,248.999,0.0,7765.999,215.999,0.0,5758.999,528.999,172.999,7784.999,586.999,345.999,5735.999,360.999,0.0,6194.999,438.999,0.0,2301.999,225.999,0.0,9097.999,381.999,0.0,2155.999,332.999,0.0,1485.999,224.999,0.0,340.999,0.0,0.0,68.9,1656.0
No Match,None,unmatched,4000.0,14.2,20.98,159.0,307.0083,,,,0.0,128.999,0.0,0.0,334.999,0.0,0.0,167.999,133.999,0.0,258.999,0.0,0.0,0.0,0.0,0.0,135.999,0.0,0.0,216.999,0.0,0.0,225.999,0.0,0.0,230.999,0.0,0.0,0.0,0.0,0.0,0.0,0.0,0.0,159.999,0.0,0.0,333.999,202.999,0.0,0.0,0.0,0.0,187.999,0.0,28.9,60.0
No Match,None,unmatched,4031.0,6.7,19.49,147.6,308.9733,,,,170.999,0.0,0.0,0.0,0.0,0.0,192.999,0.0,0.0,177.999,0.0,0.0,187.999,0.0,0.0,233.999,0.0,0.0,209.999,0.0,0.0,279.999,0.0,0.0,172.999,0.0,0.0,180.999,0.0,0.0,153.999,0.0,0.0,200.999,0.0,0.0,0.0,0.0,0.0,215.999,0.0,0.0,182.999,0.0,0.0,28.9,56.0
No Match,None,unmatched,5749.0,12.2,20.99,159.0,307.0079,,,,0.0,0.0,0.0,0.0,0.0,0.0,0.0,0.0,264.999,0.0,117.999,0.0,0.0,0.0,0.0,0.0,0.0,0.0,0.0,106.999,0.0,0.0,0.0,0.0,0.0,0.0,0.0,0.0,107.999,0.0,0.0,0.0,0.0,0.0,0.0,0.0,0.0,249.999,273.999,0.0,0.0,0.0,0.0,109.999,0.0,15.6,27.0
No Match,None,unmatched,1311.0,9.9,24.56,183.7,442.0593,,,,0.0,247.88899999999998,348.889,0.0,354.889,312.889,0.0,250.88899999999998,741.889,0.0,385.889,0.0,0.0,253.88899999999998,473.889,0.0,168.88899999999998,219.88899999999998,0.0,266.889,301.889,0.0,354.889,428.889,0.0,289.889,331.889,0.0,329.889,570.889,0.0,235.88899999999998,389.889,0.0,302.889,809.889,0.0,485.889,647.889,0.0,372.889,622.889,0.0,368.889,454.889,64.4,248.0
No Match,None,unmatched,5794.0,9.9,24.57,183.7,441.0619,,,,0.0,0.0,0.0,0.0,0.0,0.0,0.0,0.0,207.999,0.0,151.999,0.0,0.0,0.0,0.0,0.0,0.0,0.0,0.0,0.0,0.0,0.0,0.0,0.0,0.0,0.0,0.0,0.0,0.0,0.0,0.0,0.0,128.999,0.0,0.0,161.999,0.0,114.999,135.999,0.0,134.999,0.0,0.0,0.0,135.999,17.8,26.0
No Match,None,unmatched,118.0,2.4,24.28,182.2,397.0031,,,,9282.999,7734.999,6711.999,10552.999,7011.999,3412.999,11413.999,1809.999,636.999,9867.999,7379.999,0.0,11529.999,1403.999,398.999,12869.999,2002.999,1069.999,12135.999,6245.999,1761.999,5992.999,434.999,209.999,12814.999,8350.999,4391.999,9331.999,670.999,255.999,11757.999,1252.999,242.999,12254.999,1216.999,586.999,12184.999,3102.999,575.999,12081.999,2568.999,913.999,11445.999,7436.999,4840.999,97.8,5440.0
No Match,None,unmatched,2093.0,10.9,22.79,170.7,414.9478,,,,0.0,0.0,0.0,0.0,0.0,0.0,0.0,0.0,0.0,2664.999,526.999,0.0,0.0,0.0,0.0,1794.999,258.999,148.999,0.0,0.0,0.0,0.0,0.0,0.0,0.0,0.0,0.0,0.0,0.0,0.0,0.0,0.0,0.0,1757.999,263.999,172.999,0.0,0.0,0.0,0.0,0.0,0.0,0.0,0.0,0.0,17.8,165.0
No Match,None,unmatched,22822.0,14.3,23.73,178.2,381.0277,,,,0.0,0.0,0.0,0.0,123.999,0.0,0.0,0.0,133.999,0.0,117.999,0.0,0.0,0.0,0.0,0.0,0.0,117.999,0.0,0.0,0.0,0.0,111.999,0.0,0.0,132.999,0.0,0.0,0.0,0.0,0.0,0.0,0.0,0.0,0.0,103.999,0.0,111.999,124.999,0.0,142.999,0.0,0.0,0.0,0.0,22.2,27.0
No Match,None,unmatched,9406.0,13.6,22.48,169.2,368.0375,,,,0.0,0.0,0.0,222.999,0.0,0.0,0.0,0.0,0.0,197.999,126.999,0.0,0.0,0.0,0.0,223.999,0.0,0.0,0.0,0.0,0.0,109.999,0.0,0.0,0.0,0.0,0.0,0.0,0.0,0.0,0.0,0.0,0.0,137.999,0.0,0.0,147.999,0.0,0.0,0.0,0.0,0.0,181.999,0.0,0.0,17.8,30.0
No Match,None,unmatched,1460.0,11.6,21.86,163.2,466.9567,,,,0.0,1660.999,0.0,0.0,1069.999,0.0,0.0,1874.999,0.0,0.0,0.0,0.0,0.0,785.999,108.999,0.0,1237.999,0.0,0.0,142.999,0.0,0.0,141.999,0.0,0.0,203.999,0.0,0.0,977.999,110.999,0.0,127.999,0.0,0.0,186.999,0.0,0.0,2618.999,178.999,0.0,175.999,0.0,0.0,0.0,0.0,35.6,253.0
No Match,None,unmatched,3717.0,12.7,26.22,195.9,455.0467,,,,0.0,0.0,171.999,0.0,190.999,0.0,0.0,0.0,191.999,0.0,208.999,0.0,0.0,125.999,0.0,0.0,0.0,0.0,0.0,115.999,0.0,0.0,126.999,121.999,0.0,123.999,0.0,0.0,179.999,172.999,0.0,0.0,130.999,0.0,150.999,205.999,0.0,200.999,203.999,0.0,143.999,0.0,0.0,115.999,128.999,42.2,66.0
No Match,None,unmatched,2018.0,9.9,25.87,192.9,487.0641,,,,0.0,0.0,295.999,0.0,218.999,261.999,0.0,217.999,583.999,0.0,269.999,0.0,0.0,182.999,250.999,0.0,166.999,187.999,0.0,244.999,213.999,0.0,320.999,324.999,0.0,0.0,239.999,0.0,218.999,439.999,0.0,163.999,310.999,0.0,270.999,504.999,0.0,380.999,433.999,0.0,260.999,423.999,0.0,218.999,319.999,60.0,174.0
No Match,None,unmatched,2167.0,9.9,25.88,192.9,486.0675,,,,0.0,160.999,249.999,0.0,248.999,233.999,0.0,0.0,465.999,0.0,271.999,0.0,0.0,191.999,297.999,0.0,199.999,178.999,0.0,231.999,193.999,0.0,199.999,260.999,0.0,221.999,263.999,0.0,249.999,338.999,0.0,120.999,305.999,0.0,215.999,495.999,0.0,322.999,437.999,0.0,0.0,428.999,0.0,210.999,269.999,60.0,159.0
No Match,None,unmatched,7238.0,11.5,22.84,170.0,507.9666,,,,0.0,0.0,0.0,0.0,0.0,0.0,0.0,0.0,0.0,0.0,0.0,0.0,0.0,0.0,0.0,158.999,0.0,0.0,123.999,0.0,0.0,0.0,0.0,0.0,113.999,0.0,0.0,133.999,0.0,0.0,101.999,0.0,0.0,134.999,0.0,0.0,110.999,0.0,0.0,0.0,0.0,0.0,0.0,0.0,0.0,15.6,19.0
No Match,None,unmatched,664.0,4.0,27.15,202.1,513.0873,,,,1522.999,0.0,0.0,0.0,0.0,0.0,0.0,0.0,0.0,0.0,0.0,0.0,0.0,0.0,0.0,0.0,0.0,0.0,1078.999,0.0,0.0,1322.999,0.0,0.0,21867.999,544.999,0.0,118.999,0.0,0.0,403.999,0.0,0.0,0.0,0.0,0.0,0.0,0.0,0.0,1038.999,0.0,0.0,2885.999,0.0,0.0,20.0,670.0
No Match,None,unmatched,3790.0,9.9,27.24,202.6,530.075,,,,0.0,0.0,0.0,0.0,0.0,0.0,0.0,0.0,218.999,0.0,0.0,0.0,0.0,0.0,167.999,0.0,0.0,0.0,0.0,130.999,0.0,0.0,124.999,205.999,0.0,0.0,143.999,0.0,0.0,230.999,0.0,0.0,175.999,0.0,121.999,243.999,0.0,156.999,247.999,0.0,0.0,248.999,0.0,129.999,185.999,33.3,60.0
No Match,None,unmatched,4058.0,9.9,27.22,202.5,531.0716,,,,0.0,0.0,161.999,0.0,0.0,131.999,0.0,0.0,252.999,0.0,157.999,0.0,0.0,0.0,0.0,0.0,0.0,0.0,0.0,139.999,127.999,0.0,129.999,175.999,0.0,0.0,126.999,0.0,0.0,177.999,0.0,0.0,0.0,0.0,0.0,250.999,0.0,137.999,245.999,0.0,0.0,232.999,0.0,0.0,193.999,33.3,58.0
No Match,None,unmatched,2190.0,3.2,26.74,198.9,541.0077,,,,2394.999,181.999,134.999,0.0,0.0,0.0,229.999,0.0,0.0,0.0,0.0,0.0,0.0,0.0,0.0,213.999,0.0,0.0,797.999,0.0,0.0,2740.999,235.999,206.999,0.0,0.0,0.0,0.0,0.0,0.0,0.0,0.0,0.0,0.0,0.0,0.0,0.0,0.0,0.0,0.0,0.0,0.0,0.0,0.0,0.0,20.0,156.0
No Match,None,unmatched,1385.0,11.0,23.78,177.6,450.9248,,,,151.999,0.0,0.0,0.0,0.0,0.0,0.0,0.0,0.0,4454.999,927.999,0.0,0.0,0.0,0.0,3126.999,351.999,263.999,0.0,0.0,0.0,0.0,0.0,0.0,0.0,0.0,0.0,0.0,0.0,0.0,177.999,0.0,0.0,2973.999,341.999,243.999,0.0,0.0,0.0,0.0,0.0,0.0,0.0,0.0,0.0,22.2,283.0
No Match,None,unmatched,1319.0,3.5,27.58,205.0,555.0241,,,,5354.999,713.999,378.999,0.0,0.0,0.0,188.999,0.0,0.0,984.999,108.999,0.0,0.0,0.0,0.0,0.0,0.0,0.0,3958.999,438.999,0.0,1155.999,103.999,0.0,0.0,0.0,0.0,0.0,0.0,0.0,253.999,0.0,0.0,236.999,0.0,0.0,0.0,0.0,0.0,0.0,0.0,0.0,0.0,0.0,0.0,26.7,302.0
No Match,None,unmatched,3639.0,12.2,28.75,213.2,598.0814,,,,0.0,0.0,0.0,0.0,118.33344444444444,0.0,0.0,0.0,439.33344444444447,0.0,0.0,0.0,0.0,0.0,0.0,0.0,0.0,0.0,0.0,0.0,0.0,0.0,110.33344444444444,0.0,0.0,148.33344444444444,0.0,0.0,0.0,0.0,0.0,0.0,0.0,0.0,0.0,124.33344444444444,0.0,376.33344444444447,287.33344444444447,0.0,0.0,0.0,0.0,0.0,0.0,15.6,35.0
No Match,None,unmatched,2074.0,12.2,28.73,213.1,599.0787,,,,0.0,0.0,0.0,0.0,153.3334444444444,0.0,0.0,111.33344444444441,801.3334444444445,0.0,152.3334444444444,0.0,0.0,0.0,0.0,0.0,0.0,0.0,0.0,0.0,0.0,0.0,124.33344444444441,0.0,0.0,197.3334444444444,0.0,0.0,0.0,0.0,0.0,0.0,0.0,0.0,193.3334444444444,230.3334444444444,0.0,547.3334444444445,484.3334444444444,0.0,0.0,0.0,0.0,112.33344444444441,0.0,24.4,68.0
