PIMMS_m/z,RT_PIMMS,CCS_PIMMS,DT_PIMMS,PIMMS_Intensity,Compound,Match_ID,Classification Type,Sample,RT,DT,CCS,Peak_mz,Peak_intensity,SourceFile
244.9074,6.4,136.7,17.86,90976.999,39,No Match,unmatched,125 1777 - Serum.d.DeMP,6.39,17.8568286895752,136.739929199219,244.90859,90977.0,125 1777 - Serum.d.DeMP.cef
244.9074,6.4,136.7,17.86,90976.999,39,No Match,unmatched,125 1777 - Serum.d.DeMP,6.39,17.8568286895752,136.739929199219,245.91114,8429.0,125 1777 - Serum.d.DeMP.cef
244.9074,6.4,136.7,17.86,90976.999,39,No Match,unmatched,125 1777 - Serum.d.DeMP,6.39,17.8568286895752,136.739929199219,246.90548,90927.0,125 1777 - Serum.d.DeMP.cef
244.9074,6.4,136.7,17.86,90976.999,39,No Match,unmatched,125 1777 - Serum.d.DeMP,6.39,17.8568286895752,136.739929199219,247.90816,7965.0,125 1777 - Serum.d.DeMP.cef
244.9074,6.4,136.7,17.86,90976.999,39,No Match,unmatched,125 1777 - Serum.d.DeMP,6.39,17.8568286895752,136.739929199219,248.90245,27232.0,125 1777 - Serum.d.DeMP.cef
244.9074,6.4,136.7,17.86,90976.999,39,No Match,unmatched,125 1777 - Serum.d.DeMP,6.39,17.8568286895752,136.739929199219,249.90464,2237.0,125 1777 - Serum.d.DeMP.cef
244.9074,6.4,136.7,17.86,90976.999,39,No Match,unmatched,125 1777 - Serum.d.DeMP,6.39,17.8568286895752,136.739929199219,250.89908,2845.0,125 1777 - Serum.d.DeMP.cef
244.9074,6.4,136.7,17.86,90976.999,39,No Match,unmatched,125 1777 - Serum.d.DeMP,6.39,17.8568286895752,136.739929199219,251.90133,181.0,125 1777 - Serum.d.DeMP.cef
244.9074,6.4,136.7,17.86,11903.999,39,No Match,unmatched,129 1821 - Mitra.d.DeMP,6.39,17.8568286895752,136.739929199219,244.90784,11904.0,129 1821 - Mitra.d.DeMP.cef
244.9074,6.4,136.7,17.86,11903.999,39,No Match,unmatched,129 1821 - Mitra.d.DeMP,6.39,17.8568286895752,136.739929199219,245.9099,863.0,129 1821 - Mitra.d.DeMP.cef
244.9074,6.4,136.7,17.86,11903.999,39,No Match,unmatched,129 1821 - Mitra.d.DeMP,6.39,17.8568286895752,136.739929199219,246.90505,10964.0,129 1821 - Mitra.d.DeMP.cef
244.9074,6.4,136.7,17.86,11903.999,39,No Match,unmatched,129 1821 - Mitra.d.DeMP,6.39,17.8568286895752,136.739929199219,247.90733,757.0,129 1821 - Mitra.d.DeMP.cef
244.9074,6.4,136.7,17.86,11903.999,39,No Match,unmatched,129 1821 - Mitra.d.DeMP,6.39,17.8568286895752,136.739929199219,248.90129,3192.0,129 1821 - Mitra.d.DeMP.cef
244.9074,6.4,136.7,17.86,11903.999,39,No Match,unmatched,129 1821 - Mitra.d.DeMP,6.39,17.8568286895752,136.739929199219,249.9035,221.0,129 1821 - Mitra.d.DeMP.cef
244.9074,6.4,136.7,17.86,11903.999,39,No Match,unmatched,129 1821 - Mitra.d.DeMP,6.39,17.8568286895752,136.739929199219,250.89716,288.0,129 1821 - Mitra.d.DeMP.cef
244.9074,6.4,136.7,17.86,3605.999,38,No Match,unmatched,130 1821 - DBS.d.DeMP,6.39,17.8568286895752,136.739929199219,244.90713,3606.0,130 1821 - DBS.d.DeMP.cef
244.9074,6.4,136.7,17.86,3605.999,38,No Match,unmatched,130 1821 - DBS.d.DeMP,6.39,17.8568286895752,136.739929199219,245.90928,195.0,130 1821 - DBS.d.DeMP.cef
244.9074,6.4,136.7,17.86,3605.999,38,No Match,unmatched,130 1821 - DBS.d.DeMP,6.39,17.8568286895752,136.739929199219,246.90404,3232.0,130 1821 - DBS.d.DeMP.cef
244.9074,6.4,136.7,17.86,3605.999,38,No Match,unmatched,130 1821 - DBS.d.DeMP,6.39,17.8568286895752,136.739929199219,247.90582,227.0,130 1821 - DBS.d.DeMP.cef
244.9074,6.4,136.7,17.86,3605.999,38,No Match,unmatched,130 1821 - DBS.d.DeMP,6.39,17.8568286895752,136.739929199219,248.9011,862.0,130 1821 - DBS.d.DeMP.cef
244.9074,6.4,136.7,17.86,40889.999,40,No Match,unmatched,131 1673 - Serum.d.DeMP,6.39,17.8568286895752,136.739929199219,244.90812,40890.0,131 1673 - Serum.d.DeMP.cef
244.9074,6.4,136.7,17.86,40889.999,40,No Match,unmatched,131 1673 - Serum.d.DeMP,6.39,17.8568286895752,136.739929199219,245.91052,3173.0,131 1673 - Serum.d.DeMP.cef
244.9074,6.4,136.7,17.86,40889.999,40,No Match,unmatched,131 1673 - Serum.d.DeMP,6.39,17.8568286895752,136.739929199219,246.90519,40466.0,131 1673 - Serum.d.DeMP.cef
244.9074,6.4,136.7,17.86,40889.999,40,No Match,unmatched,131 1673 - Serum.d.DeMP,6.39,17.8568286895752,136.739929199219,247.90737,3253.0,131 1673 - Serum.d.DeMP.cef
244.9074,6.4,136.7,17.86,40889.999,40,No Match,unmatched,131 1673 - Serum.d.DeMP,6.39,17.8568286895752,136.739929199219,248.90201,11633.0,131 1673 - Serum.d.DeMP.cef
244.9074,6.4,136.7,17.86,40889.999,40,No Match,unmatched,131 1673 - Serum.d.DeMP,6.39,17.8568286895752,136.739929199219,249.90419,842.0,131 1673 - Serum.d.DeMP.cef
244.9074,6.4,136.7,17.86,40889.999,40,No Match,unmatched,131 1673 - Serum.d.DeMP,6.39,17.8568286895752,136.739929199219,250.89842,965.0,131 1673 - Serum.d.DeMP.cef
244.9074,6.4,136.7,17.86,7678.999,42,No Match,unmatched,132 1673 - Mitra.d.DeMP,6.39,17.8568286895752,136.739929199219,244.90767,7679.0,132 1673 - Mitra.d.DeMP.cef
244.9074,6.4,136.7,17.86,7678.999,42,No Match,unmatched,132 1673 - Mitra.d.DeMP,6.39,17.8568286895752,136.739929199219,245.91028,546.0,132 1673 - Mitra.d.DeMP.cef
244.9074,6.4,136.7,17.86,7678.999,42,No Match,unmatched,132 1673 - Mitra.d.DeMP,6.39,17.8568286895752,136.739929199219,246.90485,7383.0,132 1673 - Mitra.d.DeMP.cef
244.9074,6.4,136.7,17.86,7678.999,42,No Match,unmatched,132 1673 - Mitra.d.DeMP,6.39,17.8568286895752,136.739929199219,247.90666,468.0,132 1673 - Mitra.d.DeMP.cef
244.9074,6.4,136.7,17.86,7678.999,42,No Match,unmatched,132 1673 - Mitra.d.DeMP,6.39,17.8568286895752,136.739929199219,248.90116,2100.0,132 1673 - Mitra.d.DeMP.cef
244.9074,6.4,136.7,17.86,7678.999,42,No Match,unmatched,132 1673 - Mitra.d.DeMP,6.39,17.8568286895752,136.739929199219,249.90432,162.0,132 1673 - Mitra.d.DeMP.cef
244.9074,6.4,136.7,17.86,7678.999,42,No Match,unmatched,132 1673 - Mitra.d.DeMP,6.39,17.8568286895752,136.739929199219,250.89814,172.0,132 1673 - Mitra.d.DeMP.cef
244.9074,6.4,136.7,17.86,4810.999,40,No Match,unmatched,133 1673 - DBS.d.DeMP,6.39,17.8568286895752,136.739929199219,244.90737,4811.0,133 1673 - DBS.d.DeMP.cef
244.9074,6.4,136.7,17.86,4810.999,40,No Match,unmatched,133 1673 - DBS.d.DeMP,6.39,17.8568286895752,136.739929199219,245.90984,312.0,133 1673 - DBS.d.DeMP.cef
244.9074,6.4,136.7,17.86,4810.999,40,No Match,unmatched,133 1673 - DBS.d.DeMP,6.39,17.8568286895752,136.739929199219,246.90451,4622.0,133 1673 - DBS.d.DeMP.cef
244.9074,6.4,136.7,17.86,4810.999,40,No Match,unmatched,133 1673 - DBS.d.DeMP,6.39,17.8568286895752,136.739929199219,247.90669,347.0,133 1673 - DBS.d.DeMP.cef
244.9074,6.4,136.7,17.86,4810.999,40,No Match,unmatched,133 1673 - DBS.d.DeMP,6.39,17.8568286895752,136.739929199219,248.90123,1231.0,133 1673 - DBS.d.DeMP.cef
244.9074,6.4,136.7,17.86,4810.999,40,No Match,unmatched,133 1673 - DBS.d.DeMP,6.39,17.8568286895752,136.739929199219,249.90464,85.0,133 1673 - DBS.d.DeMP.cef
244.9074,6.4,136.7,17.86,4810.999,40,No Match,unmatched,133 1673 - DBS.d.DeMP,6.39,17.8568286895752,136.739929199219,250.89845,98.0,133 1673 - DBS.d.DeMP.cef
244.9074,6.4,136.7,17.86,30079.999,39,No Match,unmatched,134 1894 - Serum.d.DeMP,6.39,17.8568286895752,136.739929199219,244.90804,30080.0,134 1894 - Serum.d.DeMP.cef
244.9074,6.4,136.7,17.86,30079.999,39,No Match,unmatched,134 1894 - Serum.d.DeMP,6.39,17.8568286895752,136.739929199219,245.91031,2175.0,134 1894 - Serum.d.DeMP.cef
244.9074,6.4,136.7,17.86,30079.999,39,No Match,unmatched,134 1894 - Serum.d.DeMP,6.39,17.8568286895752,136.739929199219,246.90523,29068.0,134 1894 - Serum.d.DeMP.cef
244.9074,6.4,136.7,17.86,30079.999,39,No Match,unmatched,134 1894 - Serum.d.DeMP,6.39,17.8568286895752,136.739929199219,247.90732,2205.0,134 1894 - Serum.d.DeMP.cef
244.9074,6.4,136.7,17.86,30079.999,39,No Match,unmatched,134 1894 - Serum.d.DeMP,6.39,17.8568286895752,136.739929199219,248.90197,8511.0,134 1894 - Serum.d.DeMP.cef
244.9074,6.4,136.7,17.86,30079.999,39,No Match,unmatched,134 1894 - Serum.d.DeMP,6.39,17.8568286895752,136.739929199219,249.90386,572.0,134 1894 - Serum.d.DeMP.cef
244.9074,6.4,136.7,17.86,30079.999,39,No Match,unmatched,134 1894 - Serum.d.DeMP,6.39,17.8568286895752,136.739929199219,250.89813,663.0,134 1894 - Serum.d.DeMP.cef
244.9074,6.4,136.7,17.86,29715.999,42,No Match,unmatched,137 3330 - Serum.d.DeMP,6.39,17.8568286895752,136.739929199219,244.90822,29716.0,137 3330 - Serum.d.DeMP.cef
244.9074,6.4,136.7,17.86,29715.999,42,No Match,unmatched,137 3330 - Serum.d.DeMP,6.39,17.8568286895752,136.739929199219,245.91044,2350.0,137 3330 - Serum.d.DeMP.cef
244.9074,6.4,136.7,17.86,29715.999,42,No Match,unmatched,137 3330 - Serum.d.DeMP,6.39,17.8568286895752,136.739929199219,246.90538,29287.0,137 3330 - Serum.d.DeMP.cef
244.9074,6.4,136.7,17.86,29715.999,42,No Match,unmatched,137 3330 - Serum.d.DeMP,6.39,17.8568286895752,136.739929199219,247.90772,2332.0,137 3330 - Serum.d.DeMP.cef
244.9074,6.4,136.7,17.86,29715.999,42,No Match,unmatched,137 3330 - Serum.d.DeMP,6.39,17.8568286895752,136.739929199219,248.90214,8255.0,137 3330 - Serum.d.DeMP.cef
244.9074,6.4,136.7,17.86,29715.999,42,No Match,unmatched,137 3330 - Serum.d.DeMP,6.39,17.8568286895752,136.739929199219,249.90463,589.0,137 3330 - Serum.d.DeMP.cef
244.9074,6.4,136.7,17.86,29715.999,42,No Match,unmatched,137 3330 - Serum.d.DeMP,6.39,17.8568286895752,136.739929199219,250.89864,711.0,137 3330 - Serum.d.DeMP.cef
244.9074,6.4,136.7,17.86,2643.999,40,No Match,unmatched,139 3330 - DBS.d.DeMP,6.39,17.8568286895752,136.739929199219,244.9076,2644.0,139 3330 - DBS.d.DeMP.cef
244.9074,6.4,136.7,17.86,2643.999,40,No Match,unmatched,139 3330 - DBS.d.DeMP,6.39,17.8568286895752,136.739929199219,245.91041,186.0,139 3330 - DBS.d.DeMP.cef
244.9074,6.4,136.7,17.86,2643.999,40,No Match,unmatched,139 3330 - DBS.d.DeMP,6.39,17.8568286895752,136.739929199219,246.9046,2547.0,139 3330 - DBS.d.DeMP.cef
244.9074,6.4,136.7,17.86,2643.999,40,No Match,unmatched,139 3330 - DBS.d.DeMP,6.39,17.8568286895752,136.739929199219,247.90703,233.0,139 3330 - DBS.d.DeMP.cef
244.9074,6.4,136.7,17.86,2643.999,40,No Match,unmatched,139 3330 - DBS.d.DeMP,6.39,17.8568286895752,136.739929199219,248.90142,654.0,139 3330 - DBS.d.DeMP.cef
244.9074,6.4,136.7,17.86,2643.999,40,No Match,unmatched,139 3330 - DBS.d.DeMP,6.39,17.8568286895752,136.739929199219,249.90322,56.0,139 3330 - DBS.d.DeMP.cef
244.9074,6.4,136.7,17.86,21952.999,34,No Match,unmatched,35 2286 - Serum.d.DeMP,6.39,17.8568286895752,136.739929199219,244.90798,21953.0,35 2286 - Serum.d.DeMP.cef
244.9074,6.4,136.7,17.86,21952.999,34,No Match,unmatched,35 2286 - Serum.d.DeMP,6.39,17.8568286895752,136.739929199219,245.90992,1525.0,35 2286 - Serum.d.DeMP.cef
244.9074,6.4,136.7,17.86,21952.999,34,No Match,unmatched,35 2286 - Serum.d.DeMP,6.39,17.8568286895752,136.739929199219,246.90506,20872.0,35 2286 - Serum.d.DeMP.cef
244.9074,6.4,136.7,17.86,21952.999,34,No Match,unmatched,35 2286 - Serum.d.DeMP,6.39,17.8568286895752,136.739929199219,247.90729,1540.0,35 2286 - Serum.d.DeMP.cef
244.9074,6.4,136.7,17.86,21952.999,34,No Match,unmatched,35 2286 - Serum.d.DeMP,6.39,17.8568286895752,136.739929199219,248.90177,6580.0,35 2286 - Serum.d.DeMP.cef
244.9074,6.4,136.7,17.86,21952.999,34,No Match,unmatched,35 2286 - Serum.d.DeMP,6.39,17.8568286895752,136.739929199219,249.90384,484.0,35 2286 - Serum.d.DeMP.cef
244.9074,6.4,136.7,17.86,21952.999,34,No Match,unmatched,35 2286 - Serum.d.DeMP,6.39,17.8568286895752,136.739929199219,250.8984,562.0,35 2286 - Serum.d.DeMP.cef
244.9074,6.4,136.7,17.86,4816.999,38,No Match,unmatched,36 2286 - Mitra.d.DeMP,6.39,17.8568286895752,136.739929199219,244.90749,4817.0,36 2286 - Mitra.d.DeMP.cef
244.9074,6.4,136.7,17.86,4816.999,38,No Match,unmatched,36 2286 - Mitra.d.DeMP,6.39,17.8568286895752,136.739929199219,245.91054,336.0,36 2286 - Mitra.d.DeMP.cef
244.9074,6.4,136.7,17.86,4816.999,38,No Match,unmatched,36 2286 - Mitra.d.DeMP,6.39,17.8568286895752,136.739929199219,246.9046,4497.0,36 2286 - Mitra.d.DeMP.cef
244.9074,6.4,136.7,17.86,4816.999,38,No Match,unmatched,36 2286 - Mitra.d.DeMP,6.39,17.8568286895752,136.739929199219,247.90666,295.0,36 2286 - Mitra.d.DeMP.cef
244.9074,6.4,136.7,17.86,4816.999,38,No Match,unmatched,36 2286 - Mitra.d.DeMP,6.39,17.8568286895752,136.739929199219,248.90123,1245.0,36 2286 - Mitra.d.DeMP.cef
244.9074,6.4,136.7,17.86,19938.999,40,No Match,unmatched,38 2182 - Serum.d.DeMP,6.39,17.8568286895752,136.739929199219,244.90795,19939.0,38 2182 - Serum.d.DeMP.cef
244.9074,6.4,136.7,17.86,19938.999,40,No Match,unmatched,38 2182 - Serum.d.DeMP,6.39,17.8568286895752,136.739929199219,245.90995,1324.0,38 2182 - Serum.d.DeMP.cef
244.9074,6.4,136.7,17.86,19938.999,40,No Match,unmatched,38 2182 - Serum.d.DeMP,6.39,17.8568286895752,136.739929199219,246.90518,18528.0,38 2182 - Serum.d.DeMP.cef
244.9074,6.4,136.7,17.86,19938.999,40,No Match,unmatched,38 2182 - Serum.d.DeMP,6.39,17.8568286895752,136.739929199219,247.90693,1299.0,38 2182 - Serum.d.DeMP.cef
244.9074,6.4,136.7,17.86,19938.999,40,No Match,unmatched,38 2182 - Serum.d.DeMP,6.39,17.8568286895752,136.739929199219,248.90167,5751.0,38 2182 - Serum.d.DeMP.cef
244.9074,6.4,136.7,17.86,19938.999,40,No Match,unmatched,38 2182 - Serum.d.DeMP,6.39,17.8568286895752,136.739929199219,249.90356,365.0,38 2182 - Serum.d.DeMP.cef
244.9074,6.4,136.7,17.86,19938.999,40,No Match,unmatched,38 2182 - Serum.d.DeMP,6.39,17.8568286895752,136.739929199219,250.89786,511.0,38 2182 - Serum.d.DeMP.cef
244.9074,6.4,136.7,17.86,2448.999,37,No Match,unmatched,39 2182 - Mitra.d.DeMP,6.39,17.8568286895752,136.739929199219,244.90709,2449.0,39 2182 - Mitra.d.DeMP.cef
244.9074,6.4,136.7,17.86,2448.999,37,No Match,unmatched,39 2182 - Mitra.d.DeMP,6.39,17.8568286895752,136.739929199219,245.90937,164.0,39 2182 - Mitra.d.DeMP.cef
244.9074,6.4,136.7,17.86,2448.999,37,No Match,unmatched,39 2182 - Mitra.d.DeMP,6.39,17.8568286895752,136.739929199219,246.90414,2441.0,39 2182 - Mitra.d.DeMP.cef
244.9074,6.4,136.7,17.86,2448.999,37,No Match,unmatched,39 2182 - Mitra.d.DeMP,6.39,17.8568286895752,136.739929199219,247.90616,210.0,39 2182 - Mitra.d.DeMP.cef
244.9074,6.4,136.7,17.86,2448.999,37,No Match,unmatched,39 2182 - Mitra.d.DeMP,6.39,17.8568286895752,136.739929199219,248.90132,649.0,39 2182 - Mitra.d.DeMP.cef
244.9074,6.4,136.7,17.86,18223.999,40,No Match,unmatched,41 2187 - Serum.d.DeMP,6.39,17.8568286895752,136.739929199219,244.90799,18224.0,41 2187 - Serum.d.DeMP.cef
244.9074,6.4,136.7,17.86,18223.999,40,No Match,unmatched,41 2187 - Serum.d.DeMP,6.39,17.8568286895752,136.739929199219,245.90988,1280.0,41 2187 - Serum.d.DeMP.cef
244.9074,6.4,136.7,17.86,18223.999,40,No Match,unmatched,41 2187 - Serum.d.DeMP,6.39,17.8568286895752,136.739929199219,246.90503,17476.0,41 2187 - Serum.d.DeMP.cef
244.9074,6.4,136.7,17.86,18223.999,40,No Match,unmatched,41 2187 - Serum.d.DeMP,6.39,17.8568286895752,136.739929199219,247.90722,1192.0,41 2187 - Serum.d.DeMP.cef
244.9074,6.4,136.7,17.86,18223.999,40,No Match,unmatched,41 2187 - Serum.d.DeMP,6.39,17.8568286895752,136.739929199219,248.90157,5539.0,41 2187 - Serum.d.DeMP.cef
244.9074,6.4,136.7,17.86,18223.999,40,No Match,unmatched,41 2187 - Serum.d.DeMP,6.39,17.8568286895752,136.739929199219,249.90362,432.0,41 2187 - Serum.d.DeMP.cef
244.9074,6.4,136.7,17.86,18223.999,40,No Match,unmatched,41 2187 - Serum.d.DeMP,6.39,17.8568286895752,136.739929199219,250.89798,421.0,41 2187 - Serum.d.DeMP.cef
244.9074,6.4,136.7,17.86,2391.999,37,No Match,unmatched,42 2187 - Mitra.d.DeMP,6.39,17.8568286895752,136.739929199219,244.90702,2392.0,42 2187 - Mitra.d.DeMP.cef
244.9074,6.4,136.7,17.86,2391.999,37,No Match,unmatched,42 2187 - Mitra.d.DeMP,6.39,17.8568286895752,136.739929199219,245.90939,159.0,42 2187 - Mitra.d.DeMP.cef
244.9074,6.4,136.7,17.86,2391.999,37,No Match,unmatched,42 2187 - Mitra.d.DeMP,6.39,17.8568286895752,136.739929199219,246.90372,2202.0,42 2187 - Mitra.d.DeMP.cef
244.9074,6.4,136.7,17.86,2391.999,37,No Match,unmatched,42 2187 - Mitra.d.DeMP,6.39,17.8568286895752,136.739929199219,247.90635,178.0,42 2187 - Mitra.d.DeMP.cef
244.9074,6.4,136.7,17.86,2391.999,37,No Match,unmatched,42 2187 - Mitra.d.DeMP,6.39,17.8568286895752,136.739929199219,248.90079,757.0,42 2187 - Mitra.d.DeMP.cef
244.9074,6.4,136.7,17.86,959.999,37,No Match,unmatched,43 2187 - DBS.d.DeMP,6.39,17.8568286895752,136.739929199219,244.90687,960.0,43 2187 - DBS.d.DeMP.cef
244.9074,6.4,136.7,17.86,959.999,37,No Match,unmatched,43 2187 - DBS.d.DeMP,6.39,17.8568286895752,136.739929199219,245.90983,102.0,43 2187 - DBS.d.DeMP.cef
244.9074,6.4,136.7,17.86,959.999,37,No Match,unmatched,43 2187 - DBS.d.DeMP,6.39,17.8568286895752,136.739929199219,246.90384,886.0,43 2187 - DBS.d.DeMP.cef
244.9074,6.4,136.7,17.86,126896.999,44,No Match,unmatched,44 2854 - Serum.d.DeMP,6.39,17.8568286895752,136.739929199219,244.90791,126897.0,44 2854 - Serum.d.DeMP.cef
244.9074,6.4,136.7,17.86,126896.999,44,No Match,unmatched,44 2854 - Serum.d.DeMP,6.39,17.8568286895752,136.739929199219,245.91063,10232.0,44 2854 - Serum.d.DeMP.cef
244.9074,6.4,136.7,17.86,126896.999,44,No Match,unmatched,44 2854 - Serum.d.DeMP,6.39,17.8568286895752,136.739929199219,246.90495,123477.0,44 2854 - Serum.d.DeMP.cef
244.9074,6.4,136.7,17.86,126896.999,44,No Match,unmatched,44 2854 - Serum.d.DeMP,6.39,17.8568286895752,136.739929199219,247.90787,10034.0,44 2854 - Serum.d.DeMP.cef
244.9074,6.4,136.7,17.86,126896.999,44,No Match,unmatched,44 2854 - Serum.d.DeMP,6.39,17.8568286895752,136.739929199219,248.90191,38500.0,44 2854 - Serum.d.DeMP.cef
244.9074,6.4,136.7,17.86,126896.999,44,No Match,unmatched,44 2854 - Serum.d.DeMP,6.39,17.8568286895752,136.739929199219,249.90431,3212.0,44 2854 - Serum.d.DeMP.cef
244.9074,6.4,136.7,17.86,126896.999,44,No Match,unmatched,44 2854 - Serum.d.DeMP,6.39,17.8568286895752,136.739929199219,250.8986,3848.0,44 2854 - Serum.d.DeMP.cef
244.9074,6.4,136.7,17.86,126896.999,44,No Match,unmatched,44 2854 - Serum.d.DeMP,6.39,17.8568286895752,136.739929199219,251.90063,275.0,44 2854 - Serum.d.DeMP.cef
244.9074,6.4,136.7,17.86,22459.999,37,No Match,unmatched,45 2854 - Mitra.d.DeMP,6.39,17.8568286895752,136.739929199219,244.90784,22460.0,45 2854 - Mitra.d.DeMP.cef
244.9074,6.4,136.7,17.86,22459.999,37,No Match,unmatched,45 2854 - Mitra.d.DeMP,6.39,17.8568286895752,136.739929199219,245.90999,1521.0,45 2854 - Mitra.d.DeMP.cef
244.9074,6.4,136.7,17.86,22459.999,37,No Match,unmatched,45 2854 - Mitra.d.DeMP,6.39,17.8568286895752,136.739929199219,246.90503,21589.0,45 2854 - Mitra.d.DeMP.cef
244.9074,6.4,136.7,17.86,22459.999,37,No Match,unmatched,45 2854 - Mitra.d.DeMP,6.39,17.8568286895752,136.739929199219,247.9071,1424.0,45 2854 - Mitra.d.DeMP.cef
244.9074,6.4,136.7,17.86,22459.999,37,No Match,unmatched,45 2854 - Mitra.d.DeMP,6.39,17.8568286895752,136.739929199219,248.90172,6831.0,45 2854 - Mitra.d.DeMP.cef
244.9074,6.4,136.7,17.86,22459.999,37,No Match,unmatched,45 2854 - Mitra.d.DeMP,6.39,17.8568286895752,136.739929199219,249.90402,512.0,45 2854 - Mitra.d.DeMP.cef
244.9074,6.4,136.7,17.86,22459.999,37,No Match,unmatched,45 2854 - Mitra.d.DeMP,6.39,17.8568286895752,136.739929199219,250.89792,502.0,45 2854 - Mitra.d.DeMP.cef
244.9074,6.4,136.7,17.86,27117.999,38,No Match,unmatched,47 2911 - Serum.d.DeMP,6.39,17.8568286895752,136.739929199219,244.90793,27118.0,47 2911 - Serum.d.DeMP.cef
244.9074,6.4,136.7,17.86,27117.999,38,No Match,unmatched,47 2911 - Serum.d.DeMP,6.39,17.8568286895752,136.739929199219,245.91025,1917.0,47 2911 - Serum.d.DeMP.cef
244.9074,6.4,136.7,17.86,27117.999,38,No Match,unmatched,47 2911 - Serum.d.DeMP,6.39,17.8568286895752,136.739929199219,246.90503,25812.0,47 2911 - Serum.d.DeMP.cef
244.9074,6.4,136.7,17.86,27117.999,38,No Match,unmatched,47 2911 - Serum.d.DeMP,6.39,17.8568286895752,136.739929199219,247.90759,1939.0,47 2911 - Serum.d.DeMP.cef
244.9074,6.4,136.7,17.86,27117.999,38,No Match,unmatched,47 2911 - Serum.d.DeMP,6.39,17.8568286895752,136.739929199219,248.90166,8055.0,47 2911 - Serum.d.DeMP.cef
244.9074,6.4,136.7,17.86,27117.999,38,No Match,unmatched,47 2911 - Serum.d.DeMP,6.39,17.8568286895752,136.739929199219,249.90375,577.0,47 2911 - Serum.d.DeMP.cef
244.9074,6.4,136.7,17.86,27117.999,38,No Match,unmatched,47 2911 - Serum.d.DeMP,6.39,17.8568286895752,136.739929199219,250.89815,555.0,47 2911 - Serum.d.DeMP.cef
244.9074,6.4,136.7,17.86,4957.999,37,No Match,unmatched,48 2911 - Mitra.d.DeMP,6.39,17.8568286895752,136.739929199219,244.90746,4958.0,48 2911 - Mitra.d.DeMP.cef
244.9074,6.4,136.7,17.86,4957.999,37,No Match,unmatched,48 2911 - Mitra.d.DeMP,6.39,17.8568286895752,136.739929199219,245.91024,272.0,48 2911 - Mitra.d.DeMP.cef
244.9074,6.4,136.7,17.86,4957.999,37,No Match,unmatched,48 2911 - Mitra.d.DeMP,6.39,17.8568286895752,136.739929199219,246.90432,4622.0,48 2911 - Mitra.d.DeMP.cef
244.9074,6.4,136.7,17.86,4957.999,37,No Match,unmatched,48 2911 - Mitra.d.DeMP,6.39,17.8568286895752,136.739929199219,247.90661,308.0,48 2911 - Mitra.d.DeMP.cef
244.9074,6.4,136.7,17.86,4957.999,37,No Match,unmatched,48 2911 - Mitra.d.DeMP,6.39,17.8568286895752,136.739929199219,248.90116,1309.0,48 2911 - Mitra.d.DeMP.cef
244.9074,6.4,136.7,17.86,1754.999,39,No Match,unmatched,49 2911 - DBS.d.DeMP,6.39,17.8568286895752,136.739929199219,244.90712,1755.0,49 2911 - DBS.d.DeMP.cef
244.9074,6.4,136.7,17.86,1754.999,39,No Match,unmatched,49 2911 - DBS.d.DeMP,6.39,17.8568286895752,136.739929199219,245.90892,136.0,49 2911 - DBS.d.DeMP.cef
244.9074,6.4,136.7,17.86,1754.999,39,No Match,unmatched,49 2911 - DBS.d.DeMP,6.39,17.8568286895752,136.739929199219,246.90379,1639.0,49 2911 - DBS.d.DeMP.cef
244.9074,6.4,136.7,17.86,1754.999,39,No Match,unmatched,49 2911 - DBS.d.DeMP,6.39,17.8568286895752,136.739929199219,247.90646,139.0,49 2911 - DBS.d.DeMP.cef
244.9074,6.4,136.7,17.86,1754.999,39,No Match,unmatched,49 2911 - DBS.d.DeMP,6.39,17.8568286895752,136.739929199219,248.90094,482.0,49 2911 - DBS.d.DeMP.cef
244.9074,6.4,136.7,17.86,26686.999,39,No Match,unmatched,80 2003 - Serum.d.DeMP,6.39,17.8568286895752,136.739929199219,244.9073,26687.0,80 2003 - Serum.d.DeMP.cef
244.9074,6.4,136.7,17.86,26686.999,39,No Match,unmatched,80 2003 - Serum.d.DeMP,6.39,17.8568286895752,136.739929199219,245.90967,1964.0,80 2003 - Serum.d.DeMP.cef
244.9074,6.4,136.7,17.86,26686.999,39,No Match,unmatched,80 2003 - Serum.d.DeMP,6.39,17.8568286895752,136.739929199219,246.90442,26041.0,80 2003 - Serum.d.DeMP.cef
244.9074,6.4,136.7,17.86,26686.999,39,No Match,unmatched,80 2003 - Serum.d.DeMP,6.39,17.8568286895752,136.739929199219,247.90653,1914.0,80 2003 - Serum.d.DeMP.cef
244.9074,6.4,136.7,17.86,26686.999,39,No Match,unmatched,80 2003 - Serum.d.DeMP,6.39,17.8568286895752,136.739929199219,248.90117,7741.0,80 2003 - Serum.d.DeMP.cef
244.9074,6.4,136.7,17.86,26686.999,39,No Match,unmatched,80 2003 - Serum.d.DeMP,6.39,17.8568286895752,136.739929199219,249.9034,556.0,80 2003 - Serum.d.DeMP.cef
244.9074,6.4,136.7,17.86,26686.999,39,No Match,unmatched,80 2003 - Serum.d.DeMP,6.39,17.8568286895752,136.739929199219,250.89786,612.0,80 2003 - Serum.d.DeMP.cef
244.9074,6.4,136.7,17.86,2788.999,34,No Match,unmatched,81 2003 - Mitra.d.DeMP,6.39,17.8568286895752,136.739929199219,244.90652,2789.0,81 2003 - Mitra.d.DeMP.cef
244.9074,6.4,136.7,17.86,2788.999,34,No Match,unmatched,81 2003 - Mitra.d.DeMP,6.39,17.8568286895752,136.739929199219,245.90891,176.0,81 2003 - Mitra.d.DeMP.cef
244.9074,6.4,136.7,17.86,2788.999,34,No Match,unmatched,81 2003 - Mitra.d.DeMP,6.39,17.8568286895752,136.739929199219,246.90384,2736.0,81 2003 - Mitra.d.DeMP.cef
244.9074,6.4,136.7,17.86,2788.999,34,No Match,unmatched,81 2003 - Mitra.d.DeMP,6.39,17.8568286895752,136.739929199219,247.90651,192.0,81 2003 - Mitra.d.DeMP.cef
244.9074,6.4,136.7,17.86,2788.999,34,No Match,unmatched,81 2003 - Mitra.d.DeMP,6.39,17.8568286895752,136.739929199219,248.90036,704.0,81 2003 - Mitra.d.DeMP.cef
244.9074,6.4,136.7,17.86,54918.999,36,No Match,unmatched,83 2095 - Serum.d.DeMP,6.39,17.8568286895752,136.739929199219,244.90757,54919.0,83 2095 - Serum.d.DeMP.cef
244.9074,6.4,136.7,17.86,54918.999,36,No Match,unmatched,83 2095 - Serum.d.DeMP,6.39,17.8568286895752,136.739929199219,245.9101,4542.0,83 2095 - Serum.d.DeMP.cef
244.9074,6.4,136.7,17.86,54918.999,36,No Match,unmatched,83 2095 - Serum.d.DeMP,6.39,17.8568286895752,136.739929199219,246.90474,52777.0,83 2095 - Serum.d.DeMP.cef
244.9074,6.4,136.7,17.86,54918.999,36,No Match,unmatched,83 2095 - Serum.d.DeMP,6.39,17.8568286895752,136.739929199219,247.90704,4419.0,83 2095 - Serum.d.DeMP.cef
244.9074,6.4,136.7,17.86,54918.999,36,No Match,unmatched,83 2095 - Serum.d.DeMP,6.39,17.8568286895752,136.739929199219,248.90154,16527.0,83 2095 - Serum.d.DeMP.cef
244.9074,6.4,136.7,17.86,54918.999,36,No Match,unmatched,83 2095 - Serum.d.DeMP,6.39,17.8568286895752,136.739929199219,249.90371,1154.0,83 2095 - Serum.d.DeMP.cef
244.9074,6.4,136.7,17.86,54918.999,36,No Match,unmatched,83 2095 - Serum.d.DeMP,6.39,17.8568286895752,136.739929199219,250.89761,1492.0,83 2095 - Serum.d.DeMP.cef
244.9074,6.4,136.7,17.86,54918.999,36,No Match,unmatched,83 2095 - Serum.d.DeMP,6.39,17.8568286895752,136.739929199219,251.90024,117.0,83 2095 - Serum.d.DeMP.cef
244.9074,6.4,136.7,17.86,5711.999,39,No Match,unmatched,84 2095 - Mitra.d.DeMP,6.39,17.8568286895752,136.739929199219,244.90701,5712.0,84 2095 - Mitra.d.DeMP.cef
244.9074,6.4,136.7,17.86,5711.999,39,No Match,unmatched,84 2095 - Mitra.d.DeMP,6.39,17.8568286895752,136.739929199219,245.90952,361.0,84 2095 - Mitra.d.DeMP.cef
244.9074,6.4,136.7,17.86,5711.999,39,No Match,unmatched,84 2095 - Mitra.d.DeMP,6.39,17.8568286895752,136.739929199219,246.90395,5284.0,84 2095 - Mitra.d.DeMP.cef
244.9074,6.4,136.7,17.86,5711.999,39,No Match,unmatched,84 2095 - Mitra.d.DeMP,6.39,17.8568286895752,136.739929199219,247.90643,379.0,84 2095 - Mitra.d.DeMP.cef
244.9074,6.4,136.7,17.86,5711.999,39,No Match,unmatched,84 2095 - Mitra.d.DeMP,6.39,17.8568286895752,136.739929199219,248.90055,1370.0,84 2095 - Mitra.d.DeMP.cef
244.9074,6.4,136.7,17.86,5711.999,39,No Match,unmatched,84 2095 - Mitra.d.DeMP,6.39,17.8568286895752,136.739929199219,249.90311,111.0,84 2095 - Mitra.d.DeMP.cef
244.9074,6.4,136.7,17.86,5711.999,39,No Match,unmatched,84 2095 - Mitra.d.DeMP,6.39,17.8568286895752,136.739929199219,250.89741,129.0,84 2095 - Mitra.d.DeMP.cef
244.9074,6.4,136.7,17.86,2511.999,40,No Match,unmatched,85 2095 - DBS.d.DeMP,6.39,17.8568286895752,136.739929199219,244.90658,2512.0,85 2095 - DBS.d.DeMP.cef
244.9074,6.4,136.7,17.86,2511.999,40,No Match,unmatched,85 2095 - DBS.d.DeMP,6.39,17.8568286895752,136.739929199219,245.90873,160.0,85 2095 - DBS.d.DeMP.cef
244.9074,6.4,136.7,17.86,2511.999,40,No Match,unmatched,85 2095 - DBS.d.DeMP,6.39,17.8568286895752,136.739929199219,246.90369,2509.0,85 2095 - DBS.d.DeMP.cef
244.9074,6.4,136.7,17.86,46415.999,39,No Match,unmatched,86 2046 - Serum.d.DeMP,6.39,17.8568286895752,136.739929199219,244.90773,46416.0,86 2046 - Serum.d.DeMP.cef
244.9074,6.4,136.7,17.86,46415.999,39,No Match,unmatched,86 2046 - Serum.d.DeMP,6.39,17.8568286895752,136.739929199219,245.91012,3734.0,86 2046 - Serum.d.DeMP.cef
244.9074,6.4,136.7,17.86,46415.999,39,No Match,unmatched,86 2046 - Serum.d.DeMP,6.39,17.8568286895752,136.739929199219,246.9048,45415.0,86 2046 - Serum.d.DeMP.cef
244.9074,6.4,136.7,17.86,46415.999,39,No Match,unmatched,86 2046 - Serum.d.DeMP,6.39,17.8568286895752,136.739929199219,247.90727,3684.0,86 2046 - Serum.d.DeMP.cef
244.9074,6.4,136.7,17.86,46415.999,39,No Match,unmatched,86 2046 - Serum.d.DeMP,6.39,17.8568286895752,136.739929199219,248.90185,13287.0,86 2046 - Serum.d.DeMP.cef
244.9074,6.4,136.7,17.86,46415.999,39,No Match,unmatched,86 2046 - Serum.d.DeMP,6.39,17.8568286895752,136.739929199219,249.90402,993.0,86 2046 - Serum.d.DeMP.cef
244.9074,6.4,136.7,17.86,46415.999,39,No Match,unmatched,86 2046 - Serum.d.DeMP,6.39,17.8568286895752,136.739929199219,250.8982,1095.0,86 2046 - Serum.d.DeMP.cef
244.9074,6.4,136.7,17.86,46415.999,39,No Match,unmatched,86 2046 - Serum.d.DeMP,6.39,17.8568286895752,136.739929199219,251.89903,87.0,86 2046 - Serum.d.DeMP.cef
244.9074,6.4,136.7,17.86,34505.999,39,No Match,unmatched,89 2889 - Serum.d.DeMP,6.39,17.8568286895752,136.739929199219,244.90748,34506.0,89 2889 - Serum.d.DeMP.cef
244.9074,6.4,136.7,17.86,34505.999,39,No Match,unmatched,89 2889 - Serum.d.DeMP,6.39,17.8568286895752,136.739929199219,245.90976,2612.0,89 2889 - Serum.d.DeMP.cef
244.9074,6.4,136.7,17.86,34505.999,39,No Match,unmatched,89 2889 - Serum.d.DeMP,6.39,17.8568286895752,136.739929199219,246.90464,32985.0,89 2889 - Serum.d.DeMP.cef
244.9074,6.4,136.7,17.86,34505.999,39,No Match,unmatched,89 2889 - Serum.d.DeMP,6.39,17.8568286895752,136.739929199219,247.90701,2568.0,89 2889 - Serum.d.DeMP.cef
244.9074,6.4,136.7,17.86,34505.999,39,No Match,unmatched,89 2889 - Serum.d.DeMP,6.39,17.8568286895752,136.739929199219,248.90153,9752.0,89 2889 - Serum.d.DeMP.cef
244.9074,6.4,136.7,17.86,34505.999,39,No Match,unmatched,89 2889 - Serum.d.DeMP,6.39,17.8568286895752,136.739929199219,249.90352,672.0,89 2889 - Serum.d.DeMP.cef
244.9074,6.4,136.7,17.86,34505.999,39,No Match,unmatched,89 2889 - Serum.d.DeMP,6.39,17.8568286895752,136.739929199219,250.89759,867.0,89 2889 - Serum.d.DeMP.cef
244.9074,6.4,136.7,17.86,5161.999,37,No Match,unmatched,90 2889 - Mitra.d.DeMP,6.39,17.8568286895752,136.739929199219,244.90686,5162.0,90 2889 - Mitra.d.DeMP.cef
244.9074,6.4,136.7,17.86,5161.999,37,No Match,unmatched,90 2889 - Mitra.d.DeMP,6.39,17.8568286895752,136.739929199219,245.90925,341.0,90 2889 - Mitra.d.DeMP.cef
244.9074,6.4,136.7,17.86,5161.999,37,No Match,unmatched,90 2889 - Mitra.d.DeMP,6.39,17.8568286895752,136.739929199219,246.90404,5114.0,90 2889 - Mitra.d.DeMP.cef
244.9074,6.4,136.7,17.86,5161.999,37,No Match,unmatched,90 2889 - Mitra.d.DeMP,6.39,17.8568286895752,136.739929199219,247.90636,291.0,90 2889 - Mitra.d.DeMP.cef
244.9074,6.4,136.7,17.86,5161.999,37,No Match,unmatched,90 2889 - Mitra.d.DeMP,6.39,17.8568286895752,136.739929199219,248.90053,1280.0,90 2889 - Mitra.d.DeMP.cef
244.9074,6.4,136.7,17.86,10822.999,37,No Match,unmatched,92 3021 - Serum.d.DeMP,6.39,17.8568286895752,136.739929199219,244.90744,10823.0,92 3021 - Serum.d.DeMP.cef
244.9074,6.4,136.7,17.86,10822.999,37,No Match,unmatched,92 3021 - Serum.d.DeMP,6.39,17.8568286895752,136.739929199219,245.90979,789.0,92 3021 - Serum.d.DeMP.cef
244.9074,6.4,136.7,17.86,10822.999,37,No Match,unmatched,92 3021 - Serum.d.DeMP,6.39,17.8568286895752,136.739929199219,246.90455,10190.0,92 3021 - Serum.d.DeMP.cef
244.9074,6.4,136.7,17.86,10822.999,37,No Match,unmatched,92 3021 - Serum.d.DeMP,6.39,17.8568286895752,136.739929199219,247.90698,695.0,92 3021 - Serum.d.DeMP.cef
244.9074,6.4,136.7,17.86,10822.999,37,No Match,unmatched,92 3021 - Serum.d.DeMP,6.39,17.8568286895752,136.739929199219,248.90106,2830.0,92 3021 - Serum.d.DeMP.cef
244.9074,6.4,136.7,17.86,10822.999,37,No Match,unmatched,92 3021 - Serum.d.DeMP,6.39,17.8568286895752,136.739929199219,249.90363,208.0,92 3021 - Serum.d.DeMP.cef
244.9074,6.4,136.7,17.86,10822.999,37,No Match,unmatched,92 3021 - Serum.d.DeMP,6.39,17.8568286895752,136.739929199219,250.89759,254.0,92 3021 - Serum.d.DeMP.cef
