,Name,Classification Type,CCS,RT,m/z,ID,GroupID,Repeating Unit
5,No Match,unmatched,149.92000000000002,7.1512,239.06862,9022.0,2,CF2
6,No Match,unmatched,134.865,1.3535,139.0761,22001.0,2,CF2
9,No Match,unmatched,134.97,0.588,189.0714,30134.0,2,CF2
10,No Match,unmatched,126.805,1.687,143.07015,86561.0,3,CF2
11,No Match,unmatched,141.99,6.481,193.0671,72563.0,3,CF2
12,No Match,unmatched,149.55,9.796,243.0643,78688.0,3,CF2
20,No Match,unmatched,39.44,12.946,618.9576,96031.0,6,CF2
21,No Match,unmatched,151.04,10.421,218.9864,1844.0,6,CF2
22,No Match,unmatched,217.185,13.705,718.9538,86505.0,6,CF2
23,No Match,unmatched,196.4,13.757,718.9543,771.0,6,CF2
24,No Match,unmatched,201.3,13.65,718.9555,8158.0,6,CF2
25,No Match,unmatched,211.75,14.412,818.9485,53564.0,6,CF2
26,No Match,unmatched,136.95,8.329,168.9901,52055.0,6,CF2
27,PFBA (M-H-CO2),likely,110.36,2.365,168.9902,45534.0,6,CF2
28,PFHxDA (M-H-CO2),likely,204.35,14.103,768.9513,14521.0,6,CF2
29,No Match,unmatched,166.19,11.877,318.9805,3596.0,6,CF2
30,No Match,unmatched,150.46666666666667,10.694666666666665,318.9806,15175.0,6,CF2
31,PFHpA (M-H-CO2),likely,132.71,11.212,318.9808,35035.0,6,CF2
32,No Match,unmatched,158.46,11.208,268.9828,4716.0,6,CF2
33,No Match,unmatched,149.56,10.421,268.9835,5377.0,6,CF2
34,PFHxA (M-H-CO2),likely,125.3,10.8135,268.9836,49015.0,6,CF2
35,PFHxA (M-H-CO2),likely,125.21,11.876,268.9839,29683.0,6,CF2
37,No Match,unmatched,139.55,11.873,368.9726,80191.0,6,CF2
38,PFOA (M-H-CO2),likely,140.29,12.939,368.9739,68840.0,6,CF2
39,PFDS,External Standard,139.5,9.0,368.9765,0.0,6,CF2
40,PFOA (M-H-CO2),likely,139.77,9.484,368.977,835.0,6,CF2
41,PFOA (M-H-CO2),likely,139.71,11.875,368.9773,16089.0,6,CF2
42,PFOA (M-H-CO2),likely,140.08,12.951,368.9787,86066.0,6,CF2
43,PFTrDA (M-H-CO2),likely,181.36333333333332,12.973333333333334,618.9618666666667,2576.0,6,CF2
44,PFTeDA (M-H-CO2),likely,188.53,13.376,668.9581,906.0,6,CF2
46,No Match,unmatched,177.08200000000002,10.3814,418.97316,66283.0,6,CF2
47,PFDS,External Standard,146.6,10.0,418.9733,0.0,6,CF2
48,No Match,unmatched,161.638,12.359800000000002,418.97422000000006,94084.0,6,CF2
49,PFNA (M-H-CO2),likely,147.51666666666665,12.080333333333334,418.9743666666666,12796.0,6,CF2
50,No Match,unmatched,173.655,11.101,468.9712,880.0,6,CF2
51,No Match,unmatched,187.89,10.43,418.9758,65975.0,6,CF2
52,No Match,unmatched,183.53,10.413,418.9759,82910.0,6,CF2
54,PFDA (M-H-CO2),likely,156.02,11.219333333333331,468.9705333333333,1942.0,6,CF2
56,No Match,unmatched,183.27,11.858,518.9621,538.0,6,CF2
57,No Match,unmatched,73.11,11.931,518.9625,89450.0,6,CF2
58,No Match,unmatched,170.57,11.9,518.9637,87859.0,6,CF2
59,No Match,unmatched,69.57,11.82,518.9652,93728.0,6,CF2
60,No Match,unmatched,44.53,11.8765,518.9653,94166.0,6,CF2
61,No Match,unmatched,82.35,11.861,518.9656,89541.0,6,CF2
62,No Match,unmatched,176.75333333333333,11.751666666666669,518.9676,343.0,6,CF2
63,No Match,unmatched,196.848,11.8714,518.96762,86719.0,6,CF2
64,No Match,unmatched,206.15,11.8875,518.9682,41035.0,6,CF2
65,PFUdA (M-H-CO2),likely,164.1075,12.121,518.968525,14002.0,6,CF2
66,No Match,unmatched,41.37,11.894,518.9688,86513.0,6,CF2
67,No Match,unmatched,91.19,11.895,518.9689,74135.0,6,CF2
68,No Match,unmatched,192.915,11.8835,518.9714,94938.0,6,CF2
69,No Match,unmatched,114.245,11.8755,518.9729,85184.0,6,CF2
70,PFDoS,External Standard,139.5,9.0,368.9766,0.0,6,CF2
71,PFDoA (M-H-CO2),likely,174.23,12.293,568.9642,1237.0,6,CF2
72,No Match,unmatched,185.05333333333337,12.397333333333334,568.9643666666666,1136.0,6,CF2
73,No Match,unmatched,209.97,11.386,568.9678,88622.0,6,CF2
86,No Match,unmatched,148.70499999999998,2.0795000000000003,249.04325,88281.0,10,CF2
87,No Match,unmatched,142.69,0.525,199.0471,48903.0,10,CF2
88,No Match,unmatched,164.9,14.981,299.0395,30130.0,10,CF2
109,No Match,unmatched,183.21,13.495,630.9607,11656.0,16,CF2
110,No Match,unmatched,186.59,12.35,630.9611,4473.0,16,CF2
111,No Match,unmatched,187.80692307692303,14.173923076923076,630.9615769230769,75566.0,16,CF2
112,No Match,unmatched,215.56,12.495,630.9618,77857.0,16,CF2
113,No Match,unmatched,182.16000000000005,11.967,630.9703,88139.0,16,CF2
114,"1h,1h-perfluoro-3,6-dioxadecan-1-ol",tentative,154.76,9.7935,430.9738,3014.0,16,CF2
115,"1h,1h-perfluoro-3,6-dioxadecan-1-ol",tentative,159.58,9.718,430.9742,4354.0,16,CF2
116,"1h,1h-perfluoro-3,6-dioxadecan-1-ol",tentative,159.405,11.8795,430.9743,8167.0,16,CF2
117,"1h,1h-perfluoro-3,6-dioxadecan-1-ol",tentative,146.814,9.9362,430.97462,947.0,16,CF2
118,"1h,1h-perfluoro-3,6-dioxadecan-1-ol",tentative,146.305,11.8765,430.97495,3622.0,16,CF2
119,"1h,1h-perfluoro-3,6-dioxadecan-1-ol",tentative,145.745,6.207000000000001,430.975,14864.0,16,CF2
120,No Match,unmatched,185.8,15.007,680.9509,46848.0,16,CF2
121,No Match,unmatched,197.22,13.141,680.9554,78410.0,16,CF2
122,No Match,unmatched,219.21,8.035,680.9563,83882.0,16,CF2
123,No Match,unmatched,191.61444444444444,14.992222222222225,680.9569444444445,4392.0,16,CF2
124,No Match,unmatched,184.395,11.834,680.9574,10290.0,16,CF2
125,No Match,unmatched,198.455,15.728,680.9575500000001,58508.0,16,CF2
126,No Match,unmatched,190.1888888888889,13.413000000000002,680.9579666666666,24608.0,16,CF2
127,No Match,unmatched,219.68,9.961,680.958,58005.0,16,CF2
128,No Match,unmatched,198.225,14.7135,680.95835,68135.0,16,CF2
129,No Match,unmatched,186.15,13.78125,680.9591,61557.0,16,CF2
130,No Match,unmatched,220.28,11.317,680.9592,65027.0,16,CF2
131,No Match,unmatched,184.99,15.85,680.9594,81258.0,16,CF2
132,No Match,unmatched,181.58,13.174,680.961,90569.0,16,CF2
133,No Match,unmatched,156.78,14.505,480.9661,80568.0,16,CF2
134,"2,2'-(2,3,5,6-Tetrafluoro-1,4-phenylene)bis(hexafluoropropan-2-ol) or Perfluoro(2-(2-propoxypropoxy)-1H,1H-propan-1-ol)",tentative,161.49,12.451,480.9704,68689.0,16,CF2
135,"2,2'-(2,3,5,6-Tetrafluoro-1,4-phenylene)bis(hexafluoropropan-2-ol) or Perfluoro(2-(2-propoxypropoxy)-1H,1H-propan-1-ol)",tentative,165.35,10.5405,480.97045,54595.0,16,CF2
136,"2,2'-(2,3,5,6-Tetrafluoro-1,4-phenylene)bis(hexafluoropropan-2-ol) or Perfluoro(2-(2-propoxypropoxy)-1H,1H-propan-1-ol)",tentative,154.765,10.5275,480.97085,3405.0,16,CF2
137,"2,2'-(2,3,5,6-Tetrafluoro-1,4-phenylene)bis(hexafluoropropan-2-ol) or Perfluoro(2-(2-propoxypropoxy)-1H,1H-propan-1-ol)",tentative,154.86,12.444,480.9715,38158.0,16,CF2
138,"2,2'-(2,3,5,6-Tetrafluoro-1,4-phenylene)bis(hexafluoropropan-2-ol) or Perfluoro(2-(2-propoxypropoxy)-1H,1H-propan-1-ol)",tentative,154.125,9.011,480.9722,59392.0,16,CF2
139,No Match,unmatched,219.68,9.879,680.9657,89216.0,16,CF2
140,No Match,unmatched,199.45,14.755,680.9684,92201.0,16,CF2
141,No Match,unmatched,158.01,11.274333333333333,480.9584333333333,68770.0,16,CF2
142,No Match,unmatched,133.87,13.496,330.9777,90696.0,16,CF2
143,No Match,unmatched,146.77,7.632,330.979,85098.0,16,CF2
144,No Match,unmatched,151.07999999999998,6.658,330.97905000000003,75231.0,16,CF2
145,No Match,unmatched,150.605,7.8365,330.9803,74056.0,16,CF2
146,No Match,unmatched,137.77,7.774,330.9804,36584.0,16,CF2
147,No Match,unmatched,164.10666666666663,6.1243333333333325,330.98043333333334,89394.0,16,CF2
148,No Match,unmatched,141.275,8.139833333333334,330.9807333333333,55755.0,16,CF2
149,No Match,unmatched,149.3,10.423,330.9808,16491.0,16,CF2
150,No Match,unmatched,133.195,7.425,330.9815,19026.0,16,CF2
151,No Match,unmatched,143.625,9.5265,330.981675,78477.0,16,CF2
152,No Match,unmatched,135.26,12.8745,330.9825,72074.0,16,CF2
153,No Match,unmatched,146.99,7.627,330.9832,56782.0,16,CF2
155,No Match,unmatched,198.58,14.920375,730.9526875,58420.0,16,CF2
156,No Match,unmatched,198.715,14.884,730.9537,3630.0,16,CF2
157,No Match,unmatched,198.004,13.7068,730.95413,46954.0,16,CF2
158,No Match,unmatched,193.7,12.955,730.9543,31196.0,16,CF2
159,No Match,unmatched,198.82636363636365,13.79309090909091,730.9543636363636,46954.0,16,CF2
160,No Match,unmatched,193.59,11.146,730.9583,84658.0,16,CF2
161,No Match,unmatched,201.61,12.4665,780.946,89095.0,16,CF2
162,No Match,unmatched,208.44,13.19,780.9461,69680.0,16,CF2
163,No Match,unmatched,205.2326190476191,14.651571428571426,780.9505952380952,72684.0,16,CF2
164,No Match,unmatched,216.55,13.992,780.9528,57576.0,16,CF2
165,No Match,unmatched,209.9,13.178,780.956,74328.0,16,CF2
166,No Match,unmatched,166.16,11.648,530.9566,9783.0,16,CF2
167,No Match,unmatched,172.16,13.161,530.9583,59929.0,16,CF2
168,No Match,unmatched,161.13,11.634,530.964,94795.0,16,CF2
169,No Match,unmatched,165.82,11.879,530.965,57018.0,16,CF2
170,No Match,unmatched,182.44,12.948,530.9666,49415.0,16,CF2
171,No Match,unmatched,168.71636363636364,12.455636363636364,530.9672909090909,84065.0,16,CF2
172,No Match,unmatched,165.2583333333333,13.298666666666668,530.9673666666666,67037.0,16,CF2
173,No Match,unmatched,165.33625,14.678999999999998,530.967875,58104.0,16,CF2
174,No Match,unmatched,165.6,13.122,530.9679,4985.0,16,CF2
175,No Match,unmatched,161.9625,12.5405,530.9687,38806.0,16,CF2
176,No Match,unmatched,165.04500000000002,11.9015,530.969,74049.0,16,CF2
177,No Match,unmatched,172.13285714285715,14.55585714285714,530.9693285714285,59995.0,16,CF2
178,No Match,unmatched,165.26,13.917,530.9701,74000.0,16,CF2
179,No Match,unmatched,129.72125,6.080625,280.9831125,12496.0,16,CF2
180,No Match,unmatched,121.9,3.8845,230.9871,79319.0,16,CF2
182,No Match,unmatched,209.19,12.09,830.9474,3509.0,16,CF2
183,No Match,unmatched,220.75333333333333,14.665,830.9481,1800.0,16,CF2
184,No Match,unmatched,214.70857142857147,15.243880952380952,830.948369047619,68271.0,16,CF2
185,No Match,unmatched,195.8375,12.95,830.9484,59109.0,16,CF2
186,No Match,unmatched,131.5,12.092,830.9491,54427.0,16,CF2
187,No Match,unmatched,218.0233333333333,12.681,880.9444,43683.0,16,CF2
188,No Match,unmatched,226.03500000000005,14.6465,880.9446,2123.0,16,CF2
189,No Match,unmatched,216.58000000000004,14.966241379310343,880.9447896551724,59733.0,16,CF2
190,No Match,unmatched,234.05,14.4195,880.9473,84044.0,16,CF2
191,No Match,unmatched,135.51999999999998,12.509,880.9494333333333,18053.0,16,CF2
193,No Match,unmatched,157.47,11.208,380.9771,35688.0,16,CF2
194,No Match,unmatched,140.22,11.877,380.9772,89875.0,16,CF2
195,No Match,unmatched,145.07,11.21,380.9774,18550.0,16,CF2
196,No Match,unmatched,138.99,13.141,380.9775,95522.0,16,CF2
197,No Match,unmatched,139.93142857142857,9.340571428571428,380.9776,22713.0,16,CF2
198,No Match,unmatched,146.19,8.849499999999999,380.9776,3664.0,16,CF2
199,No Match,unmatched,153.105,8.8,380.9791,9638.0,16,CF2
200,No Match,unmatched,226.2133333333333,13.171333333333337,930.9379333333331,53099.0,16,CF2
201,No Match,unmatched,254.13,12.868,930.9397,54963.0,16,CF2
202,No Match,unmatched,155.595,12.928,930.9397,92456.0,16,CF2
203,No Match,unmatched,225.94,15.417333333333334,930.9417333333334,23133.0,16,CF2
204,No Match,unmatched,234.9,15.278636363636366,930.9424545454546,93848.0,16,CF2
205,"4-Bromo-2-[4,4,5,5,6,6,7,7,8,9,9,9-dodecafluoro-8-(trifluoromethyl)nonyl]phenol",tentative,169.04,9.159,580.9624,77887.0,16,CF2
206,"4-Bromo-2-[4,4,5,5,6,6,7,7,8,9,9,9-dodecafluoro-8-(trifluoromethyl)nonyl]phenol",tentative,169.848,14.07,580.9635000000001,37731.0,16,CF2
207,"4-Bromo-2-[4,4,5,5,6,6,7,7,8,9,9,9-dodecafluoro-8-(trifluoromethyl)nonyl]phenol",tentative,174.5075,14.78475,580.9639500000001,23498.0,16,CF2
208,"4-Bromo-2-[4,4,5,5,6,6,7,7,8,9,9,9-dodecafluoro-8-(trifluoromethyl)nonyl]phenol",tentative,174.7875,13.546,580.9641499999999,4452.0,16,CF2
209,"4-Bromo-2-[4,4,5,5,6,6,7,7,8,9,9,9-dodecafluoro-8-(trifluoromethyl)nonyl]phenol",tentative,173.75142857142853,14.409214285714286,580.9645642857142,31433.0,16,CF2
210,"4-Bromo-2-[4,4,5,5,6,6,7,7,8,9,9,9-dodecafluoro-8-(trifluoromethyl)nonyl]phenol",tentative,172.42,12.672,580.9653,42737.0,16,CF2
211,No Match,unmatched,173.20000000000002,12.916000000000002,930.9427333333332,1821.0,16,CF2
213,No Match,unmatched,266.55,13.221,980.9306,69581.0,16,CF2
214,No Match,unmatched,151.44,13.293,980.9335,58943.0,16,CF2
215,No Match,unmatched,242.96,15.927,980.9344,83214.0,16,CF2
216,No Match,unmatched,227.86,14.533833333333334,980.9383666666668,44818.0,16,CF2
217,No Match,unmatched,233.185,14.992,980.9385,54775.0,16,CF2
218,No Match,unmatched,142.66,13.231,980.9387,10359.0,16,CF2
219,No Match,unmatched,234.485,13.362,980.939,1993.0,16,CF2
221,No Match,unmatched,243.25666666666663,13.741,1030.9347333333333,45839.0,16,CF2
222,No Match,unmatched,164.035,13.607,1030.93725,15644.0,16,CF2
223,No Match,unmatched,253.43,15.1065,1030.9386,28136.0,16,CF2
225,No Match,unmatched,189.66,13.6335,630.9532,78639.0,16,CF2
226,No Match,unmatched,178.06,13.313,630.9551,64004.0,16,CF2
227,No Match,unmatched,177.445,15.697,630.9558,40779.0,16,CF2
228,No Match,unmatched,179.95499999999998,14.337,630.9588,27234.0,16,CF2
229,No Match,unmatched,189.915,15.9035,630.95965,91364.0,16,CF2
230,No Match,unmatched,183.138,14.987799999999998,630.9597,1643.0,16,CF2
231,No Match,unmatched,183.614,12.952800000000002,630.9602600000001,31664.0,16,CF2
250,"1,1,1,3,4,4-Hexafluoro-2-(trifluoromethyl)but-3-en-2-ol",tentative,125.83,11.874,246.98,82175.0,22,CF2
252,No Match,unmatched,153.4,1.733,296.9802,70976.0,22,CF2
253,"1,1,1,3,4,4-Hexafluoro-2-(trifluoromethyl)but-3-en-2-ol or 1H,1H,5H-Perfluoropentane-1-thiol",tentative,147.56,3.89,246.9831,94575.0,22,CF2
254,"2,3,3,3-Tetrafluoro-2-{1,1,2,3,3,3-hexafluoro-2-[1,1,2,3,3,3-hexafluoro-2-(heptafluoropropoxy)propoxy]propoxy}propan-1-ol",tentative,189.4,13.378,646.957,14591.0,22,CF2
255,No Match,unmatched,181.09,12.947,596.9587,2501.0,22,CF2
256,No Match,unmatched,186.53,13.593,546.9597,61138.0,22,CF2
258,No Match,unmatched,140.24,9.485,346.9757,24837.0,22,CF2
260,"1h,1h-perfluoro-3,6,9-trioxatridecan-1-ol",tentative,172.93,12.45,546.9624,6204.0,22,CF2
261,No Match,unmatched,197.44,13.757,696.9521,11039.0,22,CF2
262,"1,2,2,3,3,4,4,5,5,6,6,7,7,8,8-Pentadecafluorocyclooctan-1-ol or 1H,1H-Perfluoro-3,6,9-trioxadecan-1-ol",tentative,148.23,10.421,396.9718,2622.0,22,CF2
263,"1,2,2,3,3,4,4,5,5,6,6,7,7,8,8-Pentadecafluorocyclooctan-1-ol or 1H,1H-Perfluoro-3,6,9-trioxadecan-1-ol",tentative,148.125,13.0595,396.9722,7306.0,22,CF2
264,No Match,unmatched,164.71,11.878,496.9658,1199.0,22,CF2
272,"1,1,2,2,3,3,4,4,5,6,6,7,7,7-tetradecafluoro-5-(trifluoromethyl)heptane-1-sulfonic acid or 1,1,2,2,3,3,4,5,5,6,6,7,7,7-tetradecafluoro-4-(trifluoromethyl)heptane-1-sulfonic acid or 1,1,2,2,3,3,5,5,6,6,6-undecafluoro-4,4-bis(trifluoromethyl)hexane-1-sulfonic acid or 1,1,2,2,3,4,4,5,5,6,6,7,7,7-tetradecafluoro-3-(trifluoromethyl)heptane-1-sulfonic acid or 1,1,2,3,3,4,4,5,5,6,6,7,7,7-tetradecafluoro-2-(trifluoromethyl)heptane-1-sulfonic acid or Heptadecafluorooctane-2-sulfonic acid or IsoPFOS or Perfluorooctanesulfonic acid",tentative,39.53,10.448,498.9286,80826.0,25,CF2
273,"1,1,2,2,3,3,4,4,5,6,6,7,7,7-tetradecafluoro-5-(trifluoromethyl)heptane-1-sulfonic acid or 1,1,2,2,3,3,4,5,5,6,6,7,7,7-tetradecafluoro-4-(trifluoromethyl)heptane-1-sulfonic acid or 1,1,2,2,3,3,5,5,6,6,6-undecafluoro-4,4-bis(trifluoromethyl)hexane-1-sulfonic acid or 1,1,2,2,3,4,4,5,5,6,6,7,7,7-tetradecafluoro-3-(trifluoromethyl)heptane-1-sulfonic acid or 1,1,2,3,3,4,4,5,5,6,6,7,7,7-tetradecafluoro-2-(trifluoromethyl)heptane-1-sulfonic acid or Heptadecafluorooctane-2-sulfonic acid or IsoPFOS or Perfluorooctanesulfonic acid",tentative,157.84090909090912,10.395,498.93033636363634,55619.0,25,CF2
274,PFHxS (M-H),likely,148.605,8.197,398.9368,35568.0,25,CF2
275,PFHxS (M-H),likely,151.00333333333333,8.633666666666665,398.9378,636.0,25,CF2
276,No Match,unmatched,146.48,6.971,398.9421,74625.0,25,CF2
277,"1,1,2,2,3,3,4,4,5,6,6,7,7,7-tetradecafluoro-5-(trifluoromethyl)heptane-1-sulfonic acid or 1,1,2,2,3,3,4,5,5,6,6,7,7,7-tetradecafluoro-4-(trifluoromethyl)heptane-1-sulfonic acid or 1,1,2,2,3,3,5,5,6,6,6-undecafluoro-4,4-bis(trifluoromethyl)hexane-1-sulfonic acid or 1,1,2,2,3,4,4,5,5,6,6,7,7,7-tetradecafluoro-3-(trifluoromethyl)heptane-1-sulfonic acid or 1,1,2,3,3,4,4,5,5,6,6,7,7,7-tetradecafluoro-2-(trifluoromethyl)heptane-1-sulfonic acid or Heptadecafluorooctane-2-sulfonic acid or IsoPFOS or Perfluorooctanesulfonic acid",tentative,184.99,10.4545,498.93165,16839.0,25,CF2
278,"1,1,2,2,3,3,4,4,5,6,6,7,7,7-tetradecafluoro-5-(trifluoromethyl)heptane-1-sulfonic acid or 1,1,2,2,3,3,4,5,5,6,6,7,7,7-tetradecafluoro-4-(trifluoromethyl)heptane-1-sulfonic acid or 1,1,2,2,3,3,5,5,6,6,6-undecafluoro-4,4-bis(trifluoromethyl)hexane-1-sulfonic acid or 1,1,2,2,3,4,4,5,5,6,6,7,7,7-tetradecafluoro-3-(trifluoromethyl)heptane-1-sulfonic acid or 1,1,2,3,3,4,4,5,5,6,6,7,7,7-tetradecafluoro-2-(trifluoromethyl)heptane-1-sulfonic acid or Heptadecafluorooctane-2-sulfonic acid or IsoPFOS or Perfluorooctanesulfonic acid",tentative,191.05,10.451,498.9307,12235.0,25,CF2
279,"1,1,2,2,3,3,4,4,5,6,6,7,7,7-tetradecafluoro-5-(trifluoromethyl)heptane-1-sulfonic acid or 1,1,2,2,3,3,4,5,5,6,6,7,7,7-tetradecafluoro-4-(trifluoromethyl)heptane-1-sulfonic acid or 1,1,2,2,3,3,5,5,6,6,6-undecafluoro-4,4-bis(trifluoromethyl)hexane-1-sulfonic acid or 1,1,2,2,3,4,4,5,5,6,6,7,7,7-tetradecafluoro-3-(trifluoromethyl)heptane-1-sulfonic acid or 1,1,2,3,3,4,4,5,5,6,6,7,7,7-tetradecafluoro-2-(trifluoromethyl)heptane-1-sulfonic acid or Heptadecafluorooctane-2-sulfonic acid or IsoPFOS or Perfluorooctanesulfonic acid",tentative,134.935,10.4585,498.9326,44406.0,25,CF2
280,PFOPA,tentative,106.1,10.428,498.9354,81698.0,25,CF2
281,PFOPA,tentative,136.26,10.428,498.9363,91850.0,25,CF2
282,PFOPA,tentative,33.32,10.463,498.9369,87517.0,25,CF2
283,PFOPA,tentative,26.36,10.449,498.937,86798.0,25,CF2
284,PFDS (M-H),likely,183.682,11.7154,598.9239,62254.0,25,CF2
285,PFBS (M-H),likely,133.83,5.333,298.9434,1377.0,25,CF2
286,Perfluoro-2-(trifluoromethyl)propanesulphonic acid or Perfluorobutanesulfonic acid,tentative,163.88,8.958,298.9441,61498.0,25,CF2
287,PFHpS (M-H),likely,159.07000000000002,9.472666666666669,448.9352,3270.0,25,CF2
288,PFNS (M-H),likely,175.67,11.035000000000002,548.9287333333333,26710.0,25,CF2
302,No Match,unmatched,174.44,11.208,469.1015,81788.0,30,CF2
304,No Match,unmatched,165.58,10.429,419.1031,79173.0,30,CF2
305,No Match,unmatched,169.39,1.726,319.1062,69350.0,30,CF2
313,6:2 Fluorotelomer phosphate monoester,tentative,147.89,10.176000000000002,442.9735666666667,16171.0,32,CF2
314,"2,2,3,3-Tetrafluoro-3-({1,1,1,2,3,3-hexafluoro-3-[(trifluoroethenyl)oxy]propan-2-yl}oxy)propan-1-ol or [(Tridecafluorohexyl)oxy]acetic acid",tentative,142.37750000000003,9.40475,392.9774000000001,14799.0,32,CF2
315,"2,2-Difluoro-3-(nonafluorobutoxy)propanoic acid",tentative,136.17000000000002,8.220500000000001,342.98105,65216.0,32,CF2
316,8:2:1 Fluorotelomer thioether acetic acid,tentative,173.05,13.145,536.978,25428.0,33,CF2
317,No Match,unmatched,163.94,12.665,486.9809,62918.0,33,CF2
318,No Match,unmatched,155.49,12.074,436.983,16680.0,33,CF2
319,No Match,unmatched,146.93,11.397,386.9872,65323.0,33,CF2
320,"Perfluoro(3,3'-(piperazine-1,4-diyl)dipropanoic acid)",tentative,169.70333333333335,13.15,516.9718333333334,12632.0,34,CF2
321,"Perfluoro(3,3'-(piperazine-1,4-diyl)dipropanoic acid)",tentative,191.99,10.421,516.9724,8786.0,34,CF2
322,No Match,unmatched,209.21,11.879,616.9649,2462.0,34,CF2
323,No Match,unmatched,202.5,11.879,616.9671,19288.0,34,CF2
324,No Match,unmatched,154.72,12.072,416.9771,29224.0,34,CF2
325,No Match,unmatched,151.02,12.072,416.9781,11827.0,34,CF2
326,No Match,unmatched,200.6,11.209,566.9687,8906.0,34,CF2
327,No Match,unmatched,217.63,12.456,666.9621,19454.0,34,CF2
328,No Match,unmatched,225.78,12.949,716.9581,8551.0,34,CF2
329,No Match,unmatched,159.6,12.654,466.9734,35736.0,34,CF2
330,No Match,unmatched,163.09,12.651,466.9735,44259.0,34,CF2
331,No Match,unmatched,147.46,10.421,419.1166,2084.0,35,CF2
332,No Match,unmatched,183.32,11.88,519.1069,76242.0,35,CF2
333,No Match,unmatched,155.62,11.205,469.1128,17336.0,35,CF2
335,No Match,unmatched,183.41,11.83,674.9715,53731.0,36,CF2
336,No Match,unmatched,214.12,11.881,674.9722,90807.0,36,CF2
338,No Match,unmatched,176.84,11.21,624.9741,59085.0,36,CF2
339,No Match,unmatched,210.31,13.624,874.9564,46246.0,36,CF2
340,No Match,unmatched,216.91,13.959,924.9567,51801.0,36,CF2
341,"((Perfluorooctyl)ethyl)silanetriol or 6-(1,1,2,2,3,3,4,4,5,5,6,6,6-tridecafluorohexylsulfonyl)naphthalen-2-ol",tentative,166.01,9.667,524.9809,8046.0,36,CF2
342,"((Perfluorooctyl)ethyl)silanetriol or 6-(1,1,2,2,3,3,4,4,5,5,6,6,6-tridecafluorohexylsulfonyl)naphthalen-2-ol",tentative,183.44,11.876,524.9866,4884.0,36,CF2
343,No Match,unmatched,223.96,14.267,974.9493,55275.0,36,CF2
344,No Match,unmatched,159.52,8.701,474.9848,9788.0,36,CF2
345,"(3,3,4,4,5,5,6,6,7,7,8,8,8-Tridecafluorooctyl)silanetriol",tentative,152.56,7.534,424.9885,65976.0,36,CF2
347,Bis[N-methyl(perfluorobutyl)sulfonamidoethyl]phosphoric acid,tentative,196.39,12.825,774.9609,77628.0,36,CF2
348,Bis[N-methyl(perfluorobutyl)sulfonamidoethyl]phosphoric acid,tentative,234.06,10.94,774.9673,95751.0,36,CF2
349,"Butanamide, N-(4'-(acetylamino)-3,3'-dichloro(1,1'-biphenyl)-4-yl)-2,2,3,3,4,4,4-heptafluoro-",tentative,167.01,9.148,488.9997,23901.0,37,CF2
350,4-(Heptadecafluorooctyl)benzoic acid,tentative,170.74,10.047,538.9964,66158.0,37,CF2
351,"2-(3,3,4,4,5,5,6,6,7,7,8,8,8-Tridecafluorooctane-1-sulfinyl)ethan-1-ol or Benzoic acid, 4-(tridecafluorohexyl)-",tentative,158.93,8.068,439.0018,81675.0,37,CF2
352,14-H-Perfluorotetradecanoic acid,tentative,198.725,14.0475,694.9559,5755.0,38,CF2
353,14-H-Perfluorotetradecanoic acid,tentative,183.67,15.563,694.956,3107.0,38,CF2
354,14-H-Perfluorotetradecanoic acid,tentative,183.9025,14.638749999999996,694.9563750000001,72937.0,38,CF2
355,14-H-Perfluorotetradecanoic acid,tentative,183.632,12.6286,694.95646,79776.0,38,CF2
356,14-H-Perfluorotetradecanoic acid,tentative,94.77,12.304,694.9636,95044.0,38,CF2
357,"10-H-Perfluorodecanoic acid or N-{4-[(1,1,2,2,3,3,4,4,4-Nonafluorobutane-1-sulfonyl)amino]benzene-1-sulfonyl}acetamide",tentative,159.315,9.741,494.97065,77760.0,38,CF2
358,"10-H-Perfluorodecanoic acid or N-{4-[(1,1,2,2,3,3,4,4,4-Nonafluorobutane-1-sulfonyl)amino]benzene-1-sulfonyl}acetamide",tentative,179.39,9.481,494.9719,69101.0,38,CF2
360,16-H-Perfluorohexadecanoic acid,tentative,197.02375,14.261625,794.94896875,40109.0,38,CF2
361,16-H-Perfluorohexadecanoic acid,tentative,230.33,13.3135,794.9512,30055.0,38,CF2
363,13-H-Perfluorotridecanoic acid,tentative,177.33023255813953,14.662069767441862,644.960688372093,90425.0,38,CF2
364,13-H-Perfluorotridecanoic acid,tentative,177.27,13.095666666666666,644.9609,3247.0,38,CF2
365,13-H-Perfluorotridecanoic acid,tentative,205.05,11.88,644.961,1096.0,38,CF2
366,13-H-Perfluorotridecanoic acid,tentative,87.86,11.831,644.9638,86238.0,38,CF2
367,No Match,unmatched,176.85,12.988,644.9709,90086.0,38,CF2
368,12-H-Perfluorododecanoic acid,tentative,196.37,11.209,594.9628,3770.0,38,CF2
369,12-H-Perfluorododecanoic acid,tentative,171.88,11.221,594.9635,10406.0,38,CF2
370,"1-Decanol, 7,7,8,8,9,9,10,10,10-nonafluoro-5-iodo- or 9-H-Perfluorononanoic acid",tentative,152.38,8.782,444.9741,80016.0,38,CF2
371,No Match,unmatched,224.10166666666663,15.245833333333335,994.937075,17634.0,38,CF2
372,"1-Dodecanol, 7,7,8,8,9,9,10,10,11,11,12,12,12-tridecafluoro-5-iodo- or 11-H-Perfluoroundecanoic acid",tentative,182.53,11.572,544.964,89653.0,38,CF2
373,"1-Dodecanol, 7,7,8,8,9,9,10,10,11,11,12,12,12-tridecafluoro-5-iodo- or 11-H-Perfluoroundecanoic acid",tentative,187.74,10.422,544.9669,3487.0,38,CF2
374,"1-Dodecanol, 7,7,8,8,9,9,10,10,11,11,12,12,12-tridecafluoro-5-iodo- or 11-H-Perfluoroundecanoic acid",tentative,165.62,10.514,544.9687,59613.0,38,CF2
376,17-H-Perfluoroheptadecanoic acid,tentative,215.45333333333332,14.887666666666666,844.9469,24569.0,38,CF2
377,No Match,unmatched,230.81166666666664,15.292666666666667,1044.934616666667,25333.0,38,CF2
378,15-H-Perfluoropentadecanoic acid,tentative,190.44833333333335,14.846166666666669,744.9534333333332,6047.0,38,CF2
379,15-H-Perfluoropentadecanoic acid,tentative,193.90666666666667,13.241111111111111,744.9539333333333,27403.0,38,CF2
380,15-H-Perfluoropentadecanoic acid,tentative,222.75,12.802,744.9593,94537.0,38,CF2
382,"2,2,3,3,4,4,5,5,6,6,7,7,8,8,9,9,10,10,11,11,12,12,13,13,14,14,15,15,16,16,17,17,18,18-tetratriacontafluorooctadecanoic acid",tentative,215.46263157894737,15.023157894736842,894.9420105263158,30409.0,38,CF2
383,"2,2,3,3,4,4,5,5,6,6,7,7,8,8,9,9,10,10,11,11,12,12,13,13,14,14,15,15,16,16,17,17,18,18-tetratriacontafluorooctadecanoic acid",tentative,211.02,13.72,894.9438,78496.0,38,CF2
384,"2,2,3,3,4,4,5,5,6,6,7,7,8,8,9,9,10,10,11,11,12,12,13,13,14,14,15,15,16,16,17,17,18,18-tetratriacontafluorooctadecanoic acid",tentative,261.8,13.576,894.9515,78489.0,38,CF2
385,No Match,unmatched,161.385,13.243,499.971,6220.0,39,CF2
386,No Match,unmatched,143.68,13.2265,499.97125,28778.0,39,CF2
387,No Match,unmatched,152.115,13.2355,499.9713,11311.0,39,CF2
388,No Match,unmatched,170.305,13.92025,549.969325,41807.0,39,CF2
389,No Match,unmatched,152.91,12.502,449.9718,66642.0,39,CF2
390,No Match,unmatched,158.32,12.069,456.9903,51223.0,40,CF2
391,2-Hydroxyethyl heptadecafluorononanoate,tentative,167.24,12.648,506.9868,77269.0,40,CF2
392,No Match,unmatched,175.74,13.147,556.9821,55892.0,40,CF2
395,Perfluoro-9-(trifluoromethyl)decanoic acid or Perfluoroundecanoic acid,tentative,143.76,11.874,562.9546,94828.0,41,CF2
396,Perfluoro-9-(trifluoromethyl)decanoic acid or Perfluoroundecanoic acid,tentative,197.16,11.874,562.957,21428.0,41,CF2
397,Perfluoro-9-(trifluoromethyl)decanoic acid or Perfluoroundecanoic acid,tentative,205.11,11.877,562.9564,39569.0,41,CF2
398,Perfluoro-9-(trifluoromethyl)decanoic acid or Perfluoroundecanoic acid,tentative,163.02,11.8945,562.9584,30402.0,41,CF2
399,Perfluoro-9-(trifluoromethyl)decanoic acid or Perfluoroundecanoic acid,tentative,190.8125,11.78125,562.95845,15278.0,41,CF2
400,Perfluoro-9-(trifluoromethyl)decanoic acid or Perfluoroundecanoic acid,tentative,120.98,11.861,562.961,80116.0,41,CF2
401,Perfluoro-9-(trifluoromethyl)decanoic acid or Perfluoroundecanoic acid,tentative,206.53,11.88,562.9618,79664.0,41,CF2
402,PFTrDA (M-H),likely,200.14333333333332,12.857,662.9497333333333,66524.0,41,CF2
403,PFTeDA (M-H),likely,209.04,13.319,712.9472499999999,2993.0,41,CF2
404,PFNA (M-H),likely,165.51,10.42,462.9641,3794.0,41,CF2
405,"Perfluoro-3,5,5-trimethylhexanoic acid or Perfluoro-6-methylheptanecarboxylic acid or Perfluorononanoic acid",tentative,185.59,1.64075,462.9665,78951.0,41,CF2
406,Hexacosafluoro-13-(trifluoromethyl)myristic acid or Perfluoropentadecanoic acid,tentative,218.58,13.756,762.9445,2173.0,41,CF2
407,"2,2,3,3,4,4,5,5,6,6,7,7,8,9,9,9-hexadecafluoro-8-(trifluoromethyl)nonanoic acid or Perfluoro-3,7-dimethyloctanoic acid or Perfluorodecanoic acid",tentative,206.24,11.207,512.9599,77669.0,41,CF2
408,PFDA (M-H),likely,173.12,11.0955,512.9603,82916.0,41,CF2
418,octadecafluoroundecanedioic acid,tentative,163.94,6.217,538.961,12299.0,43,CF2
419,"1,1'-Peroxybis(2,2,3,3,4,4,5,5,6,6-decafluorocyclohexan-1-ol) or Perfluoro-1,10-decanedicarboxylic acid",tentative,170.41,7.361,588.9562,13021.0,43,CF2
420,"1,1'-Peroxybis(2,2,3,3,4,4,5,5-octafluorocyclopentan-1-ol) or Perfluorosebacic acid",tentative,157.39,4.78,488.9589,68437.0,43,CF2
421,"1,1'-Peroxybis(2,2,3,3,4,4,5,5-octafluorocyclopentan-1-ol) or Perfluorosebacic acid",tentative,157.3,4.767,488.9644,56576.0,43,CF2
422,docosafluorotridecanedioic acid,tentative,177.065,8.354,638.952,92723.0,43,CF2
426,No Match,unmatched,184.88,10.423,502.9559,7674.0,45,CF2
427,No Match,unmatched,180.07,10.421,502.9565,10705.0,45,CF2
428,No Match,unmatched,217.1,12.948,702.944,17056.0,45,CF2
429,No Match,unmatched,199.52,11.878,602.94935,9048.0,45,CF2
430,"4-[(Nonadecafluorodecenyl)oxy]benzenesulfonic acid, sodium salt",tentative,208.06,12.462,652.9476,49230.0,45,CF2
431,No Match,unmatched,188.89,11.208,552.953,14336.0,45,CF2
432,No Match,unmatched,193.45,11.21,552.9534,11449.0,45,CF2
434,No Match,unmatched,209.305,11.067,610.9607,30520.0,46,CF2
435,No Match,unmatched,208.85,12.007,610.9609,88107.0,46,CF2
436,No Match,unmatched,208.94,9.06,610.9616000000001,39903.0,46,CF2
437,No Match,unmatched,209.16,11.88,660.9531,5389.0,46,CF2
438,No Match,unmatched,218.14,12.454,710.9503,48816.0,46,CF2
439,No Match,unmatched,225.96,12.948,760.9471,14762.0,46,CF2
440,No Match,unmatched,179.5,11.205,510.9601,88006.0,46,CF2
441,No Match,unmatched,200.36,11.211,610.957,46020.0,46,CF2
442,No Match,unmatched,209.33,7.831,610.9585,75842.0,46,CF2
443,No Match,unmatched,209.27,9.989,610.9606,37376.0,46,CF2
444,No Match,unmatched,214.06,12.944,618.9698,80672.0,47,CF2
446,No Match,unmatched,210.34,9.157,568.9788,79710.0,47,CF2
447,No Match,unmatched,41.37,11.866,518.977,86820.0,47,CF2
452,"(8-carboxy-1,1,2,2,3,3,4,4,5,5,6,6,7,7,8,8-hexadecafluorooctyl)pentafluorosulfur",tentative,188.62,11.211,570.9234,82560.0,49,CF2
453,"(7-carboxy-1,1,2,2,3,3,4,4,5,5,6,6,7,7-tetradecafluoroheptyl)pentafluorosulfur",tentative,179.49,10.411,520.9272,72307.0,49,CF2
454,No Match,unmatched,197.06,11.876,620.9156,18703.0,49,CF2
458,No Match,unmatched,200.62,13.027,678.9222,38185.0,51,CF2
459,No Match,unmatched,204.39,13.445,728.9203,29215.0,51,CF2
460,11-Chloro-Perfluoroundecanoic acid,tentative,186.94,11.98,578.9296,80609.0,51,CF2
461,12-Cl-Perfluorododecanoic acid,tentative,194.31,12.54,628.9254,26112.0,51,CF2
462,10-Chloro-perfluorodecanoic acid,tentative,178.95,11.343,528.9301,85540.0,51,CF2
463,No Match,unmatched,214.22,13.579,778.9548,41036.0,52,CF2
464,No Match,unmatched,209.73,13.586,778.9552,55148.0,52,CF2
465,No Match,unmatched,200.57,13.572,778.9562,93167.0,52,CF2
467,No Match,unmatched,194.55,13.207,728.9592,85339.0,52,CF2
468,No Match,unmatched,197.32,12.81,678.9625,46955.0,52,CF2
469,No Match,unmatched,203.005,13.215,728.9603500000001,30932.0,52,CF2
470,No Match,unmatched,192.58,12.8,678.9649,65049.0,52,CF2
471,"1,1,2,2-Tetrahydroperfluorododecanethiol",tentative,178.48,11.82,578.9673,36795.0,52,CF2
472,No Match,unmatched,185.45,12.349,628.964,30677.0,52,CF2
473,No Match,unmatched,196.49,11.201,528.9688,86227.0,52,CF2
474,No Match,unmatched,140.94,11.1845,528.9689,87171.0,52,CF2
475,No Match,unmatched,210.97,13.912,828.9551,94703.0,52,CF2
476,No Match,unmatched,177.14,13.065,631.9658666666667,37845.0,53,CF2
477,No Match,unmatched,177.65,15.618,631.9728,88648.0,53,CF2
479,No Match,unmatched,165.69,11.221,531.9709,54352.0,53,CF2
481,No Match,unmatched,204.85,15.2,781.9567,60056.0,53,CF2
482,No Match,unmatched,171.08,11.825,581.9678,15906.0,53,CF2
483,No Match,unmatched,207.74,13.214,731.9579,20010.0,53,CF2
485,No Match,unmatched,193.15,12.073,540.9939,45034.0,54,CF2
486,No Match,unmatched,202.54,12.651,590.9877,61411.0,54,CF2
487,No Match,unmatched,211.03,13.152,640.9849,17932.0,54,CF2
488,(Perfluoro-9-methyldecyl)ethyl dihydrogen phosphate,tentative,195.16333333333333,13.061333333333332,692.9597666666667,23980.0,55,CF2
489,(Perfluoro-9-methyldecyl)ethyl dihydrogen phosphate,tentative,189.03,13.074,692.96,75003.0,55,CF2
490,(Perfluoro-9-methyldecyl)ethyl dihydrogen phosphate,tentative,222.965,10.976,692.96105,94088.0,55,CF2
491,(Perfluoro-9-methyldecyl)ethyl dihydrogen phosphate,tentative,222.19,9.546,692.9617,63320.0,55,CF2
492,"10:2 Fluorotelomer dihydrogen phosphate or N,N'-(3,3'-Dichloro[1,1'-biphenyl]-4,4'-diyl)bis(heptafluorobutanimidic acid)",tentative,180.47,12.64,642.9611,45669.0,55,CF2
493,((Perfluoro-11-methyldodecyl)ethyl) dihydrogen phosphate,tentative,210.4325,13.8205,792.9531999999999,9347.0,55,CF2
494,"10:2 Fluorotelomer dihydrogen phosphate or N,N'-(3,3'-Dichloro[1,1'-biphenyl]-4,4'-diyl)bis(heptafluorobutanimidic acid)",tentative,186.94,12.66875,642.96285,12785.0,55,CF2
495,"10:2 Fluorotelomer dihydrogen phosphate or N,N'-(3,3'-Dichloro[1,1'-biphenyl]-4,4'-diyl)bis(heptafluorobutanimidic acid)",tentative,175.65,12.576,642.9631,50360.0,55,CF2
496,((Perfluoro-11-methyldodecyl)ethyl) dihydrogen phosphate,tentative,207.03,13.84,792.9423,78397.0,55,CF2
497,16:2 Fluorotelomer dihydrogen phosphate,tentative,238.76,14.724,942.9381,83643.0,55,CF2
498,8:2 Fluorotelomer 9-(trifluoromethyl)-dihydrogen phosphate,tentative,181.04,12.063,592.9628,31692.0,55,CF2
499,8:2 Fluorotelomer 9-(trifluoromethyl)-dihydrogen phosphate,tentative,169.68,12.1445,592.9645,34808.0,55,CF2
500,8:2 Fluorotelomer 9-(trifluoromethyl)-dihydrogen phosphate,tentative,175.965,12.2275,592.96455,48673.0,55,CF2
501,8:2 Fluorotelomer phosphate monoester,tentative,167.41,11.656,542.9663,49533.0,55,CF2
502,8:2 Fluorotelomer phosphate monoester,tentative,162.25,11.505,542.9703,92284.0,55,CF2
504,14:2 Fluorotelomer dihydrogen phosphate,tentative,197.46,14.167,842.9424,72309.0,55,CF2
505,14:2 Fluorotelomer dihydrogen phosphate,tentative,220.615,14.1585,842.94745,82805.0,55,CF2
506,14:2 Fluorotelomer dihydrogen phosphate,tentative,214.82,14.162,842.9513,30549.0,55,CF2
508,(Perfluoro-13-methyltetradecyl)ethyl dihydrogen phosphate,tentative,221.63,14.441,892.946,49049.0,55,CF2
509,(Perfluoro-13-methyltetradecyl)ethyl dihydrogen phosphate,tentative,230.555,14.4345,892.94775,17549.0,55,CF2
510,(Perfluoro-13-methyltetradecyl)ethyl dihydrogen phosphate,tentative,205.58,14.448,892.9485,43562.0,55,CF2
511,No Match,unmatched,237.01,14.454,746.9411,68305.0,56,CF2
514,No Match,unmatched,185.41,10.423,546.9473,28105.0,56,CF2
515,No Match,unmatched,166.73,11.859,546.9475,74422.0,56,CF2
516,No Match,unmatched,175.13,12.251,596.947,34647.0,56,CF2
517,No Match,unmatched,211.7,12.449,696.9447,78776.0,56,CF2
518,No Match,unmatched,226.285,14.488499999999998,912.95125,3153.0,57,CF2
519,No Match,unmatched,233.35,14.7365,962.94765,31062.0,57,CF2
521,No Match,unmatched,194.355,13.074749999999998,712.963825,65207.0,57,CF2
522,No Match,unmatched,191.65,15.946,712.9645,66516.0,57,CF2
523,No Match,unmatched,191.21,14.95,712.9708,95611.0,57,CF2
526,No Match,unmatched,181.87,12.15375,612.971625,11097.0,57,CF2
527,No Match,unmatched,182.97,14.864,662.9625,50906.0,57,CF2
528,No Match,unmatched,182.33,13.363,662.9661,92662.0,57,CF2
529,No Match,unmatched,182.735,12.641,662.96625,18615.0,57,CF2
530,No Match,unmatched,182.7,15.329666666666668,662.9668666666668,52857.0,57,CF2
531,No Match,unmatched,190.21,12.721,662.9679,5021.0,57,CF2
532,No Match,unmatched,182.23,12.706,662.9752,80434.0,57,CF2
533,No Match,unmatched,240.17,14.961,1012.9457,87734.0,57,CF2
534,No Match,unmatched,218.24,14.273333333333332,862.9544,70761.0,57,CF2
535,No Match,unmatched,63.38,11.869,562.9686,93971.0,57,CF2
536,No Match,unmatched,117.81,11.89,562.9691,89640.0,57,CF2
537,No Match,unmatched,165.75,11.487,562.971,74149.0,57,CF2
538,No Match,unmatched,176.72,11.483,562.9725,84304.0,57,CF2
539,No Match,unmatched,171.42,11.498,562.9749,74092.0,57,CF2
540,No Match,unmatched,210.96,11.854,562.9752,92151.0,57,CF2
542,No Match,unmatched,219.465,12.332,762.962,81907.0,57,CF2
543,No Match,unmatched,215.47,11.863,562.9768,83705.0,57,CF2
544,No Match,unmatched,195.7633333333333,15.752333333333333,776.9583333333334,62088.0,58,CF2
545,No Match,unmatched,195.98,13.1325,776.9608,2912.0,58,CF2
546,No Match,unmatched,193.85,12.477,776.9611,42806.0,58,CF2
547,2-Perfluorodecyl ethanoic acid,tentative,176.02,9.723,576.9729,68201.0,58,CF2
548,No Match,unmatched,225.44,13.6575,926.94785,94052.0,58,CF2
549,No Match,unmatched,214.9157142857143,13.967285714285714,926.9494142857142,90066.0,58,CF2
550,No Match,unmatched,220.58142857142855,14.181571428571427,976.9461,71321.0,58,CF2
551,No Match,unmatched,232.21,13.915,976.9472,3176.0,58,CF2
552,No Match,unmatched,211.77,12.801,826.9566,5321.0,58,CF2
553,No Match,unmatched,201.385,13.1805,826.957225,93829.0,58,CF2
555,"(3,3,4,4,5,5,6,6,7,7,8,8,9,9,10,10,11,11,12,12,13,13,14,14,14-Pentacosafluorotetradecyl)phosphonic acid",tentative,197.34,11.834,726.9612,32469.0,58,CF2
556,"(3,3,4,4,5,5,6,6,7,7,8,8,9,9,10,10,11,11,12,12,13,13,14,14,14-Pentacosafluorotetradecyl)phosphonic acid",tentative,189.1966666666667,14.324333333333334,726.9617666666667,75478.0,58,CF2
557,"(3,3,4,4,5,5,6,6,7,7,8,8,9,9,10,10,11,11,12,12,13,13,14,14,14-Pentacosafluorotetradecyl)phosphonic acid",tentative,221.94,11.88,726.962,13139.0,58,CF2
558,"(3,3,4,4,5,5,6,6,7,7,8,8,9,9,10,10,11,11,12,12,13,13,14,14,14-Pentacosafluorotetradecyl)phosphonic acid",tentative,189.43,12.678,726.96335,65637.0,58,CF2
559,"(3,3,4,4,5,5,6,6,7,7,8,8,9,9,10,10,11,11,12,12,13,13,14,14,14-Pentacosafluorotetradecyl)phosphonic acid",tentative,189.24,15.5285,726.9635499999999,37471.0,58,CF2
561,No Match,unmatched,238.57,14.22,1026.9432,4056.0,58,CF2
563,No Match,unmatched,183.41333333333333,12.272,676.9654333333333,68456.0,58,CF2
565,No Match,unmatched,218.59,13.206,876.9536,3651.0,58,CF2
566,No Match,unmatched,208.19,13.579666666666668,876.9548833333333,31453.0,58,CF2
567,"(3,3,4,4,5,5,6,6,7,7,8,8,9,9,10,10,11,11,12,12,12-Henicosafluorododecyl)phosphonic acid",tentative,176.66,11.5,626.9694,48273.0,58,CF2
568,No Match,unmatched,198.7,11.814,626.9753,81413.0,58,CF2
571,No Match,unmatched,236.62,14.441,748.9342,77204.0,59,CF2
572,No Match,unmatched,202.45,11.209,648.9346,70892.0,59,CF2
573,Perfluorodecylphosphonic acid,tentative,193.72,10.417,598.9378,65939.0,59,CF2
574,No Match,unmatched,211.05,11.879,698.9308,8189.0,59,CF2
575,No Match,unmatched,191.55,12.81,700.9648,6610.0,60,CF2
576,No Match,unmatched,228.185,14.2375,900.9518,68638.0,60,CF2
577,No Match,unmatched,217.315,14.2715,900.9528,4367.0,60,CF2
578,No Match,unmatched,224.6,14.571,950.9458,71425.0,60,CF2
579,No Match,unmatched,236.16,14.511,950.9473,20214.0,60,CF2
580,No Match,unmatched,211.09,13.583,800.9566,9321.0,60,CF2
581,No Match,unmatched,204.205,13.6345,800.9596,4233.0,60,CF2
583,No Match,unmatched,197.36,13.216,750.9602,4606.0,60,CF2
584,No Match,unmatched,202.06,13.215,750.9613,9734.0,60,CF2
585,No Match,unmatched,184.09,12.3645,650.9674,77231.0,60,CF2
586,No Match,unmatched,176.83,11.834,600.9699,28550.0,60,CF2
587,No Match,unmatched,219.63,13.916,850.9562,10496.0,60,CF2
588,No Match,unmatched,210.5,13.9675,850.9563499999999,3965.0,60,CF2
602,No Match,unmatched,222.55,13.927,916.9258,50131.0,64,CF2
603,No Match,unmatched,222.18,13.926,916.9355,91967.0,64,CF2
604,No Match,unmatched,229.64,14.23,966.928,86685.0,64,CF2
605,"5-Benzamido-2,4-dibromo-N-[4-(1,1,1,2,3,3,3-heptafluoropropan-2-yl)-2,6-dimethylphenyl]benzamide",tentative,200.94,11.865,666.9429,45583.0,64,CF2
606,No Match,unmatched,207.5,12.349,716.9398,35082.0,64,CF2
607,"5-Benzamido-2,4-dibromo-N-[4-(1,1,1,2,3,3,3-heptafluoropropan-2-yl)-2,6-dimethylphenyl]benzamide",tentative,186.32,11.831,666.9432,39360.0,64,CF2
609,No Match,unmatched,200.3,12.805,766.9366,10694.0,64,CF2
610,No Match,unmatched,214.58,12.805,766.9369,17275.0,64,CF2
611,No Match,unmatched,193.03,12.349,716.9413,24528.0,64,CF2
612,No Match,unmatched,221.28,13.214,816.9345,19918.0,64,CF2
613,No Match,unmatched,207.2,13.8515,856.9474,22023.0,65,CF2
614,No Match,unmatched,233.5,13.211,856.9479,12485.0,65,CF2
616,No Match,unmatched,239.46,13.583,906.9464,54202.0,65,CF2
617,No Match,unmatched,246.17,13.923,956.9392,63655.0,65,CF2
618,No Match,unmatched,221.69,14.44,956.941,24921.0,65,CF2
619,No Match,unmatched,188.02,12.703,706.9586,61394.0,65,CF2
620,No Match,unmatched,214.185,11.845,706.9586999999999,75609.0,65,CF2
621,No Match,unmatched,229.39,14.717,1006.9412,52604.0,65,CF2
622,No Match,unmatched,227.33,12.804,806.9524,18419.0,65,CF2
623,No Match,unmatched,221.04,12.348,756.9534,31214.0,65,CF2
624,No Match,unmatched,201.11,13.496,806.9530500000001,34569.0,65,CF2
625,No Match,unmatched,246.28,12.497,988.9299,65016.0,66,CF2
626,No Match,unmatched,226.485,12.587,988.9315,2307.0,66,CF2
627,No Match,unmatched,253.97,12.885,1038.9232,59987.0,66,CF2
628,No Match,unmatched,233.675,12.972,1038.92745,1887.0,66,CF2
629,No Match,unmatched,240.81,13.305,1088.92465,2905.0,66,CF2
630,No Match,unmatched,204.81,11.121,838.9413,14051.0,66,CF2
631,"3,6-Bis(tridecafluorohexyl)benzene-1,2,4,5-tetracarboxylic acid",tentative,211.99666666666667,11.967333333333334,888.9348333333332,83165.0,66,CF2
632,No Match,unmatched,247.91,13.613499999999998,1138.9228,5699.0,66,CF2
633,No Match,unmatched,197.84,10.549,788.9452,32451.0,66,CF2
634,No Match,unmatched,191.025,9.924,738.9474,37425.0,66,CF2
635,No Match,unmatched,219.375,12.1725,938.9344,3562.0,66,CF2
636,No Match,unmatched,239.07,12.077,938.9349,74499.0,66,CF2
637,No Match,unmatched,237.305,14.23,1054.9573,92343.0,67,CF2
638,No Match,unmatched,215.93,13.187,904.969,10554.0,67,CF2
639,No Match,unmatched,223.22,13.544,954.9648,9482.0,67,CF2
640,No Match,unmatched,202.23,12.344,804.9733,27587.0,67,CF2
641,No Match,unmatched,230.19,13.879,1004.9637,10744.0,67,CF2
642,No Match,unmatched,195.51,11.837,754.9772,35116.0,67,CF2
643,No Match,unmatched,244.42,14.511,1104.9596,74961.0,67,CF2
644,No Match,unmatched,209.01,12.787,854.971,16690.0,67,CF2
645,No Match,unmatched,210.66,14.212,874.9384,14308.0,68,CF2
646,No Match,unmatched,216.815,14.4945,924.93295,76566.0,68,CF2
647,No Match,unmatched,222.87,14.762,974.9308,27143.0,68,CF2
649,No Match,unmatched,205.7,13.889,824.9424,14480.0,68,CF2
650,No Match,unmatched,201.78,13.53,774.9462,30164.0,68,CF2
657,6:2 diPAP (M-H),likely,232.34,13.293,788.9759,11725.0,70,CF2
658,5:2/7:2 di Polyfluorinated phosphate ester or 6:2 Fluorotelomer phosphate diester,tentative,201.43,13.049,788.9772,91751.0,70,CF2
659,6:2/8:2 Fluorotelomer phosphate diester or 7:2 Fluorotelomer phosphate diester,tentative,214.6,13.818,888.9712,65830.0,70,CF2
660,No Match,unmatched,207.68,13.447,838.9756,66654.0,70,CF2
661,No Match,unmatched,196.89,13.598666666666666,795.9525,34077.0,71,CF2
662,No Match,unmatched,197.00111111111107,14.907444444444444,795.9530777777777,43968.0,71,CF2
663,No Match,unmatched,203.63,15.646,845.9509,30981.0,71,CF2
664,No Match,unmatched,203.72333333333336,14.27777777777778,845.9516,23859.0,71,CF2
665,No Match,unmatched,210.44454545454545,14.793454545454546,895.947090909091,33135.0,71,CF2
666,No Match,unmatched,224.11,14.509,996.084,76272.0,72,CF2
667,No Match,unmatched,217.27,14.223,946.0806,62939.0,72,CF2
668,No Match,unmatched,210.84,13.916,896.078,62273.0,72,CF2
669,No Match,unmatched,235.5,13.0625,1070.93495,32194.0,73,CF2
670,No Match,unmatched,214.99,11.853,920.9454,58414.0,73,CF2
671,No Match,unmatched,222.2,12.288,970.939,22225.0,73,CF2
672,No Match,unmatched,229.07,12.692,1020.938,19439.0,73,CF2
673,No Match,unmatched,242.81,13.407,1120.9329,70425.0,73,CF2
679,No Match,unmatched,230.13,12.877,986.9492,34794.0,75,CF2
680,No Match,unmatched,237.34,14.838,1036.9468,61853.0,75,CF2
681,No Match,unmatched,223.31,12.489,936.9521,79585.0,75,CF2
682,No Match,unmatched,246.57,12.496,1046.9843,33517.0,76,CF2
683,No Match,unmatched,231.25,11.614,946.9886,85089.0,76,CF2
684,No Match,unmatched,239.08,12.093,996.9846,38074.0,76,CF2
685,No Match,unmatched,253.87,12.879,1096.9794,32328.0,76,CF2
686,No Match,unmatched,260.98,13.221,1146.9807,51213.0,76,CF2
687,No Match,unmatched,238.77,12.884,1060.909,7033.0,77,CF2
688,No Match,unmatched,224.04,12.092,960.9123,34797.0,77,CF2
689,No Match,unmatched,231.32,12.498,1010.913,9483.0,77,CF2
690,No Match,unmatched,246.54,13.301,1110.90675,94561.0,77,CF2
691,No Match,unmatched,253.68,13.617,1160.9025499999998,8102.0,77,CF2
