GroupID,m/z,RT,DT,ID,CCS,Classification Type,Match Source,Match,Neutral Loss,Outlier,148 B2 16632.d.DeMP,149 B2 16631.d.DeMP,220 B3 16562.d.DeMP,221 B3 16563.d.DeMP,291 B4 16634.d.DeMP,295 B4 16707.d.DeMP
50,558.9742,0.552,25.069,4168.0,185.82,unmatched,,No Match,M,False,2080.6981577018746,0.0,0.0,0.0,851.6981577018748,769.6981577018748
50,514.9811,2.2433333333333336,26.027,18806.0,186.91666666666663,unmatched,,No Match,M-CO2,False,80789.11357826041,55636.11357826041,37977.11357826041,2867.6066702316093,0.0,0.0
129,309.0391333333333,3.998333333333333,20.89,10000.0,158.4466666666667,unmatched,,No Match,M,False,0.0,0.0,3129.999,1536.999,1874.999,3551.998
129,229.0821,2.473,19.389,4586.0,148.44,unmatched,,No Match,M-SO3,False,1501.999,943.999,0.0,1573.999,771.999,0.0
134,298.9415,0.95,17.712,5935.0,133.81,likely,PFAS Standards,PFBS (M-H),M,False,597.999,0.0,617.999,1235.999,650.999,0.0
134,218.9836,1.735,18.59,2796.0,142.66,unmatched,,No Match,M-SO3,False,1773.999,1742.999,2498.999,3831.999,647.999,1179.999
143,285.0054,0.709,20.863,10026.0,158.05,unmatched,,No Match,M,False,523.999,0.0,0.0,0.0,794.999,0.0
143,241.0152,0.58125,19.702,22703.0,153.0875,unmatched,,No Match,M-CO2,False,0.0,0.0,2639.999,1846.998,689.999,1778.997
149,278.9136,0.7475,17.287,295.0,130.91500000000002,unmatched,,No Match,M,False,31665.999,43233.999,126502.999,87849.999,11278.999,14933.999
149,234.9238,0.649,16.437,4694.0,125.58,unmatched,,No Match,M-CO2,False,765.999,687.999,1867.999,1562.999,0.0,0.0
149,234.9231,0.647,17.246,3840.0,131.79,unmatched,,No Match,M-CO2,False,641.999,1138.999,2747.999,1907.999,0.0,0.0
152,277.00154999999995,1.175,20.166,5155.0,153.39999999999998,unmatched,,No Match,M,False,1214.999,641.999,1002.999,861.999,944.999,627.999
152,233.0119,1.336,19.487,10450.0,149.06,unmatched,,No Match,M-CO2,False,528.999,0.0,515.999,0.0,0.0,0.0
152,233.0096,0.53,18.677,7364.0,142.84,unmatched,,No Match,M-CO2,False,841.999,0.0,1534.999,0.0,0.0,0.0
163,266.9927,1.068,17.581,2677.0,133.5,unmatched,,No Match,M,False,2686.999,1738.999,3671.999,3094.999,0.0,1362.999
163,223.00395,0.5685,18.971,8311.0,145.86,unmatched,,No Match,M-CO2,False,631.999,654.999,0.0,0.0,786.999,1598.998
208,230.9272,0.537,16.785,1270.0,128.37,unmatched,,No Match,M,False,6282.999,6900.999,10416.999,10080.999,5795.999,1904.999
208,186.9371,0.531,15.985,8885.0,123.77,unmatched,,No Match,M-CO2,False,0.0,0.0,539.999,566.999,0.0,0.0
3,414.9489,3.021,23.911,2481.0,178.67,unmatched,,No Match,M,False,0.0,0.0,2577.999,11389.999,0.0,0.0
3,414.9476,3.028,22.857,1481.0,170.77,unmatched,,No Match,M-CO2,False,0.0,0.0,5819.999,24779.999,528.999,645.999
3,247.0067,0.993,17.921,2294.0,136.61,unmatched,,No Match,M-CO2,True,0.0,7100.999,0.0,0.0,0.0,8869.999
3,290.9975,0.685,21.691,3353.0,164.2,unmatched,,No Match,M-SO3,True,0.0,0.0,2746.999,0.0,5987.999,0.0
3,370.9575,0.886,23.506,5700.0,176.29,unmatched,,No Match,M-CO2,True,0.0,534.999,0.0,0.0,0.0,2021.999
7,279.0125,0.673,19.7,7832.0,149.35,tentative,External Targets,"2,2,3,3,4,4,4-Heptafluoro-N-(1H-1,2,4-triazol-5-yl)butanamide",M,False,0.0,0.0,0.0,761.999,777.999,0.0
7,235.0237,0.693,19.659,9137.0,150.31,unmatched,,No Match,M-CO2,False,0.0,0.0,0.0,675.999,791.999,0.0
7,191.03215,0.7865,17.692,2937.0,136.055,unmatched,,No Match,M-CO2,True,0.0,0.0,9395.999,775.999,0.0,0.0
7,235.02336666666667,0.6973333333333334,18.635,7082.0,142.41333333333333,unmatched,,No Match,M-CO2,True,0.0,0.0,0.0,789.999,1134.999,0.0
10,271.0256,0.953,21.012,5323.0,159.55,tentative,External Targets,"1,1,1-Trifluoro-4,4-dimethoxy-2-(trifluoromethyl)butane-2-thiol",M,False,1564.999,0.0,1095.999,0.0,1386.999,0.0
10,227.0364,0.654,19.558,959.0,149.82,unmatched,,No Match,M-CO2,False,1397.999,1174.999,8513.999,1969.999,969.999,50192.999
10,147.0785,0.659,16.977,2862.0,133.79,unmatched,,No Match,M-SO3,True,0.0,0.0,1541.999,0.0,0.0,9470.999
12,260.9027,0.652,17.203,4635.0,130.76,unmatched,,No Match,M,False,666.999,665.999,2017.999,1414.999,0.0,0.0
12,180.9428,0.8,17.116,8307.0,137.95499999999998,unmatched,,No Match,M-SO3,False,1009.999,0.0,0.0,572.999,0.0,676.999
12,224.9335,1.131,17.184,8758.0,131.62,unmatched,,No Match,M-CO2,False,0.0,0.0,0.0,0.0,1296.999,639.999
12,180.94395,0.9195,16.212,7973.0,126.45,unmatched,,No Match,M-SO3,True,0.0,0.0,613.999,1071.999,0.0,550.999
13,257.0103,0.629,20.157,2125.0,153.43,unmatched,,No Match,M,False,4602.999,0.0,1882.999,1135.999,5248.999,5158.999
13,213.02,0.527,19.175,421.0,147.4,unmatched,,No Match,M-CO2,False,4465.889,4329.889,57427.889,19278.889,53961.889,62675.889
13,133.0634,0.561,16.469,1653.0,130.85,unmatched,,No Match,M-SO3,True,0.0,0.0,11482.999,1572.999,4224.999,9627.999
13,177.0535,0.595,17.71,6495.0,137.69,unmatched,,No Match,M-SO3,True,734.999,0.0,0.0,0.0,965.999,1035.999
13,221.0468,2.025,19.518,7826.0,149.73,unmatched,,No Match,M-CO2,True,0.0,0.0,607.999,0.0,576.999,692.999
15,201.023475,0.7565,18.187,3650.0,144.925,unmatched,,No Match,M-CO2,False,1660.8652824157773,3784.147824938903,0.0,2233.08620142955,872.1478249389031,1943.1468249389031
15,201.0203,0.548,18.51,2959.0,142.76,tentative,External Targets,"5-(1,1,2,2,2-pentafluoroethyl)-1H-1,2,4-triazol-3-amine",M-CO2,False,2363.999,3395.999,0.0,0.0,0.0,4838.999
15,165.0529,1.242,17.436,4433.0,136.22,unmatched,,No Match,M-SO3,False,0.0,0.0,685.7778888888888,0.0,665.7778888888888,2065.7778888888893
15,245.0089,0.976,17.983,2354.0,137.14,unmatched,,No Match,M-CO2,False,0.0,0.0,0.0,6283.999,0.0,9082.999
15,245.0101,0.518,19.352,2404.0,147.63,unmatched,,No Match,M,True,2649.999,627.999,9401.999,0.0,1915.999,0.0
18,223.0591,0.542,19.589,6513.0,150.2,unmatched,,No Match,M,False,806.999,859.999,0.0,755.999,678.999,0.0
18,179.0689,0.635,18.398,337.0,142.95,unmatched,,No Match,M-CO2,False,65147.999,96644.999,32060.999,21993.999,26828.999,27760.999
18,135.0789,0.531,16.649,7080.0,132.275,unmatched,,No Match,M-CO2,True,713.999,546.999,3457.999,696.999,2149.999,2352.998
18,179.0688,2.0733333333333333,18.342,7385.0,142.63,unmatched,,No Match,M-CO2,True,325377.998,345335.998,395995.998,397205.999,289465.999,415970.3324444445
19,206.9405,0.705,16.904,4422.0,130.1,unmatched,,No Match,M,False,0.0,0.0,0.0,0.0,4962.999,633.999
19,162.951,0.608,16.814,7173.0,131.46,unmatched,,No Match,M-CO2,False,887.999,0.0,0.0,0.0,846.999,632.999
19,162.9506,0.606,15.765,6057.0,123.23,unmatched,,No Match,M-CO2,True,1383.999,682.999,0.0,0.0,0.0,1382.999
