SampleName,Compound,Heavy_Halogen_Presence,r_CF2,m_over_Cm,md_over_Cm,Predicted_F_per_C,RT,DT,CCS,Peak_mz,m/z,Peak_intensity
125 1777 - Serum.d.DeMP,19.0,Cl3_Br0,0.016492730925961818,-0.0068454421279886485,-0.01649273076811424,0.89,6.382,17.8609657287598,136.77685546875,244.90859,244.90859,90977.0
125 1777 - Serum.d.DeMP,19.0,Cl3_Br0,0.016492730925961818,-0.0068454421279886485,-0.01649273076811424,0.89,6.382,17.8609657287598,136.77685546875,245.91114,244.90859,8429.0
125 1777 - Serum.d.DeMP,19.0,Cl3_Br0,0.016492730925961818,-0.0068454421279886485,-0.01649273076811424,0.89,6.382,17.8609657287598,136.77685546875,246.90548,244.90859,90927.0
125 1777 - Serum.d.DeMP,19.0,Cl3_Br0,0.016492730925961818,-0.0068454421279886485,-0.01649273076811424,0.89,6.382,17.8609657287598,136.77685546875,247.90816,244.90859,7965.0
125 1777 - Serum.d.DeMP,19.0,Cl3_Br0,0.016492730925961818,-0.0068454421279886485,-0.01649273076811424,0.89,6.382,17.8609657287598,136.77685546875,248.90245,244.90859,27232.0
125 1777 - Serum.d.DeMP,19.0,Cl3_Br0,0.016492730925961818,-0.0068454421279886485,-0.01649273076811424,0.89,6.382,17.8609657287598,136.77685546875,249.90464,244.90859,2237.0
125 1777 - Serum.d.DeMP,19.0,Cl3_Br0,0.016492730925961818,-0.0068454421279886485,-0.01649273076811424,0.89,6.382,17.8609657287598,136.77685546875,250.89908,244.90859,2845.0
125 1777 - Serum.d.DeMP,19.0,Cl3_Br0,0.016492730925961818,-0.0068454421279886485,-0.01649273076811424,0.89,6.382,17.8609657287598,136.77685546875,251.90133,244.90859,181.0
125 1777 - Serum.d.DeMP,49.0,No,0.007213558047403064,0.012766775319153174,0.007213556792123576,2.64,10.029,22.1778259277344,165.274383544922,498.93119,498.93119,7749.0
125 1777 - Serum.d.DeMP,49.0,No,0.007213558047403064,0.012766775319153174,0.007213556792123576,2.64,10.029,22.1778259277344,165.274383544922,499.93187,498.93119,488.0
125 1777 - Serum.d.DeMP,252.0,No,0.0026724769068150445,0.008477852944215563,0.002672475412695271,2.2,9.464,21.3678436279297,159.737197875977,448.93289,448.93289,1191.0
125 1777 - Serum.d.DeMP,252.0,No,0.0026724769068150445,0.008477852944215563,0.002672475412695271,2.2,9.464,21.3678436279297,159.737197875977,449.93634,448.93289,79.0
125 1777 - Serum.d.DeMP,372.0,Cl2_Br0,0.012713041256660387,-0.004836081104613666,-0.012713041154457023,1.06,5.914,17.052677154541,131.322280883789,220.9392,220.9392,1398.0
125 1777 - Serum.d.DeMP,372.0,Cl2_Br0,0.012713041256660387,-0.004836081104613666,-0.012713041154457023,1.06,5.914,17.052677154541,131.322280883789,221.94278,220.9392,97.0
125 1777 - Serum.d.DeMP,372.0,Cl2_Br0,0.012713041256660387,-0.004836081104613666,-0.012713041154457023,1.06,5.914,17.052677154541,131.322280883789,222.93672,220.9392,834.0
125 1777 - Serum.d.DeMP,678.0,Cl2_Br0,0.004859366609358959,0.00012390572297587082,-0.004859366609183437,1.44,10.951,23.7734527587891,177.661804199219,450.92653,450.92653,3127.0
125 1777 - Serum.d.DeMP,678.0,Cl2_Br0,0.004859366609358959,0.00012390572297587082,-0.004859366609183437,1.44,10.951,23.7734527587891,177.661804199219,451.92735,450.92653,312.0
125 1777 - Serum.d.DeMP,678.0,Cl2_Br0,0.004859366609358959,0.00012390572297587082,-0.004859366609183437,1.44,10.951,23.7734527587891,177.661804199219,452.92314,450.92653,1854.0
125 1777 - Serum.d.DeMP,678.0,Cl2_Br0,0.004859366609358959,0.00012390572297587082,-0.004859366609183437,1.44,10.951,23.7734527587891,177.661804199219,453.92489,450.92653,186.0
125 1777 - Serum.d.DeMP,678.0,Cl2_Br0,0.004859366609358959,0.00012390572297587082,-0.004859366609183437,1.44,10.951,23.7734527587891,177.661804199219,454.91982,450.92653,300.0
125 1777 - Serum.d.DeMP,745.0,No,0.000748327477501149,-0.005998901554474924,-0.0007483248058481641,0.95,4.546,17.2796306610107,133.428573608398,211.02423,211.02423,6082.0
125 1777 - Serum.d.DeMP,745.0,No,0.000748327477501149,-0.005998901554474924,-0.0007483248058481641,0.95,4.546,17.2796306610107,133.428573608398,212.02696,211.02423,447.0
128 1821 - Serum.d.DeMP,51.0,No,0.0038442847983307118,0.008830868231917439,0.003844283671343953,2.2,10.029,22.1778259277344,165.274383544922,498.93117,498.93117,7937.0
128 1821 - Serum.d.DeMP,51.0,No,0.0038442847983307118,0.008830868231917439,0.003844283671343953,2.2,10.029,22.1778259277344,165.274383544922,499.93276,498.93117,577.0
128 1821 - Serum.d.DeMP,51.0,No,0.0038442847983307118,0.008830868231917439,0.003844283671343953,2.2,10.029,22.1778259277344,165.274383544922,500.92658,498.93117,267.0
128 1821 - Serum.d.DeMP,386.0,Cl2_Br0,0.01131287606915318,-0.0017470695567511601,-0.011312876054164103,1.28,5.914,17.052677154541,131.322280883789,220.93935,220.93935,1654.0
128 1821 - Serum.d.DeMP,386.0,Cl2_Br0,0.01131287606915318,-0.0017470695567511601,-0.011312876054164103,1.28,5.914,17.052677154541,131.322280883789,221.94083,220.93935,91.0
128 1821 - Serum.d.DeMP,386.0,Cl2_Br0,0.01131287606915318,-0.0017470695567511601,-0.011312876054164103,1.28,5.914,17.052677154541,131.322280883789,222.93619,220.93935,940.0
128 1821 - Serum.d.DeMP,534.0,No,0.01153320973709284,0.0020490011615910014,-0.01153320971686909,1.71,4.866,17.2190208435059,131.04150390625,278.91394,278.91394,2059.0
128 1821 - Serum.d.DeMP,534.0,No,0.01153320973709284,0.0020490011615910014,-0.01153320971686909,1.71,4.866,17.2190208435059,131.04150390625,279.91613,278.91394,114.0
128 1821 - Serum.d.DeMP,898.0,No,0.0009415180805319689,-0.00402830849596251,-0.0009415171230193727,1.18,2.593,19.7186737060547,150.205703735352,273.00706,273.00706,2654.0
128 1821 - Serum.d.DeMP,898.0,No,0.0009415180805319689,-0.00402830849596251,-0.0009415171230193727,1.18,2.593,19.7186737060547,150.205703735352,274.00938,273.00706,213.0
128 1821 - Serum.d.DeMP,898.0,No,0.0009415180805319689,-0.00402830849596251,-0.0009415171230193727,1.18,2.593,19.7186737060547,150.205703735352,275.00565,273.00706,109.0
128 1821 - Serum.d.DeMP,2180.0,No,0.013418328006508409,-0.014278908959211923,-0.013418327162359325,0.67,5.324,18.2979393005371,139.519943237305,267.05638,267.05638,255.0
128 1821 - Serum.d.DeMP,2180.0,No,0.013418328006508409,-0.014278908959211923,-0.013418327162359325,0.67,5.324,18.2979393005371,139.519943237305,268.05437,267.05638,106.0
131 1673 - Serum.d.DeMP,19.0,Cl0_Br1,0.016275926900521338,-0.0049407010167738736,-0.016275926817199488,1.02,6.382,17.8609657287598,136.77685546875,244.90812,244.90812,40890.0
131 1673 - Serum.d.DeMP,19.0,Cl0_Br1,0.016275926900521338,-0.0049407010167738736,-0.016275926817199488,1.02,6.382,17.8609657287598,136.77685546875,245.91052,244.90812,3173.0
131 1673 - Serum.d.DeMP,19.0,Cl0_Br1,0.016275926900521338,-0.0049407010167738736,-0.016275926817199488,1.02,6.382,17.8609657287598,136.77685546875,246.90519,244.90812,40466.0
131 1673 - Serum.d.DeMP,19.0,Cl0_Br1,0.016275926900521338,-0.0049407010167738736,-0.016275926817199488,1.02,6.382,17.8609657287598,136.77685546875,247.90737,244.90812,3253.0
131 1673 - Serum.d.DeMP,19.0,Cl0_Br1,0.016275926900521338,-0.0049407010167738736,-0.016275926817199488,1.02,6.382,17.8609657287598,136.77685546875,248.90201,244.90812,11633.0
131 1673 - Serum.d.DeMP,19.0,Cl0_Br1,0.016275926900521338,-0.0049407010167738736,-0.016275926817199488,1.02,6.382,17.8609657287598,136.77685546875,249.90419,244.90812,842.0
131 1673 - Serum.d.DeMP,19.0,Cl0_Br1,0.016275926900521338,-0.0049407010167738736,-0.016275926817199488,1.02,6.382,17.8609657287598,136.77685546875,250.89842,244.90812,965.0
131 1673 - Serum.d.DeMP,51.0,No,0.0011063575304926137,0.005647950547759475,0.0011063559286712413,2.44,10.029,22.1778259277344,165.274383544922,498.93105,498.93105,20056.0
131 1673 - Serum.d.DeMP,51.0,No,0.0011063575304926137,0.005647950547759475,0.0011063559286712413,2.44,10.029,22.1778259277344,165.274383544922,499.93262,498.93105,1666.0
131 1673 - Serum.d.DeMP,51.0,No,0.0011063575304926137,0.005647950547759475,0.0011063559286712413,2.44,10.029,22.1778259277344,165.274383544922,500.92655,498.93105,771.0
131 1673 - Serum.d.DeMP,266.0,No,0.002833630720292567,0.008688709775231021,0.002833629240179346,2.2,9.464,21.3678436279297,159.737197875977,448.93282,448.93282,2554.0
131 1673 - Serum.d.DeMP,266.0,No,0.002833630720292567,0.008688709775231021,0.002833629240179346,2.2,9.464,21.3678436279297,159.737197875977,449.93318,448.93282,168.0
131 1673 - Serum.d.DeMP,266.0,No,0.002833630720292567,0.008688709775231021,0.002833629240179346,2.2,9.464,21.3678436279297,159.737197875977,450.93036,448.93282,86.0
131 1673 - Serum.d.DeMP,398.0,Cl2_Br0,0.013188403533426506,-0.005957282912191898,-0.013188403383929766,0.99,5.914,17.052677154541,131.322280883789,220.93935,220.93935,1970.0
131 1673 - Serum.d.DeMP,398.0,Cl2_Br0,0.013188403533426506,-0.005957282912191898,-0.013188403383929766,0.99,5.914,17.052677154541,131.322280883789,221.94207,220.93935,151.0
131 1673 - Serum.d.DeMP,398.0,Cl2_Br0,0.013188403533426506,-0.005957282912191898,-0.013188403383929766,0.99,5.914,17.052677154541,131.322280883789,222.93642,220.93935,1220.0
131 1673 - Serum.d.DeMP,545.0,No,0.011826103156152207,0.0012183429331867304,-0.011826103149179121,1.68,4.866,17.2190208435059,131.04150390625,278.9139,278.9139,1329.0
131 1673 - Serum.d.DeMP,545.0,No,0.011826103156152207,0.0012183429331867304,-0.011826103149179121,1.68,4.866,17.2190208435059,131.04150390625,279.91736,278.9139,77.0
134 1894 - Serum.d.DeMP,19.0,Cl0_Br1,0.01616512573839546,-0.00408270717678481,-0.016165125681109935,1.03,6.382,17.8609657287598,136.77685546875,244.90804,244.90804,30080.0
134 1894 - Serum.d.DeMP,19.0,Cl0_Br1,0.01616512573839546,-0.00408270717678481,-0.016165125681109935,1.03,6.382,17.8609657287598,136.77685546875,245.91031,244.90804,2175.0
134 1894 - Serum.d.DeMP,19.0,Cl0_Br1,0.01616512573839546,-0.00408270717678481,-0.016165125681109935,1.03,6.382,17.8609657287598,136.77685546875,246.90523,244.90804,29068.0
134 1894 - Serum.d.DeMP,19.0,Cl0_Br1,0.01616512573839546,-0.00408270717678481,-0.016165125681109935,1.03,6.382,17.8609657287598,136.77685546875,247.90732,244.90804,2205.0
134 1894 - Serum.d.DeMP,19.0,Cl0_Br1,0.01616512573839546,-0.00408270717678481,-0.016165125681109935,1.03,6.382,17.8609657287598,136.77685546875,248.90197,244.90804,8511.0
134 1894 - Serum.d.DeMP,19.0,Cl0_Br1,0.01616512573839546,-0.00408270717678481,-0.016165125681109935,1.03,6.382,17.8609657287598,136.77685546875,249.90386,244.90804,572.0
134 1894 - Serum.d.DeMP,19.0,Cl0_Br1,0.01616512573839546,-0.00408270717678481,-0.016165125681109935,1.03,6.382,17.8609657287598,136.77685546875,250.89813,244.90804,663.0
134 1894 - Serum.d.DeMP,50.0,No,0.0047081448866771215,0.009897111177294964,0.004708143730845354,2.64,10.029,22.1778259277344,165.274383544922,498.93087,498.93087,11737.0
134 1894 - Serum.d.DeMP,50.0,No,0.0047081448866771215,0.009897111177294964,0.004708143730845354,2.64,10.029,22.1778259277344,165.274383544922,499.93213,498.93087,819.0
134 1894 - Serum.d.DeMP,250.0,No,0.00042333369839911216,0.0047433123745058625,-0.0004233307457650777,2.13,9.464,21.3678436279297,159.737197875977,448.93267,448.93267,1887.0
134 1894 - Serum.d.DeMP,250.0,No,0.00042333369839911216,0.0047433123745058625,-0.0004233307457650777,2.13,9.464,21.3678436279297,159.737197875977,449.93402,448.93267,147.0
134 1894 - Serum.d.DeMP,250.0,No,0.00042333369839911216,0.0047433123745058625,-0.0004233307457650777,2.13,9.464,21.3678436279297,159.737197875977,450.93035,448.93267,70.0
134 1894 - Serum.d.DeMP,367.0,Cl2_Br0,0.01288906482022205,-0.00527837893187036,-0.012889064700131948,1.02,5.914,17.052677154541,131.322280883789,220.93933,220.93933,2303.0
134 1894 - Serum.d.DeMP,367.0,Cl2_Br0,0.01288906482022205,-0.00527837893187036,-0.012889064700131948,1.02,5.914,17.052677154541,131.322280883789,221.94102,220.93933,166.0
134 1894 - Serum.d.DeMP,367.0,Cl2_Br0,0.01288906482022205,-0.00527837893187036,-0.012889064700131948,1.02,5.914,17.052677154541,131.322280883789,222.93643,220.93933,1540.0
137 3330 - Serum.d.DeMP,19.0,Cl0_Br1,0.016293395009805003,-0.005160649971812814,-0.016293394918996874,1.02,6.382,17.8609657287598,136.77685546875,244.90822,244.90822,29716.0
137 3330 - Serum.d.DeMP,19.0,Cl0_Br1,0.016293395009805003,-0.005160649971812814,-0.016293394918996874,1.02,6.382,17.8609657287598,136.77685546875,245.91044,244.90822,2350.0
137 3330 - Serum.d.DeMP,19.0,Cl0_Br1,0.016293395009805003,-0.005160649971812814,-0.016293394918996874,1.02,6.382,17.8609657287598,136.77685546875,246.90538,244.90822,29287.0
137 3330 - Serum.d.DeMP,19.0,Cl0_Br1,0.016293395009805003,-0.005160649971812814,-0.016293394918996874,1.02,6.382,17.8609657287598,136.77685546875,247.90772,244.90822,2332.0
137 3330 - Serum.d.DeMP,19.0,Cl0_Br1,0.016293395009805003,-0.005160649971812814,-0.016293394918996874,1.02,6.382,17.8609657287598,136.77685546875,248.90214,244.90822,8255.0
137 3330 - Serum.d.DeMP,19.0,Cl0_Br1,0.016293395009805003,-0.005160649971812814,-0.016293394918996874,1.02,6.382,17.8609657287598,136.77685546875,249.90463,244.90822,589.0
137 3330 - Serum.d.DeMP,19.0,Cl0_Br1,0.016293395009805003,-0.005160649971812814,-0.016293394918996874,1.02,6.382,17.8609657287598,136.77685546875,250.89864,244.90822,711.0
137 3330 - Serum.d.DeMP,51.0,No,0.003392018247612169,0.00846279500170879,0.0033920170746148167,2.2,10.029,22.1778259277344,165.274383544922,498.93026,498.93026,2969.0
137 3330 - Serum.d.DeMP,51.0,No,0.003392018247612169,0.00846279500170879,0.0033920170746148167,2.2,10.029,22.1778259277344,165.274383544922,499.93262,498.93026,219.0
137 3330 - Serum.d.DeMP,387.0,Cl2_Br0,0.011453913749940809,-0.0021301495538436984,-0.01145391372793214,1.35,5.914,17.052677154541,131.322280883789,220.9395,220.9395,2922.0
137 3330 - Serum.d.DeMP,387.0,Cl2_Br0,0.011453913749940809,-0.0021301495538436984,-0.01145391372793214,1.35,5.914,17.052677154541,131.322280883789,221.94258,220.9395,165.0
137 3330 - Serum.d.DeMP,387.0,Cl2_Br0,0.011453913749940809,-0.0021301495538436984,-0.01145391372793214,1.35,5.914,17.052677154541,131.322280883789,222.93645,220.9395,1894.0
35 2286 - Serum.d.DeMP,18.0,Cl3_Br0,0.016101416263885067,-0.0035681770341372855,-0.01610141621995557,1.13,6.382,17.8609657287598,136.77685546875,244.90798,244.90798,21953.0
35 2286 - Serum.d.DeMP,18.0,Cl3_Br0,0.016101416263885067,-0.0035681770341372855,-0.01610141621995557,1.13,6.382,17.8609657287598,136.77685546875,245.90992,244.90798,1525.0
35 2286 - Serum.d.DeMP,18.0,Cl3_Br0,0.016101416263885067,-0.0035681770341372855,-0.01610141621995557,1.13,6.382,17.8609657287598,136.77685546875,246.90506,244.90798,20872.0
35 2286 - Serum.d.DeMP,18.0,Cl3_Br0,0.016101416263885067,-0.0035681770341372855,-0.01610141621995557,1.13,6.382,17.8609657287598,136.77685546875,247.90729,244.90798,1540.0
35 2286 - Serum.d.DeMP,18.0,Cl3_Br0,0.016101416263885067,-0.0035681770341372855,-0.01610141621995557,1.13,6.382,17.8609657287598,136.77685546875,248.90177,244.90798,6580.0
35 2286 - Serum.d.DeMP,18.0,Cl3_Br0,0.016101416263885067,-0.0035681770341372855,-0.01610141621995557,1.13,6.382,17.8609657287598,136.77685546875,249.90384,244.90798,484.0
35 2286 - Serum.d.DeMP,18.0,Cl3_Br0,0.016101416263885067,-0.0035681770341372855,-0.01610141621995557,1.13,6.382,17.8609657287598,136.77685546875,250.8984,244.90798,562.0
35 2286 - Serum.d.DeMP,47.0,No,0.005774602083587961,0.01145803739847465,0.0057746008205222365,2.64,10.029,22.1778259277344,165.274383544922,498.9293,498.9293,3945.0
35 2286 - Serum.d.DeMP,47.0,No,0.005774602083587961,0.01145803739847465,0.0057746008205222365,2.64,10.029,22.1778259277344,165.274383544922,499.93129,498.9293,260.0
35 2286 - Serum.d.DeMP,47.0,No,0.005774602083587961,0.01145803739847465,0.0057746008205222365,2.64,10.029,22.1778259277344,165.274383544922,500.92645,498.9293,143.0
35 2286 - Serum.d.DeMP,838.0,No,0.003459944255289743,0.012440961625560415,0.0034599417700605286,2.5,7.14,18.852481842041,142.156143188477,348.93799,348.93799,1931.0
35 2286 - Serum.d.DeMP,838.0,No,0.003459944255289743,0.012440961625560415,0.0034599417700605286,2.5,7.14,18.852481842041,142.156143188477,349.9399,348.93799,86.0
38 2182 - Serum.d.DeMP,19.0,Cl3_Br0,0.016020754076353668,-0.002963814871856281,-0.016020754045892493,1.18,6.382,17.8609657287598,136.77685546875,244.90795,244.90795,19939.0
38 2182 - Serum.d.DeMP,19.0,Cl3_Br0,0.016020754076353668,-0.002963814871856281,-0.016020754045892493,1.18,6.382,17.8609657287598,136.77685546875,245.90995,244.90795,1324.0
38 2182 - Serum.d.DeMP,19.0,Cl3_Br0,0.016020754076353668,-0.002963814871856281,-0.016020754045892493,1.18,6.382,17.8609657287598,136.77685546875,246.90518,244.90795,18528.0
38 2182 - Serum.d.DeMP,19.0,Cl3_Br0,0.016020754076353668,-0.002963814871856281,-0.016020754045892493,1.18,6.382,17.8609657287598,136.77685546875,247.90693,244.90795,1299.0
38 2182 - Serum.d.DeMP,19.0,Cl3_Br0,0.016020754076353668,-0.002963814871856281,-0.016020754045892493,1.18,6.382,17.8609657287598,136.77685546875,248.90167,244.90795,5751.0
38 2182 - Serum.d.DeMP,19.0,Cl3_Br0,0.016020754076353668,-0.002963814871856281,-0.016020754045892493,1.18,6.382,17.8609657287598,136.77685546875,249.90356,244.90795,365.0
38 2182 - Serum.d.DeMP,19.0,Cl3_Br0,0.016020754076353668,-0.002963814871856281,-0.016020754045892493,1.18,6.382,17.8609657287598,136.77685546875,250.89786,244.90795,511.0
38 2182 - Serum.d.DeMP,51.0,No,0.004849279446993175,0.010094563469710433,0.004849278279577766,2.64,10.029,22.1778259277344,165.274383544922,498.9307,498.9307,11882.0
38 2182 - Serum.d.DeMP,51.0,No,0.004849279446993175,0.010094563469710433,0.004849278279577766,2.64,10.029,22.1778259277344,165.274383544922,499.9317,498.9307,823.0
38 2182 - Serum.d.DeMP,51.0,No,0.004849279446993175,0.010094563469710433,0.004849278279577766,2.64,10.029,22.1778259277344,165.274383544922,500.92581,498.9307,403.0
41 2187 - Serum.d.DeMP,19.0,Cl3_Br0,0.016120201630699476,-0.003711848118303399,-0.016120201583216556,1.13,6.382,17.8609657287598,136.77685546875,244.90799,244.90799,18224.0
41 2187 - Serum.d.DeMP,19.0,Cl3_Br0,0.016120201630699476,-0.003711848118303399,-0.016120201583216556,1.13,6.382,17.8609657287598,136.77685546875,245.90988,244.90799,1280.0
41 2187 - Serum.d.DeMP,19.0,Cl3_Br0,0.016120201630699476,-0.003711848118303399,-0.016120201583216556,1.13,6.382,17.8609657287598,136.77685546875,246.90503,244.90799,17476.0
41 2187 - Serum.d.DeMP,19.0,Cl3_Br0,0.016120201630699476,-0.003711848118303399,-0.016120201583216556,1.13,6.382,17.8609657287598,136.77685546875,247.90722,244.90799,1192.0
41 2187 - Serum.d.DeMP,19.0,Cl3_Br0,0.016120201630699476,-0.003711848118303399,-0.016120201583216556,1.13,6.382,17.8609657287598,136.77685546875,248.90157,244.90799,5539.0
41 2187 - Serum.d.DeMP,19.0,Cl3_Br0,0.016120201630699476,-0.003711848118303399,-0.016120201583216556,1.13,6.382,17.8609657287598,136.77685546875,249.90362,244.90799,432.0
41 2187 - Serum.d.DeMP,19.0,Cl3_Br0,0.016120201630699476,-0.003711848118303399,-0.016120201583216556,1.13,6.382,17.8609657287598,136.77685546875,250.89798,244.90799,421.0
41 2187 - Serum.d.DeMP,51.0,No,0.0006583044338742739,0.0035045245604914516,-0.0006583033973982209,2.1,10.029,22.1778259277344,165.274383544922,498.9316,498.9316,41776.0
41 2187 - Serum.d.DeMP,51.0,No,0.0006583044338742739,0.0035045245604914516,-0.0006583033973982209,2.1,10.029,22.1778259277344,165.274383544922,499.93378,498.9316,3839.0
41 2187 - Serum.d.DeMP,51.0,No,0.0006583044338742739,0.0035045245604914516,-0.0006583033973982209,2.1,10.029,22.1778259277344,165.274383544922,500.92781,498.9316,1878.0
41 2187 - Serum.d.DeMP,51.0,No,0.0006583044338742739,0.0035045245604914516,-0.0006583033973982209,2.1,10.029,22.1778259277344,165.274383544922,501.92839,498.9316,122.0
41 2187 - Serum.d.DeMP,260.0,No,0.002750121709773841,0.00837666276955476,0.0027501202922911774,2.58,9.464,21.3678436279297,159.737197875977,448.93385,448.93385,4925.0
41 2187 - Serum.d.DeMP,260.0,No,0.002750121709773841,0.00837666276955476,0.0027501202922911774,2.58,9.464,21.3678436279297,159.737197875977,449.93592,448.93385,328.0
41 2187 - Serum.d.DeMP,260.0,No,0.002750121709773841,0.00837666276955476,0.0027501202922911774,2.58,9.464,21.3678436279297,159.737197875977,450.92942,448.93385,179.0
41 2187 - Serum.d.DeMP,396.0,Cl2_Br0,0.01247715037678114,-0.004360650744408319,-0.012477150292114037,1.06,5.914,17.052677154541,131.322280883789,220.93935,220.93935,1784.0
41 2187 - Serum.d.DeMP,396.0,Cl2_Br0,0.01247715037678114,-0.004360650744408319,-0.012477150292114037,1.06,5.914,17.052677154541,131.322280883789,221.94316,220.93935,119.0
41 2187 - Serum.d.DeMP,396.0,Cl2_Br0,0.01247715037678114,-0.004360650744408319,-0.012477150292114037,1.06,5.914,17.052677154541,131.322280883789,222.93636,220.93935,1124.0
41 2187 - Serum.d.DeMP,396.0,Cl2_Br0,0.01247715037678114,-0.004360650744408319,-0.012477150292114037,1.06,5.914,17.052677154541,131.322280883789,223.93948,220.93935,57.0
41 2187 - Serum.d.DeMP,396.0,Cl2_Br0,0.01247715037678114,-0.004360650744408319,-0.012477150292114037,1.06,5.914,17.052677154541,131.322280883789,224.93383,220.93935,183.0
41 2187 - Serum.d.DeMP,1244.0,Cl2_Br0,0.013693002980854442,-0.0074734401399857075,-0.013693002754249218,0.85,5.572,16.7997741699219,129.944869995117,204.94501,204.94501,990.0
41 2187 - Serum.d.DeMP,1244.0,Cl2_Br0,0.013693002980854442,-0.0074734401399857075,-0.013693002754249218,0.85,5.572,16.7997741699219,129.944869995117,205.94897,204.94501,82.0
41 2187 - Serum.d.DeMP,1244.0,Cl2_Br0,0.013693002980854442,-0.0074734401399857075,-0.013693002754249218,0.85,5.572,16.7997741699219,129.944869995117,206.94243,204.94501,742.0
44 2854 - Serum.d.DeMP,19.0,Cl0_Br1,0.01636827974471076,-0.005381874200696919,-0.016368279646402153,1.02,6.382,17.8609657287598,136.77685546875,244.90791,244.90791,126897.0
44 2854 - Serum.d.DeMP,19.0,Cl0_Br1,0.01636827974471076,-0.005381874200696919,-0.016368279646402153,1.02,6.382,17.8609657287598,136.77685546875,245.91063,244.90791,10232.0
44 2854 - Serum.d.DeMP,19.0,Cl0_Br1,0.01636827974471076,-0.005381874200696919,-0.016368279646402153,1.02,6.382,17.8609657287598,136.77685546875,246.90495,244.90791,123477.0
44 2854 - Serum.d.DeMP,19.0,Cl0_Br1,0.01636827974471076,-0.005381874200696919,-0.016368279646402153,1.02,6.382,17.8609657287598,136.77685546875,247.90787,244.90791,10034.0
44 2854 - Serum.d.DeMP,19.0,Cl0_Br1,0.01636827974471076,-0.005381874200696919,-0.016368279646402153,1.02,6.382,17.8609657287598,136.77685546875,248.90191,244.90791,38500.0
44 2854 - Serum.d.DeMP,19.0,Cl0_Br1,0.01636827974471076,-0.005381874200696919,-0.016368279646402153,1.02,6.382,17.8609657287598,136.77685546875,249.90431,244.90791,3212.0
44 2854 - Serum.d.DeMP,19.0,Cl0_Br1,0.01636827974471076,-0.005381874200696919,-0.016368279646402153,1.02,6.382,17.8609657287598,136.77685546875,250.8986,244.90791,3848.0
44 2854 - Serum.d.DeMP,19.0,Cl0_Br1,0.01636827974471076,-0.005381874200696919,-0.016368279646402153,1.02,6.382,17.8609657287598,136.77685546875,251.90063,244.90791,275.0
44 2854 - Serum.d.DeMP,51.0,No,0.005045309304157473,0.010416282211342902,0.005045308109439971,2.64,10.029,22.1778259277344,165.274383544922,498.93022,498.93022,15926.0
44 2854 - Serum.d.DeMP,51.0,No,0.005045309304157473,0.010416282211342902,0.005045308109439971,2.64,10.029,22.1778259277344,165.274383544922,499.93199,498.93022,1090.0
44 2854 - Serum.d.DeMP,51.0,No,0.005045309304157473,0.010416282211342902,0.005045308109439971,2.64,10.029,22.1778259277344,165.274383544922,500.92573,498.93022,589.0
44 2854 - Serum.d.DeMP,265.0,No,0.0009103197904237706,0.00644511355673984,0.0009103172553227949,2.2,9.464,21.3678436279297,159.737197875977,448.93228,448.93228,2910.0
44 2854 - Serum.d.DeMP,265.0,No,0.0009103197904237706,0.00644511355673984,0.0009103172553227949,2.2,9.464,21.3678436279297,159.737197875977,449.93484,448.93228,210.0
44 2854 - Serum.d.DeMP,398.0,Cl2_Br0,0.012864356095503793,-0.005138477949910842,-0.012864355981476599,1.02,5.914,17.052677154541,131.322280883789,220.93909,220.93909,2556.0
44 2854 - Serum.d.DeMP,398.0,Cl2_Br0,0.012864356095503793,-0.005138477949910842,-0.012864355981476599,1.02,5.914,17.052677154541,131.322280883789,221.9423,220.93909,182.0
44 2854 - Serum.d.DeMP,398.0,Cl2_Br0,0.012864356095503793,-0.005138477949910842,-0.012864355981476599,1.02,5.914,17.052677154541,131.322280883789,222.93618,220.93909,1647.0
44 2854 - Serum.d.DeMP,398.0,Cl2_Br0,0.012864356095503793,-0.005138477949910842,-0.012864355981476599,1.02,5.914,17.052677154541,131.322280883789,223.93858,220.93909,119.0
44 2854 - Serum.d.DeMP,398.0,Cl2_Br0,0.012864356095503793,-0.005138477949910842,-0.012864355981476599,1.02,5.914,17.052677154541,131.322280883789,224.93306,220.93909,195.0
44 2854 - Serum.d.DeMP,721.0,Cl2_Br0,0.007143146211148107,-0.002690009533451495,-0.007143146154869208,1.19,10.951,23.7734527587891,177.661804199219,450.92558,450.92558,4455.0
44 2854 - Serum.d.DeMP,721.0,Cl2_Br0,0.007143146211148107,-0.002690009533451495,-0.007143146154869208,1.19,10.951,23.7734527587891,177.661804199219,451.92739,450.92558,534.0
44 2854 - Serum.d.DeMP,721.0,Cl2_Br0,0.007143146211148107,-0.002690009533451495,-0.007143146154869208,1.19,10.951,23.7734527587891,177.661804199219,452.92259,450.92558,3202.0
44 2854 - Serum.d.DeMP,721.0,Cl2_Br0,0.007143146211148107,-0.002690009533451495,-0.007143146154869208,1.19,10.951,23.7734527587891,177.661804199219,453.92492,450.92558,358.0
44 2854 - Serum.d.DeMP,721.0,Cl2_Br0,0.007143146211148107,-0.002690009533451495,-0.007143146154869208,1.19,10.951,23.7734527587891,177.661804199219,454.9186,450.92558,476.0
44 2854 - Serum.d.DeMP,721.0,Cl2_Br0,0.007143146211148107,-0.002690009533451495,-0.007143146154869208,1.19,10.951,23.7734527587891,177.661804199219,455.92242,450.92558,76.0
44 2854 - Serum.d.DeMP,913.0,No,0.008686499021006388,-0.009749990607180228,-0.008686498413023817,0.67,2.593,19.7186737060547,150.205703735352,273.00653,273.00653,1316.0
44 2854 - Serum.d.DeMP,913.0,No,0.008686499021006388,-0.009749990607180228,-0.008686498413023817,0.67,2.593,19.7186737060547,150.205703735352,274.00844,273.00653,193.0
47 2911 - Serum.d.DeMP,19.0,Cl3_Br0,0.016141472269162356,-0.003795045007797495,-0.01614147221959244,1.23,6.382,17.8609657287598,136.77685546875,244.90793,244.90793,27118.0
47 2911 - Serum.d.DeMP,19.0,Cl3_Br0,0.016141472269162356,-0.003795045007797495,-0.01614147221959244,1.23,6.382,17.8609657287598,136.77685546875,245.91025,244.90793,1917.0
47 2911 - Serum.d.DeMP,19.0,Cl3_Br0,0.016141472269162356,-0.003795045007797495,-0.01614147221959244,1.23,6.382,17.8609657287598,136.77685546875,246.90503,244.90793,25812.0
47 2911 - Serum.d.DeMP,19.0,Cl3_Br0,0.016141472269162356,-0.003795045007797495,-0.01614147221959244,1.23,6.382,17.8609657287598,136.77685546875,247.90759,244.90793,1939.0
47 2911 - Serum.d.DeMP,19.0,Cl3_Br0,0.016141472269162356,-0.003795045007797495,-0.01614147221959244,1.23,6.382,17.8609657287598,136.77685546875,248.90166,244.90793,8055.0
47 2911 - Serum.d.DeMP,19.0,Cl3_Br0,0.016141472269162356,-0.003795045007797495,-0.01614147221959244,1.23,6.382,17.8609657287598,136.77685546875,249.90375,244.90793,577.0
47 2911 - Serum.d.DeMP,19.0,Cl3_Br0,0.016141472269162356,-0.003795045007797495,-0.01614147221959244,1.23,6.382,17.8609657287598,136.77685546875,250.89815,244.90793,555.0
47 2911 - Serum.d.DeMP,857.0,No,0.006579895775709024,-0.008180871983974025,-0.006579895210631943,0.7,2.593,19.7186737060547,150.205703735352,273.00656,273.00656,2493.0
47 2911 - Serum.d.DeMP,857.0,No,0.006579895775709024,-0.008180871983974025,-0.006579895210631943,0.7,2.593,19.7186737060547,150.205703735352,274.00926,273.00656,298.0
47 2911 - Serum.d.DeMP,1075.0,No,0.010854456674453368,-0.0052805941043157995,-0.01085445653173332,1.02,6.842,17.0604114532471,131.362228393555,223.95185,223.95185,1300.0
47 2911 - Serum.d.DeMP,1075.0,No,0.010854456674453368,-0.0052805941043157995,-0.01085445653173332,1.02,6.842,17.0604114532471,131.362228393555,224.95325,223.95185,95.0
80 2003 - Serum.d.DeMP,19.0,Cl0_Br1,0.01630859578139243,-0.00430274180101294,-0.016308595718325526,1.03,6.382,17.8609657287598,136.77685546875,244.9073,244.9073,26687.0
80 2003 - Serum.d.DeMP,19.0,Cl0_Br1,0.01630859578139243,-0.00430274180101294,-0.016308595718325526,1.03,6.382,17.8609657287598,136.77685546875,245.90967,244.9073,1964.0
80 2003 - Serum.d.DeMP,19.0,Cl0_Br1,0.01630859578139243,-0.00430274180101294,-0.016308595718325526,1.03,6.382,17.8609657287598,136.77685546875,246.90442,244.9073,26041.0
80 2003 - Serum.d.DeMP,19.0,Cl0_Br1,0.01630859578139243,-0.00430274180101294,-0.016308595718325526,1.03,6.382,17.8609657287598,136.77685546875,247.90653,244.9073,1914.0
80 2003 - Serum.d.DeMP,19.0,Cl0_Br1,0.01630859578139243,-0.00430274180101294,-0.016308595718325526,1.03,6.382,17.8609657287598,136.77685546875,248.90117,244.9073,7741.0
80 2003 - Serum.d.DeMP,19.0,Cl0_Br1,0.01630859578139243,-0.00430274180101294,-0.016308595718325526,1.03,6.382,17.8609657287598,136.77685546875,249.9034,244.9073,556.0
80 2003 - Serum.d.DeMP,19.0,Cl0_Br1,0.01630859578139243,-0.00430274180101294,-0.016308595718325526,1.03,6.382,17.8609657287598,136.77685546875,250.89786,244.9073,612.0
80 2003 - Serum.d.DeMP,49.0,No,0.000525335670369883,0.005090427054969122,0.0005253329300568639,2.14,10.029,22.1778259277344,165.274383544922,498.93025,498.93025,34673.0
80 2003 - Serum.d.DeMP,49.0,No,0.000525335670369883,0.005090427054969122,0.0005253329300568639,2.14,10.029,22.1778259277344,165.274383544922,499.93188,498.93025,2954.0
80 2003 - Serum.d.DeMP,49.0,No,0.000525335670369883,0.005090427054969122,0.0005253329300568639,2.14,10.029,22.1778259277344,165.274383544922,500.92626,498.93025,1379.0
80 2003 - Serum.d.DeMP,49.0,No,0.000525335670369883,0.005090427054969122,0.0005253329300568639,2.14,10.029,22.1778259277344,165.274383544922,501.93109,498.93025,59.0
80 2003 - Serum.d.DeMP,248.0,No,0.00764892808582372,0.014778358429345363,0.0076489264995455285,2.5,9.464,21.3678436279297,159.737197875977,448.93197,448.93197,4770.0
80 2003 - Serum.d.DeMP,248.0,No,0.00764892808582372,0.014778358429345363,0.0076489264995455285,2.5,9.464,21.3678436279297,159.737197875977,449.93477,448.93197,253.0
80 2003 - Serum.d.DeMP,248.0,No,0.00764892808582372,0.014778358429345363,0.0076489264995455285,2.5,9.464,21.3678436279297,159.737197875977,450.92772,448.93197,154.0
80 2003 - Serum.d.DeMP,850.0,No,0.007115052322193499,-0.008527910108689075,-0.007115051754342176,0.67,2.593,19.7186737060547,150.205703735352,273.00578,273.00578,1019.0
80 2003 - Serum.d.DeMP,850.0,No,0.007115052322193499,-0.008527910108689075,-0.007115051754342176,0.67,2.593,19.7186737060547,150.205703735352,274.0084,273.00578,127.0
80 2003 - Serum.d.DeMP,883.0,No,0.0027643757615910796,0.013777008351141418,0.002764371947065237,2.5,5.403,17.5972499847412,133.546493530273,298.94138,298.94138,3262.0
80 2003 - Serum.d.DeMP,883.0,No,0.0027643757615910796,0.013777008351141418,0.002764371947065237,2.5,5.403,17.5972499847412,133.546493530273,299.94274,298.94138,119.0
83 2095 - Serum.d.DeMP,19.0,Cl3_Br0,0.01645394734006037,-0.005664487909612285,-0.016453947231722894,0.99,6.382,17.8609657287598,136.77685546875,244.90757,244.90757,54919.0
83 2095 - Serum.d.DeMP,19.0,Cl3_Br0,0.01645394734006037,-0.005664487909612285,-0.016453947231722894,0.99,6.382,17.8609657287598,136.77685546875,245.9101,244.90757,4542.0
83 2095 - Serum.d.DeMP,19.0,Cl3_Br0,0.01645394734006037,-0.005664487909612285,-0.016453947231722894,0.99,6.382,17.8609657287598,136.77685546875,246.90474,244.90757,52777.0
83 2095 - Serum.d.DeMP,19.0,Cl3_Br0,0.01645394734006037,-0.005664487909612285,-0.016453947231722894,0.99,6.382,17.8609657287598,136.77685546875,247.90704,244.90757,4419.0
83 2095 - Serum.d.DeMP,19.0,Cl3_Br0,0.01645394734006037,-0.005664487909612285,-0.016453947231722894,0.99,6.382,17.8609657287598,136.77685546875,248.90154,244.90757,16527.0
83 2095 - Serum.d.DeMP,19.0,Cl3_Br0,0.01645394734006037,-0.005664487909612285,-0.016453947231722894,0.99,6.382,17.8609657287598,136.77685546875,249.90371,244.90757,1154.0
83 2095 - Serum.d.DeMP,19.0,Cl3_Br0,0.01645394734006037,-0.005664487909612285,-0.016453947231722894,0.99,6.382,17.8609657287598,136.77685546875,250.89761,244.90757,1492.0
83 2095 - Serum.d.DeMP,19.0,Cl3_Br0,0.01645394734006037,-0.005664487909612285,-0.016453947231722894,0.99,6.382,17.8609657287598,136.77685546875,251.90024,244.90757,117.0
83 2095 - Serum.d.DeMP,51.0,No,0.0009082048280459322,0.003423031223601861,-0.0009082041112994316,1.93,10.029,22.1778259277344,165.274383544922,498.93011,498.93011,49996.0
83 2095 - Serum.d.DeMP,51.0,No,0.0009082048280459322,0.003423031223601861,-0.0009082041112994316,1.93,10.029,22.1778259277344,165.274383544922,499.93228,498.93011,4613.0
83 2095 - Serum.d.DeMP,51.0,No,0.0009082048280459322,0.003423031223601861,-0.0009082041112994316,1.93,10.029,22.1778259277344,165.274383544922,500.92663,498.93011,2212.0
83 2095 - Serum.d.DeMP,259.0,No,0.004153025932353881,0.010295396280549625,0.0041530245144425874,2.64,9.464,21.3678436279297,159.737197875977,448.93283,448.93283,8778.0
83 2095 - Serum.d.DeMP,259.0,No,0.004153025932353881,0.010295396280549625,0.0041530245144425874,2.64,9.464,21.3678436279297,159.737197875977,449.93424,448.93283,543.0
83 2095 - Serum.d.DeMP,259.0,No,0.004153025932353881,0.010295396280549625,0.0041530245144425874,2.64,9.464,21.3678436279297,159.737197875977,450.92914,448.93283,239.0
83 2095 - Serum.d.DeMP,395.0,Cl2_Br0,0.012365282508252477,-0.003950581993540836,-0.012365282438131878,1.23,5.914,17.052677154541,131.322280883789,220.93894,220.93894,2649.0
83 2095 - Serum.d.DeMP,395.0,Cl2_Br0,0.012365282508252477,-0.003950581993540836,-0.012365282438131878,1.23,5.914,17.052677154541,131.322280883789,221.94206,220.93894,171.0
83 2095 - Serum.d.DeMP,395.0,Cl2_Br0,0.012365282508252477,-0.003950581993540836,-0.012365282438131878,1.23,5.914,17.052677154541,131.322280883789,222.9361,220.93894,1732.0
83 2095 - Serum.d.DeMP,732.0,Cl2_Br0,0.007667513797438193,-0.003309017304360653,-0.007667513718102063,1.16,10.951,23.7734527587891,177.661804199219,450.92507,450.92507,2974.0
83 2095 - Serum.d.DeMP,732.0,Cl2_Br0,0.007667513797438193,-0.003309017304360653,-0.007667513718102063,1.16,10.951,23.7734527587891,177.661804199219,451.92752,450.92507,373.0
83 2095 - Serum.d.DeMP,732.0,Cl2_Br0,0.007667513797438193,-0.003309017304360653,-0.007667513718102063,1.16,10.951,23.7734527587891,177.661804199219,452.92209,450.92507,2011.0
83 2095 - Serum.d.DeMP,732.0,Cl2_Br0,0.007667513797438193,-0.003309017304360653,-0.007667513718102063,1.16,10.951,23.7734527587891,177.661804199219,453.924,450.92507,215.0
83 2095 - Serum.d.DeMP,732.0,Cl2_Br0,0.007667513797438193,-0.003309017304360653,-0.007667513718102063,1.16,10.951,23.7734527587891,177.661804199219,454.91838,450.92507,341.0
83 2095 - Serum.d.DeMP,1098.0,Cl2_Br0,0.013816774758607693,-0.008099761571297489,-0.013816774494813463,0.75,4.378,17.0200271606445,131.369354248047,210.94477,210.94477,787.0
83 2095 - Serum.d.DeMP,1098.0,Cl2_Br0,0.013816774758607693,-0.008099761571297489,-0.013816774494813463,0.75,4.378,17.0200271606445,131.369354248047,211.94715,210.94477,72.0
83 2095 - Serum.d.DeMP,1098.0,Cl2_Br0,0.013816774758607693,-0.008099761571297489,-0.013816774494813463,0.75,4.378,17.0200271606445,131.369354248047,212.94193,210.94477,539.0
86 2046 - Serum.d.DeMP,19.0,Cl0_Br1,0.016389551769337467,-0.005355803797056936,-0.016389551672105353,1.02,6.382,17.8609657287598,136.77685546875,244.90773,244.90773,46416.0
86 2046 - Serum.d.DeMP,19.0,Cl0_Br1,0.016389551769337467,-0.005355803797056936,-0.016389551672105353,1.02,6.382,17.8609657287598,136.77685546875,245.91012,244.90773,3734.0
86 2046 - Serum.d.DeMP,19.0,Cl0_Br1,0.016389551769337467,-0.005355803797056936,-0.016389551672105353,1.02,6.382,17.8609657287598,136.77685546875,246.9048,244.90773,45415.0
86 2046 - Serum.d.DeMP,19.0,Cl0_Br1,0.016389551769337467,-0.005355803797056936,-0.016389551672105353,1.02,6.382,17.8609657287598,136.77685546875,247.90727,244.90773,3684.0
86 2046 - Serum.d.DeMP,19.0,Cl0_Br1,0.016389551769337467,-0.005355803797056936,-0.016389551672105353,1.02,6.382,17.8609657287598,136.77685546875,248.90185,244.90773,13287.0
86 2046 - Serum.d.DeMP,19.0,Cl0_Br1,0.016389551769337467,-0.005355803797056936,-0.016389551672105353,1.02,6.382,17.8609657287598,136.77685546875,249.90402,244.90773,993.0
86 2046 - Serum.d.DeMP,19.0,Cl0_Br1,0.016389551769337467,-0.005355803797056936,-0.016389551672105353,1.02,6.382,17.8609657287598,136.77685546875,250.8982,244.90773,1095.0
86 2046 - Serum.d.DeMP,19.0,Cl0_Br1,0.016389551769337467,-0.005355803797056936,-0.016389551672105353,1.02,6.382,17.8609657287598,136.77685546875,251.89903,244.90773,87.0
86 2046 - Serum.d.DeMP,51.0,No,0.0016658176896912678,0.006367585783679287,0.0016658163374636227,2.14,10.029,22.1778259277344,165.274383544922,498.93065,498.93065,32794.0
86 2046 - Serum.d.DeMP,51.0,No,0.0016658176896912678,0.006367585783679287,0.0016658163374636227,2.14,10.029,22.1778259277344,165.274383544922,499.93243,498.93065,2639.0
86 2046 - Serum.d.DeMP,51.0,No,0.0016658176896912678,0.006367585783679287,0.0016658163374636227,2.14,10.029,22.1778259277344,165.274383544922,500.9269,498.93065,1219.0
86 2046 - Serum.d.DeMP,51.0,No,0.0016658176896912678,0.006367585783679287,0.0016658163374636227,2.14,10.029,22.1778259277344,165.274383544922,501.92772,498.93065,82.0
86 2046 - Serum.d.DeMP,262.0,No,0.01064511543069351,0.018256804511573358,0.010645113691184488,2.5,9.464,21.3678436279297,159.737197875977,448.93267,448.93267,5528.0
86 2046 - Serum.d.DeMP,262.0,No,0.01064511543069351,0.018256804511573358,0.010645113691184488,2.5,9.464,21.3678436279297,159.737197875977,449.9346,448.93267,264.0
86 2046 - Serum.d.DeMP,516.0,Cl0_Br1,0.009740749827220613,-0.0037860251263131654,-0.009740749745467916,1.23,6.842,17.0534992218018,131.294815063477,221.95332,221.95332,781.0
86 2046 - Serum.d.DeMP,516.0,Cl0_Br1,0.009740749827220613,-0.0037860251263131654,-0.009740749745467916,1.23,6.842,17.0534992218018,131.294815063477,222.956,221.95332,50.0
86 2046 - Serum.d.DeMP,516.0,Cl0_Br1,0.009740749827220613,-0.0037860251263131654,-0.009740749745467916,1.23,6.842,17.0534992218018,131.294815063477,223.9519,221.95332,700.0
86 2046 - Serum.d.DeMP,801.0,No,0.0031569950588512512,-0.007412684660187059,-0.00315699409189971,0.79,4.546,17.2796306610107,133.428573608398,211.02326,211.02326,1617.0
86 2046 - Serum.d.DeMP,801.0,No,0.0031569950588512512,-0.007412684660187059,-0.00315699409189971,0.79,4.546,17.2796306610107,133.428573608398,212.0258,211.02326,137.0
89 2889 - Serum.d.DeMP,19.0,Cl3_Br0,0.01632792635359351,-0.0046462112716917706,-0.016327926280143075,1.06,6.382,17.8609657287598,136.77685546875,244.90748,244.90748,34506.0
89 2889 - Serum.d.DeMP,19.0,Cl3_Br0,0.01632792635359351,-0.0046462112716917706,-0.016327926280143075,1.06,6.382,17.8609657287598,136.77685546875,245.90976,244.90748,2612.0
89 2889 - Serum.d.DeMP,19.0,Cl3_Br0,0.01632792635359351,-0.0046462112716917706,-0.016327926280143075,1.06,6.382,17.8609657287598,136.77685546875,246.90464,244.90748,32985.0
89 2889 - Serum.d.DeMP,19.0,Cl3_Br0,0.01632792635359351,-0.0046462112716917706,-0.016327926280143075,1.06,6.382,17.8609657287598,136.77685546875,247.90701,244.90748,2568.0
89 2889 - Serum.d.DeMP,19.0,Cl3_Br0,0.01632792635359351,-0.0046462112716917706,-0.016327926280143075,1.06,6.382,17.8609657287598,136.77685546875,248.90153,244.90748,9752.0
89 2889 - Serum.d.DeMP,19.0,Cl3_Br0,0.01632792635359351,-0.0046462112716917706,-0.016327926280143075,1.06,6.382,17.8609657287598,136.77685546875,249.90352,244.90748,672.0
89 2889 - Serum.d.DeMP,19.0,Cl3_Br0,0.01632792635359351,-0.0046462112716917706,-0.016327926280143075,1.06,6.382,17.8609657287598,136.77685546875,250.89759,244.90748,867.0
89 2889 - Serum.d.DeMP,51.0,No,0.00304886815582861,0.008118570363757394,0.0030488669548146535,2.4,10.029,22.1778259277344,165.274383544922,498.92992,498.92992,13826.0
89 2889 - Serum.d.DeMP,51.0,No,0.00304886815582861,0.008118570363757394,0.0030488669548146535,2.4,10.029,22.1778259277344,165.274383544922,499.93206,498.92992,1034.0
89 2889 - Serum.d.DeMP,51.0,No,0.00304886815582861,0.008118570363757394,0.0030488669548146535,2.4,10.029,22.1778259277344,165.274383544922,500.92474,498.92992,461.0
89 2889 - Serum.d.DeMP,261.0,No,0.005845350718605541,0.012520601697830142,0.005845349228670355,2.5,9.464,21.3678436279297,159.737197875977,448.93215,448.93215,2275.0
89 2889 - Serum.d.DeMP,261.0,No,0.005845350718605541,0.012520601697830142,0.005845349228670355,2.5,9.464,21.3678436279297,159.737197875977,449.93448,448.93215,130.0
89 2889 - Serum.d.DeMP,261.0,No,0.005845350718605541,0.012520601697830142,0.005845349228670355,2.5,9.464,21.3678436279297,159.737197875977,450.92936,448.93215,58.0
89 2889 - Serum.d.DeMP,388.0,Cl2_Br0,0.011832559982469104,-0.0026660988917606336,-0.011832559949095638,1.19,5.914,17.052677154541,131.322280883789,220.93877,220.93877,1518.0
89 2889 - Serum.d.DeMP,388.0,Cl2_Br0,0.011832559982469104,-0.0026660988917606336,-0.011832559949095638,1.19,5.914,17.052677154541,131.322280883789,221.94273,220.93877,89.0
89 2889 - Serum.d.DeMP,388.0,Cl2_Br0,0.011832559982469104,-0.0026660988917606336,-0.011832559949095638,1.19,5.914,17.052677154541,131.322280883789,222.93581,220.93877,979.0
89 2889 - Serum.d.DeMP,971.0,No,0.00038612019964238465,0.007414192325554893,-0.0003861122903593712,2.21,7.14,18.852481842041,142.156143188477,348.93728,348.93728,1226.0
89 2889 - Serum.d.DeMP,971.0,No,0.00038612019964238465,0.007414192325554893,-0.0003861122903593712,2.21,7.14,18.852481842041,142.156143188477,349.94043,348.93728,66.0
89 2889 - Serum.d.DeMP,2480.0,No,0.0014366785231459997,-6.211060008346203e-05,-0.0014366785229968236,1.52,10.94,24.5452938079834,182.406799316406,555.94924,555.94924,1029.0
89 2889 - Serum.d.DeMP,2480.0,No,0.0014366785231459997,-6.211060008346203e-05,-0.0014366785229968236,1.52,10.94,24.5452938079834,182.406799316406,556.95176,555.94924,128.0
92 3021 - Serum.d.DeMP,19.0,Cl3_Br0,0.016271484803326377,-0.004185113385728128,-0.01627148474352451,1.03,6.382,17.8609657287598,136.77685546875,244.90744,244.90744,10823.0
92 3021 - Serum.d.DeMP,19.0,Cl3_Br0,0.016271484803326377,-0.004185113385728128,-0.01627148474352451,1.03,6.382,17.8609657287598,136.77685546875,245.90979,244.90744,789.0
92 3021 - Serum.d.DeMP,19.0,Cl3_Br0,0.016271484803326377,-0.004185113385728128,-0.01627148474352451,1.03,6.382,17.8609657287598,136.77685546875,246.90455,244.90744,10190.0
92 3021 - Serum.d.DeMP,19.0,Cl3_Br0,0.016271484803326377,-0.004185113385728128,-0.01627148474352451,1.03,6.382,17.8609657287598,136.77685546875,247.90698,244.90744,695.0
92 3021 - Serum.d.DeMP,19.0,Cl3_Br0,0.016271484803326377,-0.004185113385728128,-0.01627148474352451,1.03,6.382,17.8609657287598,136.77685546875,248.90106,244.90744,2830.0
92 3021 - Serum.d.DeMP,19.0,Cl3_Br0,0.016271484803326377,-0.004185113385728128,-0.01627148474352451,1.03,6.382,17.8609657287598,136.77685546875,249.90363,244.90744,208.0
92 3021 - Serum.d.DeMP,19.0,Cl3_Br0,0.016271484803326377,-0.004185113385728128,-0.01627148474352451,1.03,6.382,17.8609657287598,136.77685546875,250.89759,244.90744,254.0
