ID,RT,DT,CCS,m/z,Z,Ions,Freq.,Q Score,Sat.,Mark, 2276-18.d.DeMP
4,10.463,22.768,168.82,498.9307,-1,6,107,100.0,x,False,86090.48647381345
37,10.18,22.31,165.43,498.9302,-1,4,91,100.0,,False,3499.2776688956037
52,11.779,21.968,167.16,249.1877,-1,4,82,100.0,,False,544.9477585078203
54,12.462,22.999,174.16,275.2028,-1,4,62,100.0,,False,1787.659293746833
62,10.23,22.447,166.44,498.9298,-1,4,49,100.0,,False,12060.631455509025
96,11.987,22.035,167.69,249.1876,-1,4,47,100.0,,False,78.34243908737335
104,16.458,40.019,293.64,818.5978,-1,5,68,56.1,,False,3217.2804663391607
110,11.222,23.487,174.45,468.9692,-1,2,106,100.0,,False,3149.8605055545504
120,15.727,29.22,217.07,465.3091,-1,4,106,93.7,,False,13.65261197161135
121,11.222,20.985,155.86,468.9681,-1,2,105,100.0,,False,3038.4518869947387
186,11.055,23.911,177.8,450.9256,-1,7,79,100.0,,False,1553.877714152002
198,16.384,40.131,294.45,826.6016,-1,4,59,100.0,,False,305.8027150078383
241,13.043,22.527,170.91,265.2191,-1,3,29,100.0,,False,737.90778525125
372,11.883,24.745,183.28,518.9641,-1,2,74,100.0,,False,108.18476144607484
385,11.217,21.936,167.0,247.1715,-1,3,65,100.0,,False,1753.3675667995042
430,16.002,23.801,179.69,293.1767,-1,2,31,83.0,,False,699.4264816994877
443,15.945,32.725,241.71,579.3964,-1,4,47,71.8,,False,206.62517329547632
504,8.778,20.872,155.11,462.9294,-1,3,64,100.0,,False,520.7000603876199
526,11.222,23.529,174.34,512.9581,-1,2,83,100.0,,False,717.3585206654794
531,12.457,22.533,170.98,263.2031,-1,3,35,100.0,,False,213.0270010116445
532,16.212,40.624,297.87,850.6019,-1,4,36,99.8,,False,550.9694979113785
608,11.223,26.885,199.2,512.9579,-1,2,82,100.0,,False,434.3064942107442
627,0.941,17.183,134.55,158.0834,-1,2,27,100.0,,False,1637.202008165305
644,15.029,40.023,293.6,824.5866,-1,4,32,99.2,,False,561.6110677530035
648,15.987,29.158,255.57,59.0191,-1,1,45,54.0,,False,120.87813130490872
651,16.042,34.997,306.69,59.0192,-1,1,37,97.5,,False,280.8782944592516
676,14.405,22.864,173.39,269.2482,-1,3,21,100.0,,False,580.999
689,3.829,23.112,173.9,321.1338,-1,3,31,100.0,,False,137.999
700,16.065,27.465,204.65,419.3029,-1,3,29,82.4,,False,646.9417609797783
711,11.184,26.209,218.04,84.995,-1,1,61,99.8,,False,183.55212259192422
731,16.215,37.2,273.29,748.5335,-1,4,55,100.0,,False,254.83322435502043
745,9.904,22.03,163.35,498.9279,-1,2,76,100.0,,False,34.41817375395914
761,15.205,30.586,226.68,509.3252,-1,4,21,100.0,,False,262.80398198416833
763,15.306,20.576,155.13,306.0449,-1,3,20,52.6,,False,1133.999
803,16.197,29.186,255.82,59.0192,-1,1,42,62.0,,False,795.999
837,11.953,29.694,220.17,501.2891,-1,3,51,100.0,,False,84.47286632678191
851,14.053,20.613,155.48,304.0522,-1,1,27,65.7,,False,169.95458623742297
870,14.902,18.416,140.59,233.0444,-1,2,19,51.7,,False,981.999
877,11.187,22.598,174.95,184.9849,-1,1,55,99.6,,False,589.9756183788401
882,11.055,22.909,170.81,414.9478,-1,3,36,100.0,,False,375.74740281202196
900,13.67,23.456,177.42,283.2652,-1,2,44,91.6,,False,580.999
901,10.395,22.368,169.55,269.2135,-1,3,23,100.0,,False,1102.999
929,10.131,22.981,173.37,301.1113,-1,3,26,100.0,,False,40.52182631598805
963,6.418,17.936,136.63,244.9082,-1,7,32,100.0,,False,544.999
971,15.516,20.588,155.27,306.0442,-1,1,20,44.1,,False,631.999
1002,15.295,39.611,290.72,804.5792,-1,4,58,99.3,,False,46.99809409616853
1020,0.723,14.285,112.41,147.9708,-1,1,50,99.5,,False,1168.9249771159577
1021,14.088,18.399,140.5,233.0442,-1,2,26,93.6,,False,229.8802737623397
1037,12.36,30.954,229.22,522.3263,-1,3,62,100.0,,False,94.29374219162924
1041,16.114,39.146,287.52,775.6177,-1,4,36,57.8,,False,62.29493028456204
1092,14.259,19.9,150.72,276.0544,-1,3,25,78.2,,False,693.999
1098,14.043,18.419,140.69,232.0479,-1,2,17,90.5,,False,242.1584708243439
1114,11.801,24.045,183.01,249.1873,-1,2,17,99.9,,False,194.999
1124,12.439,25.044,189.69,275.2028,-1,2,24,97.8,,False,185.999
1131,8.94,24.003,178.47,451.9092,-1,5,42,100.0,,False,1246.999
1160,14.258,18.402,140.51,233.0444,-1,3,20,81.6,,False,45.7040189937959
1186,14.861,29.597,219.7,479.3236,-1,2,34,57.3,,False,258.15451221816784
1202,13.695,18.38,140.37,233.0445,-1,3,24,72.5,,False,505.999
1208,15.817,28.293,210.79,425.3643,-1,2,37,99.7,,False,148.2377516202164
1236,14.184,18.41,140.63,232.0478,-1,1,19,79.2,,False,370.5642606950979
1257,10.563,25.143,185.78,575.9216,-1,3,53,100.0,,False,473.0443842990385
1292,13.726,19.899,150.7,276.0544,-1,3,25,91.3,,False,180.44619430551268
1339,0.38,23.442,177.34,283.2649,-1,2,26,48.6,,False,1162.999
1371,14.898,19.932,150.92,276.0539,-1,2,23,51.4,,False,35.08217904617254
1373,13.775,18.379,140.41,232.0491,-1,2,16,87.5,,False,705.999
1386,11.222,26.846,199.4,468.9674,-1,1,55,99.5,,False,253.22099935297635
1387,14.855,20.573,155.17,304.0513,-1,1,21,52.4,,False,206.2827647946135
1406,16.286,20.198,154.71,220.1483,-1,1,30,69.9,,False,72.28144525922141
1413,11.165,14.978,115.97,184.9852,-1,1,37,99.8,,False,338.999
1414,14.465,19.919,150.83,276.0539,-1,1,17,49.7,,False,28.49947463917897
1428,10.94,23.57,174.35,548.9252,-1,2,35,98.5,,False,182.999
1441,0.388,21.688,167.91,185.0655,-1,1,48,99.5,,False,158.05566688619422
1449,13.952,19.904,150.72,277.0508,-1,3,22,74.1,,False,185.83783938323
1463,14.79,18.425,140.77,232.0473,-1,2,14,69.8,,False,1140.999
1475,14.956,20.616,155.91,287.0369,-1,3,23,52.5,,False,310.41664593366
1479,10.852,23.871,176.04,628.9144,-1,3,22,100.0,,False,1672.999
1493,13.957,17.175,131.59,220.0278,-1,1,15,89.8,,False,327.9822160558001
1511,2.438,22.587,174.75,187.0078,-1,2,29,92.4,,False,135.12698354109352
1513,14.782,20.588,155.23,306.0467,-1,3,11,52.5,,False,1071.999
1525,13.868,25.241,191.86,255.2376,-1,2,25,98.8,,False,2.2821050269174634
1534,16.008,23.742,181.83,221.1557,-1,1,44,97.9,,False,4.432049512476112
1546,11.795,21.875,166.0,265.1481,-1,1,43,61.2,,False,16.172598998677415
1550,14.046,23.835,179.86,299.2601,-1,2,28,99.6,,False,10.914131161401258
1576,2.443,32.934,254.84,187.0083,-1,1,30,99.4,,False,9.26778078540417
1594,15.236,35.779,263.62,653.5382,-1,3,15,100.0,,False,34.814168171028825
1600,10.903,23.849,175.89,628.9149,-1,3,26,98.2,,False,1087.999
1609,16.031,27.809,207.36,414.327,-1,1,36,92.9,,False,339.999
1610,15.265,21.703,165.41,241.2182,-1,2,34,82.4,,False,38.630957110843894
1626,14.42,20.619,155.91,287.0379,-1,3,12,52.5,,False,734.999
1638,11.054,23.882,178.03,414.949,-1,3,25,100.0,,False,213.999
1639,16.327,24.778,186.27,327.3081,-1,2,36,88.4,,False,3.357972837758325
1704,15.479,22.83,173.08,269.2486,-1,2,31,82.4,,False,66.951947166639
1724,11.881,24.073,183.19,249.1875,-1,2,42,99.8,,False,5.047632459405804
1738,14.605,23.789,179.6,293.1769,-1,2,27,52.9,,False,93.921944553878
1757,14.018,18.423,140.74,232.0469,-1,2,16,70.7,,False,142.29822912304212
1782,14.24,19.934,150.95,277.0504,-1,2,17,70.7,,False,540.999
1833,9.709,19.643,289.99,301.1488,-2,3,17,100.0,,False,627.999
1841,15.692,21.849,165.73,265.1478,-1,2,29,70.4,,False,114.41296542808021
1854,6.415,17.935,136.56,246.9059,-1,1,25,99.6,,False,426.999
1861,14.008,19.923,150.94,276.0528,-1,1,18,61.6,,False,603.999
1865,15.17,28.717,213.34,470.3142,-1,1,48,98.7,,False,7.710246574480323
1866,14.132,19.906,150.77,274.0611,-1,4,38,54.0,,False,44.622449074056476
1873,14.033,20.609,155.76,289.0313,-1,3,15,71.9,,False,17.423182861007604
1907,13.816,25.878,210.13,105.0208,-1,1,27,99.2,,False,1275.999
1915,14.94,18.408,140.56,233.0438,-1,1,16,47.2,,False,90.53550831251437
1922,12.443,25.467,190.82,357.2077,-1,2,17,100.0,,False,148.999
1924,14.048,18.915,150.59,129.023,-1,1,31,52.6,,False,0.7243913675169438
1971,16.252,19.635,150.96,207.1404,-1,1,36,97.8,,False,191.999
1985,8.268,19.99,149.23,398.9343,-1,1,41,99.0,,False,200.31860149676308
1988,16.263,20.579,155.17,306.0442,-1,1,11,44.0,,False,555.999
1993,16.469,40.499,297.1,834.5905,-1,3,21,79.7,,False,110.50729231347555
2017,0.553,24.634,202.26,94.9284,-1,1,33,82.1,,False,43.91941379346281
2040,13.982,21.702,165.45,241.218,-1,2,29,63.9,,False,371.999
2042,16.146,26.233,196.63,353.3422,-1,2,38,100.0,,False,484.8365198478379
2047,13.96,23.797,179.7,293.176,-1,2,24,64.2,,False,16.838499150925998
2071,11.944,27.424,228.17,84.9948,-1,1,26,99.6,,False,204.999
2098,10.023,22.466,170.42,265.1814,-1,2,28,100.0,,False,201.97111826558228
2106,14.384,19.928,150.94,275.0577,-1,1,15,58.5,,False,63.833606857892164
2118,13.725,19.938,151.04,275.0565,-1,1,21,67.5,,False,310.999
2123,14.929,18.928,150.67,129.0231,-1,1,30,58.1,,False,25.225690412033657
2168,16.362,27.811,207.25,415.3251,-1,3,15,97.9,,False,89.57444688195812
2189,10.88,23.862,175.9,628.9172,-1,2,14,100.0,,False,1516.999
2220,14.645,17.56,134.74,215.0421,-1,1,29,56.0,,False,15.25579474393237
2229,13.793,19.905,150.74,277.0496,-1,3,19,55.0,,False,425.999
2276,0.524,31.152,238.94,215.0335,-1,1,31,79.3,,False,270.9499678635509
2294,14.191,19.238,145.44,286.0397,-1,2,33,56.2,,False,206.59613879107133
2324,16.352,39.361,288.92,798.5685,-1,3,42,96.9,,False,143.65647184043445
2325,0.399,27.321,202.65,491.0923,-1,2,22,96.5,,False,119.67440987233073
2333,15.627,17.173,131.57,220.026,-1,2,15,42.6,,False,348.83783938322995
2350,14.121,18.412,140.67,232.0469,-1,1,14,48.5,,False,823.1018916521975
2366,0.775,18.191,140.15,201.0259,-1,1,11,60.8,,False,783.999
2376,8.708,20.901,155.33,462.9278,-1,1,36,99.3,,False,3.1538524504718453
2378,14.171,19.908,150.82,275.057,-1,1,12,65.4,,False,456.999
2383,15.738,23.017,173.76,293.1781,-1,2,27,58.0,,False,57.65069153297452
2395,0.372,26.412,194.94,600.7859,-1,1,31,64.1,,False,54.634614564005005
2413,13.391,17.553,133.74,244.0276,-1,1,29,47.1,,False,7.53399180593658
2424,14.74,21.506,161.76,321.0579,-1,1,36,50.4,,False,13.077560672300478
2428,0.358,23.523,198.24,76.9588,-1,1,27,89.3,,False,340.999
2444,12.947,20.967,159.09,263.1332,-1,1,26,99.2,,False,552.999
2455,13.882,20.625,155.96,286.0413,-1,1,17,54.5,,False,192.999
2478,0.547,26.135,215.21,92.9307,-1,1,23,81.6,,False,473.999
2493,13.227,25.927,227.24,59.019,-1,1,27,99.6,,False,33.6096238164119
2522,0.968,13.614,106.01,170.8333,-1,1,35,86.5,,False,37.86217036312701
2528,14.722,29.608,219.48,501.3085,-1,1,31,93.3,,False,52.21665920330261
2553,1.373,20.523,159.55,172.9921,-1,1,11,97.1,,False,331.57444688195824
2568,11.498,17.557,134.71,215.0427,-1,1,24,49.4,,False,5.496175800699007
2596,13.486,17.577,134.84,215.0425,-1,1,24,44.5,,False,299.999
2600,14.148,23.803,179.69,293.1767,-1,2,21,55.9,,False,134.07822043999658
2603,13.053,20.521,159.58,173.0299,-1,3,28,52.5,,False,250.999
2607,13.552,20.602,155.7,289.0304,-1,3,12,55.2,,False,365.16667770811637
2610,11.226,21.889,168.48,203.1822,-1,2,25,99.4,,False,307.999
2616,16.374,42.264,309.61,908.6034,-1,3,46,71.1,,False,81.07228402835659
2627,8.991,21.359,160.52,330.0486,-1,1,32,57.6,,False,92.93780237360235
2641,15.172,23.027,173.87,293.177,-1,2,20,77.1,,False,335.999
2644,11.833,25.044,190.64,249.1862,-1,2,14,99.9,,False,150.999
2648,15.394,21.859,165.81,265.1487,-1,2,16,82.4,,False,389.999
2666,15.144,27.954,208.39,417.321,-1,2,36,100.0,,False,52.77134863859652
2676,14.568,23.794,179.63,293.1758,-1,2,17,50.4,,False,434.999
2699,8.188,23.745,181.84,221.1547,-1,1,52,99.8,,False,85.69676154913975
2711,5.35,20.764,158.23,243.1604,-1,2,40,99.7,,False,17.67177080154667
2714,14.129,46.065,336.86,1038.8181,-1,3,21,100.0,,False,38.36196603122826
2715,11.799,21.019,161.09,218.029,-1,2,34,89.4,,False,20.204232395054078
2717,0.391,28.307,222.61,148.9815,-1,1,18,83.6,,False,104.85000487317848
2749,15.914,27.675,206.61,395.3901,-1,2,41,96.6,,False,13.318621376967087
2770,15.167,12.258,97.06,136.8644,-1,1,19,59.4,,False,91.53465157363257
2781,0.394,26.407,218.45,89.0271,-1,1,19,99.8,,False,162.52050678059595
2794,10.915,23.514,173.96,548.9228,-1,1,30,95.3,,False,266.999
2811,16.327,23.147,175.13,279.2344,-1,1,37,93.9,,False,35.330107219015645
2814,16.43,42.143,308.74,900.5984,-1,3,22,79.7,,False,192.15956497944137
2818,14.2,22.244,170.5,218.0316,-1,1,23,52.1,,False,300.999
2836,15.902,41.33,303.34,806.5732,-1,2,37,93.4,,False,37.4820310076623
2839,14.576,20.626,155.96,286.0419,-1,2,15,44.2,,False,184.999
2850,7.491,17.375,133.78,202.0392,-1,1,25,52.1,,False,15.78653835265169
2861,16.412,23.721,181.62,221.1563,-1,1,27,98.9,,False,29.097330789761088
2878,15.116,23.804,179.76,294.1801,-1,2,21,91.0,,False,96.45638049237317
2891,15.024,27.449,204.87,397.3339,-1,2,17,98.1,,False,308.999
2913,10.76,17.551,134.63,215.0435,-1,1,19,46.8,,False,242.999
2917,11.294,21.664,162.33,356.0441,-1,1,33,50.9,,False,10.69888219182954
2942,2.839,12.233,97.08,132.8697,-1,1,22,65.6,,False,66.50834129064748
2943,0.981,19.53,156.84,116.976,-1,1,38,75.5,,False,39.8115291002448
2958,15.634,27.819,207.36,415.3242,-1,2,11,83.7,,False,10.612262887196039
2974,11.056,22.921,170.88,416.9449,-1,2,13,100.0,,False,166.999
2988,0.4,25.459,189.51,431.0741,-1,2,17,99.5,,False,91.47052528540976
2990,13.513,23.795,179.65,293.1763,-1,2,22,54.6,,False,5.128861702878737
2993,13.446,19.238,145.42,286.0401,-1,1,27,58.6,,False,214.13254678919427
2996,15.421,26.873,200.84,381.338,-1,1,41,97.9,,False,12.854078052897307
3003,16.414,35.187,259.13,673.4831,-1,3,17,92.8,,False,296.0006091264331
3033,1.66,36.224,279.77,192.066,-1,1,33,96.7,,False,11.74806257971801
3088,15.33,36.431,268.11,695.5447,-1,2,53,87.2,,False,4.509765523856345
3112,13.088,22.868,171.33,357.0403,-1,2,41,91.5,,False,15.039084899366827
3120,10.505,28.793,213.29,515.3058,-1,2,15,100.0,,False,96.999
3152,13.218,17.556,134.67,215.043,-1,1,19,45.2,,False,300.999
3180,14.601,19.233,145.42,286.0414,-1,1,26,51.3,,False,8.435909796923227
3191,2.445,35.937,277.99,187.0092,-1,2,18,98.0,,False,258.0775606723005
3215,14.3,23.805,179.74,293.1759,-1,2,15,52.2,,False,365.999
3233,16.273,19.02,144.88,244.0264,-1,1,19,48.0,,False,13.635274331700998
3255,9.316,23.469,177.55,283.2651,-1,1,17,44.0,,False,315.999
3283,13.652,33.202,247.17,433.2354,-1,1,31,89.9,,False,58.26664069848884
3313,10.985,23.332,172.27,592.9494,-1,2,13,99.0,,False,488.999
3328,15.938,21.876,165.91,265.1472,-1,2,14,77.3,,False,335.89998636836464
3330,12.872,17.553,134.68,215.0431,-1,1,19,50.0,,False,48.584633068818846
3342,14.458,18.926,150.42,131.0169,-1,1,12,46.4,,False,49.099804076876126
3371,14.171,22.057,164.9,380.0304,-1,1,17,99.2,,False,288.999
3393,15.616,29.839,221.35,493.3212,-1,1,51,96.7,,False,10.033070386286113
3430,0.388,27.675,222.25,116.9765,-1,1,25,99.8,,False,38.4185644871355
3468,3.601,12.227,97.05,132.8696,-1,1,21,51.3,,False,59.00126889412911
3491,15.478,37.419,274.96,750.5468,-1,3,37,83.3,,False,27.836519847837906
3501,7.989,19.918,150.85,275.0572,-1,1,21,56.0,,False,6.597458326463425
3516,15.729,24.444,183.87,325.1824,-1,1,35,95.6,,False,138.999
3535,15.038,42.113,308.41,914.5797,-1,2,29,98.2,,False,183.90076468930556
3545,14.617,25.861,193.81,355.2858,-1,1,29,99.6,,False,11.874995620771585
3563,14.846,23.723,181.71,221.1548,-1,1,40,93.3,,False,42.47299206193175
3583,0.359,22.364,187.81,78.9559,-1,1,28,97.2,,False,34.26632629253572
3588,13.888,19.238,145.41,286.0399,-1,4,19,55.1,,False,385.999
3619,15.99,23.022,173.76,293.178,-1,2,17,48.0,,False,25.660265079294078
3637,12.483,24.823,186.68,325.1841,-1,1,33,97.8,,False,57.835860080141885
3639,13.692,39.814,292.1,817.5827,-1,2,19,77.1,,False,659.0390848993668
3651,11.052,29.915,221.31,538.3208,-1,3,16,100.0,,False,61.999
3659,15.209,21.713,165.47,242.2207,-1,1,43,98.0,,False,24.807508678800374
3662,4.181,17.385,133.77,203.036,-1,1,16,43.1,,False,116.31860149676308
3665,15.341,22.066,167.8,254.221,-1,1,36,99.3,,False,111.999
3688,3.407,19.688,148.64,294.9026,-1,1,57,98.3,,False,4.054593390716917
3740,12.204,24.675,185.45,331.188,-1,2,17,100.0,,False,112.999
3741,15.905,23.159,175.23,279.2346,-1,1,24,96.5,,False,96.999
3778,4.434,12.228,97.05,132.8695,-1,1,16,45.9,,False,264.999
3781,15.859,21.872,165.89,265.1496,-1,2,13,88.2,,False,116.14168696052326
3787,2.613,18.481,140.54,252.9983,-1,1,24,43.8,,False,170.999
3794,15.427,23.156,175.21,279.2343,-1,1,24,90.6,,False,16.444215002424613
3801,7.047,19.353,147.3,246.9818,-1,1,25,45.3,,False,44.50768152295143
3816,0.388,31.141,228.8,760.8847,-1,1,32,97.1,,False,12.342932476660195
3818,0.4,19.364,147.93,231.0496,-1,1,27,98.7,,False,144.999
3821,3.555,19.367,153.07,141.018,-1,1,19,57.3,,False,190.999
3831,11.965,18.489,140.6,252.0011,-1,1,30,49.8,,False,29.380748481897854
3852,0.43,20.777,171.87,89.0278,-1,1,13,94.0,,False,275.1781834303689
3900,16.011,29.098,216.02,487.3044,-1,1,28,83.0,,False,59.999
3929,0.578,33.314,255.52,215.0343,-1,1,22,71.6,,False,87.43204951247608
3930,0.481,27.327,224.88,92.936,-1,1,16,98.4,,False,68.999
3943,13.366,22.23,166.76,346.0573,-1,1,32,81.0,,False,0.7224120644288661
3944,13.269,12.229,97.04,132.8699,-1,1,14,51.4,,False,79.35707726969673
3955,0.371,26.615,196.13,642.6832,-1,1,40,97.0,,False,19.165358172724382
3970,15.142,18.832,142.91,265.0339,-1,1,12,45.1,,False,136.3435922443562
4006,16.357,27.681,206.58,395.3895,-1,1,26,99.5,,False,68.38074848189785
4010,16.11,12.269,97.14,136.8644,-1,1,12,44.4,,False,120.83783938323
4032,0.399,29.033,214.49,573.0942,-1,1,24,93.4,,False,291.999
4061,14.01,23.803,179.75,293.1759,-1,2,13,70.1,,False,308.999
4072,15.048,39.737,291.57,812.58,-1,2,18,88.9,,False,50.103656572712
4085,13.867,45.359,331.86,1012.8006,-1,3,19,99.9,,False,46.26664069848883
4102,16.446,42.368,310.27,916.5945,-1,3,20,84.6,,False,151.8999863683647
4117,15.839,32.04,236.75,573.3432,-1,2,20,77.4,,False,13.191668455709532
4118,15.937,24.576,185.12,311.2963,-1,3,21,91.3,,False,23.026919409418326
4151,2.078,19.599,161.34,92.9318,-1,1,33,90.7,,False,3.722412064428866
4156,15.399,44.954,329.03,964.7251,-1,3,27,70.9,,False,3.348006876581252
4172,15.119,35.754,263.44,653.5363,-1,3,16,91.0,,False,266.999
4175,13.155,12.229,97.07,132.8697,-1,1,13,48.6,,False,298.999
4186,9.36,20.492,161.92,141.0183,-1,1,20,51.3,,False,220.999
4190,14.134,19.223,145.34,286.0418,-1,2,12,70.5,,False,298.999
4210,11.396,19.012,144.81,244.0263,-1,2,19,57.4,,False,90.69742131683577
4217,7.237,17.554,134.67,215.0432,-1,1,19,44.7,,False,208.999
4231,11.205,17.558,134.74,215.0429,-1,1,13,44.7,,False,298.999
4242,10.868,37.0,283.49,218.044,-1,1,27,82.3,,False,2.7898087739877724
4248,0.401,28.014,207.15,558.9961,-1,2,12,98.6,,False,213.999
4325,16.336,27.242,203.54,381.3744,-1,2,22,96.1,,False,4.5076815229514295
4359,16.385,42.905,314.48,886.5606,-1,2,24,79.2,,False,73.999
4381,11.742,21.058,159.58,270.1227,-1,1,17,99.2,,False,284.999
4394,14.724,30.436,230.19,283.2631,-1,2,16,74.8,,False,124.999
4395,15.657,20.44,155.4,253.1466,-1,1,35,97.6,,False,77.999
4407,14.594,35.094,258.42,671.467,-1,2,15,96.8,,False,266.999
4421,6.888,17.555,134.68,215.0435,-1,1,19,44.0,,False,99.2794659561334
4431,15.936,29.847,221.43,493.3179,-1,1,35,93.1,,False,100.999
4469,11.812,27.785,206.29,482.2942,-1,2,13,100.0,,False,37.50768152295143
4475,10.297,18.411,140.66,231.05,-1,1,18,62.0,,False,63.16414166812859
4489,8.087,18.996,145.58,219.0273,-1,1,20,44.0,,False,192.999
4502,13.549,24.95,187.53,329.1914,-1,2,16,100.0,,False,26.97561837884001
4512,11.211,24.847,189.17,247.1712,-1,1,15,99.5,,False,186.62112953866443
4522,14.129,28.886,221.45,217.0356,-1,1,23,94.0,,False,35.78521881725966
4530,14.253,28.034,208.26,467.2814,-1,2,20,98.7,,False,109.999
4535,15.417,42.649,312.68,864.5773,-1,2,17,74.3,,False,57.17818343036893
4547,16.138,19.063,144.76,259.0484,-1,1,13,42.3,,False,290.999
4556,11.819,37.017,283.76,217.0364,-1,1,28,86.5,,False,25.585888102670594
4562,13.966,20.298,153.38,291.0249,-1,1,33,93.1,,False,83.999
4576,14.819,26.929,201.25,383.3164,-1,2,22,98.7,,False,124.999
4603,8.719,19.879,150.45,280.623,-1,1,13,98.5,,False,188.748722347414
4626,15.973,26.72,234.07,59.0192,-1,1,28,97.5,,False,22.26664069848883
4666,15.185,29.118,216.14,487.3038,-1,1,28,77.2,,False,1.7852188172596613
4684,14.261,32.499,240.25,558.3162,-1,2,20,97.4,,False,14.178183430368932
4692,0.371,20.632,156.56,264.8971,-1,1,17,99.7,,False,5.989103404180582
4698,14.573,32.701,241.57,579.3937,-1,2,26,97.8,,False,50.60830428101987
4699,16.424,42.961,314.66,889.7063,-1,3,18,75.7,,False,31.381408249593903
4703,16.23,26.354,230.86,59.0197,-1,1,33,99.3,,False,20.137868059093876
4716,15.42,30.125,223.58,481.4265,-1,2,19,100.0,,False,159.999
4721,14.588,40.015,293.53,824.5852,-1,3,19,78.1,,False,247.999
4725,1.729,15.804,123.62,160.0162,-1,1,24,94.8,,False,177.999
4727,15.473,40.956,300.21,874.5849,-1,3,19,85.9,,False,34.74740281202199
4728,16.074,23.377,176.1,309.1732,-1,1,27,97.8,,False,124.999
4742,14.305,19.221,145.29,286.0415,-1,1,15,52.9,,False,59.10287695565492
4749,6.687,17.545,134.61,215.0433,-1,1,17,42.8,,False,191.999
4751,9.486,21.471,159.59,460.9311,-1,1,19,98.3,,False,58.999
4774,2.038,20.457,155.65,248.097,-1,1,15,99.6,,False,254.999
4777,16.288,28.292,210.62,429.3418,-1,1,28,96.0,,False,53.50702175525541
4780,12.534,20.23,152.6,302.05,-1,1,27,94.0,,False,32.74740281202199
4799,14.169,22.065,164.95,381.0292,-1,2,12,97.5,,False,274.999
4807,11.246,22.936,171.85,358.0345,-1,1,34,93.8,,False,21.904062999895018
4834,8.954,19.008,144.83,244.0264,-1,1,14,88.1,,False,187.999
4835,16.403,30.483,225.79,516.3582,-1,1,16,77.8,,False,172.999
4840,0.401,25.393,190.35,349.0696,-1,1,17,97.2,,False,17.176435811885398
4847,15.227,29.561,219.46,474.2939,-1,1,27,97.3,,False,1.773053327311132
4849,10.813,27.915,206.95,498.2889,-1,2,19,100.0,,False,1.3411807188684008
4923,13.616,28.726,213.23,481.2323,-1,2,26,99.6,,False,14.443555234728606
4929,11.799,20.4,154.87,262.0386,-1,1,26,69.0,,False,51.79804407490421
4930,15.251,19.168,149.23,171.1397,-1,1,26,95.7,,False,89.999
4950,10.608,17.557,134.73,215.0422,-1,1,12,53.9,,False,267.999
5031,15.628,27.134,202.39,407.2888,-1,1,29,90.3,,False,37.02068897189413
5082,4.779,20.473,156.12,239.1298,-1,2,11,100.0,,False,260.4820310076623
5090,14.736,39.991,293.45,825.5837,-1,2,24,90.3,,False,43.91215185831322
5091,0.484,18.491,142.5,199.0582,-1,1,17,76.0,,False,127.999
5095,14.169,22.066,165.01,379.0327,-1,1,15,99.6,,False,148.999
5122,14.399,40.34,295.89,833.578,-1,2,16,94.0,,False,129.2159994356066
5129,16.235,28.316,210.88,429.3377,-1,1,24,96.5,,False,94.999
5135,10.999,23.263,173.02,448.9655,-1,1,13,95.2,,False,272.999
5167,0.394,31.573,245.65,171.0311,-1,1,15,93.6,,False,141.999
5186,15.333,24.776,185.78,353.1994,-1,1,28,97.6,,False,2.139477190706998
5192,14.397,35.03,258.0,671.4674,-1,2,22,96.3,,False,44.95113156821175
5199,15.787,46.079,336.86,1021.7518,-1,4,16,63.0,,False,100.93780237360235
5220,5.618,17.377,133.75,203.0355,-1,1,13,49.9,,False,75.0269194094183
5230,11.617,33.199,244.17,720.3348,-1,2,22,96.7,,False,91.999
5237,15.145,29.97,222.36,485.2767,-1,3,14,100.0,,False,0.6089640487158761
5246,0.758,27.495,226.28,92.9333,-1,1,30,89.3,,False,5.814953916915357
5252,14.164,40.331,295.67,842.5842,-1,2,16,98.1,,False,189.83586008014188
5263,9.517,17.55,133.66,245.0241,-1,1,17,48.0,,False,2.4698655177137425
5274,7.403,19.785,152.75,193.1707,-1,1,26,94.2,,False,6.887161110720143
5311,0.371,31.605,231.53,894.5698,-1,1,32,93.0,,False,5.051250389315371
5317,16.131,46.077,336.94,1024.7506,-1,2,32,93.3,,False,21.78521881725966
5324,6.504,22.812,173.16,263.1646,-1,1,15,98.0,,False,116.999
5338,16.142,17.336,133.49,201.0425,-1,1,16,92.4,,False,186.999
5366,0.404,29.264,215.8,624.9681,-1,1,19,77.6,,False,101.999
5403,6.023,21.191,159.37,322.0038,-1,1,35,97.5,,False,82.999
5408,16.373,37.793,277.6,763.4946,-1,2,17,93.1,,False,90.58331353342675
5423,16.275,41.04,300.82,869.6157,-1,2,18,71.1,,False,110.41461628633547
5462,14.492,17.549,133.6,245.0243,-1,1,17,45.6,,False,15.608964048715904
5476,16.048,42.926,314.95,829.6826,-1,3,21,96.5,,False,94.999
5524,11.685,20.6,158.12,213.188,-1,1,11,96.3,,False,424.999
5527,10.329,21.014,161.07,218.0286,-1,1,17,95.4,,False,153.999
5544,15.881,27.872,207.77,417.3222,-1,1,30,90.0,,False,17.646120286257528
5552,16.332,42.134,308.52,922.5786,-1,3,29,93.7,,False,14.904062999895018
5559,14.091,26.893,200.55,413.2696,-1,1,19,97.5,,False,73.999
5563,0.37,23.772,176.21,502.721,-1,1,27,99.0,,False,75.999
5568,10.674,18.971,144.49,244.0264,-1,1,13,64.8,,False,55.52050678059598
5576,15.231,43.108,315.9,888.5775,-1,3,23,75.0,,False,86.999
5587,13.388,32.183,238.09,540.333,-1,2,21,98.4,,False,2.2638174214978335
5602,3.663,19.727,149.51,270.9435,-1,1,15,50.4,,False,128.999
5608,8.312,20.195,154.67,220.1487,-1,1,16,52.9,,False,39.78587858495567
5659,1.237,22.086,166.5,304.0861,-1,1,19,99.7,,False,196.999
5692,0.551,26.406,202.48,217.0284,-1,1,23,92.7,,False,16.389811677100766
5709,0.393,24.364,181.72,407.0278,-1,1,14,96.5,,False,139.999
5755,15.532,32.527,240.02,606.3144,-1,1,24,63.9,,False,71.64612028625753
5767,16.064,22.861,173.26,270.2517,-1,1,27,92.8,,False,51.999
5799,15.266,43.322,317.38,904.5712,-1,1,22,99.4,,False,121.999
5832,0.545,21.049,161.41,217.0029,-1,1,24,96.6,,False,129.999
5833,13.458,23.683,178.87,291.2324,-1,1,20,98.8,,False,86.999
5855,14.2,40.299,295.67,842.5775,-1,2,18,73.7,,False,183.999
5876,0.622,24.166,185.34,215.033,-1,1,17,92.3,,False,6.597936947402573
5941,15.346,29.724,220.4,497.2788,-1,1,29,88.5,,False,0.7980440749042117
5946,0.376,29.097,225.22,185.0651,-1,1,15,90.5,,False,41.912811626009244
5958,11.633,22.956,172.01,358.0354,-1,1,26,78.2,,False,28.760228069666553
5962,13.869,24.86,188.87,256.2393,-1,1,16,98.4,,False,19.253815440844264
5973,7.852,57.506,440.63,219.0305,-1,1,17,86.5,,False,19.9249771159578
5974,15.846,42.651,312.16,952.5637,-1,2,18,79.4,,False,126.999
5975,2.022,16.978,131.25,188.9386,-1,1,14,52.8,,False,159.999
5993,13.986,36.923,271.44,742.541,-1,2,20,86.0,,False,18.94996786355091
5998,8.959,20.247,153.22,280.9544,-1,1,32,92.2,,False,70.999
5999,14.005,24.439,183.74,325.1862,-1,1,36,88.3,,False,2.8172361329821314
6001,7.843,16.598,127.79,202.9984,-1,1,25,93.8,,False,111.999
6003,1.081,23.606,176.91,352.0377,-1,1,21,95.1,,False,4.810869332548776
6006,8.323,37.018,283.72,217.0379,-1,1,21,92.0,,False,25.187694762954322
6019,14.783,36.963,271.75,742.5387,-1,2,19,76.6,,False,137.999
6070,16.325,29.947,222.06,502.3395,-1,1,17,92.8,,False,4.6845960591912075
6074,0.386,31.235,245.65,148.983,-1,1,13,93.0,,False,50.68459605919121
6134,9.996,21.852,165.31,283.0844,-1,1,23,90.4,,False,4.810869332548776
6141,8.463,18.194,140.13,201.0256,-1,1,11,46.8,,False,225.999
6147,13.579,5.251,40.25,218.0326,-1,1,22,94.3,,False,16.354366168213076
6186,16.176,51.333,449.77,59.0193,-1,1,21,99.9,,False,38.835860080141885
6194,10.755,20.3,153.08,302.053,-1,1,22,97.4,,False,0.2797428790888432
6231,12.798,21.483,161.66,318.0686,-1,1,29,99.5,,False,19.342272708964167
6254,14.792,27.794,207.23,414.3257,-1,1,22,96.8,,False,81.999
6257,15.66,22.42,169.95,269.2096,-1,1,18,79.1,,False,109.999
6273,0.357,24.092,202.4,78.9554,-1,1,13,97.0,,False,118.00060912643315
6276,0.54,42.599,326.78,215.0333,-1,1,16,81.8,,False,5.884977272622734
6311,10.808,17.92,136.98,228.9311,-1,1,31,98.8,,False,6.089066394553015
6337,11.597,22.944,171.21,401.0445,-1,1,26,90.5,,False,15.987783868788561
6352,11.7,18.526,147.1,133.0119,-1,1,25,87.4,,False,69.999
6354,10.106,19.006,144.86,242.0331,-1,1,17,58.8,,False,121.999
6383,12.515,22.204,165.65,402.0477,-1,2,16,96.8,,False,118.999
6435,13.866,39.432,289.57,792.5336,-1,3,17,86.7,,False,23.279465956133393
6444,15.218,40.605,297.69,848.5857,-1,2,21,97.8,,False,138.999
6453,16.302,40.038,350.77,59.0197,-1,1,22,97.7,,False,12.6839362914952
6494,2.543,21.945,165.51,301.0957,-1,1,17,98.2,,False,14.027841422473841
6497,3.199,20.316,154.72,245.0233,-1,1,28,95.9,,False,12.127272439879462
6517,14.77,42.398,310.47,930.5702,-1,2,17,75.2,,False,139.999
6519,15.322,28.799,214.06,458.3295,-1,1,20,80.8,,False,57.999
6539,16.294,41.169,301.73,881.5793,-1,2,16,78.3,,False,121.999
6561,3.816,18.442,140.21,252.0011,-1,1,11,44.1,,False,4.4192242548315335
6572,1.689,29.632,228.83,192.0701,-1,1,14,98.0,,False,7.722412064428866
6573,14.331,19.241,145.99,267.0114,-1,1,12,53.6,,False,133.999
6596,14.815,42.067,308.61,838.5566,-1,2,19,75.6,,False,79.999
6672,0.539,29.823,244.88,94.9285,-1,1,13,92.8,,False,211.999
6688,0.357,24.08,176.22,950.298,-1,2,19,91.7,,False,4.785218817259661
6693,15.734,8.064,70.65,59.02,-1,1,17,98.4,,False,117.999
6718,11.584,21.862,165.83,266.1509,-1,1,20,78.6,,False,35.74740281202199
6727,12.692,20.315,153.47,291.0266,-1,1,21,96.2,,False,47.74740281202199
6736,4.505,20.6,158.51,204.9693,-1,1,24,91.9,,False,8.772346440176449
6768,15.528,40.047,293.79,819.5532,-1,1,18,70.7,,False,74.999
6780,3.839,20.309,154.72,243.0304,-1,1,22,96.6,,False,81.999
6816,16.093,18.067,137.92,235.0387,-1,1,12,47.9,,False,172.999
6817,15.208,35.697,263.7,575.3939,-1,1,16,75.0,,False,105.999
6820,14.999,28.542,211.22,540.8261,-1,1,21,65.0,,False,31.13970765743526
6825,10.059,19.047,145.1,244.0274,-1,1,12,52.7,,False,39.925636883653794
6845,10.664,20.43,155.11,262.038,-1,2,14,88.8,,False,123.999
6878,0.382,28.401,209.12,672.8108,-1,1,17,96.8,,False,5.722771537000511
6879,12.371,29.805,228.47,218.0291,-1,1,12,96.5,,False,104.999
6883,14.04,36.94,271.55,742.5377,-1,2,16,97.1,,False,84.64612028625753
6895,0.359,25.411,188.3,504.6296,-1,1,20,90.7,,False,14.131555189461707
6922,15.223,19.845,150.7,259.9982,-1,1,22,98.0,,False,69.999
6927,0.358,23.232,195.04,78.9563,-1,1,11,99.9,,False,72.77305332731113
6935,13.15,19.846,152.06,219.0275,-1,1,21,70.0,,False,20.962793121195432
6936,15.126,39.909,292.93,818.5808,-1,2,16,67.9,,False,132.999
6966,11.825,44.965,344.75,217.0434,-1,1,18,89.4,,False,85.78521881725966
6968,0.443,26.177,194.93,430.1158,-1,1,13,97.1,,False,118.999
6975,0.376,27.913,205.49,674.7348,-1,1,16,86.7,,False,10.810869332548776
6984,11.912,27.104,201.91,428.2424,-1,1,16,93.4,,False,23.228824693251156
7003,0.357,24.235,177.25,998.2747,-1,3,13,97.4,,False,24.469205750017736
7013,16.12,25.425,190.92,337.2369,-1,1,16,64.5,,False,101.999
7024,0.37,22.48,167.19,440.7714,-1,1,11,98.2,,False,167.999
7028,15.612,30.135,223.25,504.3418,-1,2,16,86.6,,False,6.924977115957802
7037,6.103,16.615,127.92,202.0013,-1,1,21,96.7,,False,68.999
7038,1.661,31.069,231.49,418.1382,-1,1,16,97.8,,False,13.70958680678433
7042,15.574,24.171,178.21,630.9565,-1,1,23,98.5,,False,27.734577554377438
7052,6.507,14.842,118.0,131.0148,-1,1,20,95.8,,False,27.443555234728606
7053,14.963,35.114,258.49,671.4701,-1,2,14,94.3,,False,66.58516915533286
7063,14.961,39.139,287.46,775.6149,-1,2,17,91.6,,False,153.999
7068,14.943,28.56,212.37,450.2951,-1,1,18,87.7,,False,81.999
7077,9.899,18.197,140.13,202.0297,-1,1,20,96.9,,False,8.13970765743526
7082,0.426,32.497,246.35,269.0844,-1,1,13,75.1,,False,72.999
7088,8.169,33.064,253.45,217.0386,-1,1,20,97.2,,False,5.915290869184332
7093,15.222,36.956,271.8,709.5631,-1,1,22,97.1,,False,18.59547902337529
7098,15.178,35.406,260.73,665.5487,-1,1,13,67.0,,False,11.05125038931537
7106,9.948,20.333,153.21,309.0384,-1,1,16,87.4,,False,5.013434384077684
7126,15.009,39.172,287.64,776.6165,-1,2,16,99.4,,False,76.999
7131,0.391,24.879,184.8,468.9195,-1,1,16,82.9,,False,86.999
7132,12.232,21.359,160.58,329.0506,-1,1,11,45.6,,False,195.999
7135,1.001,25.17,207.14,92.933,-1,1,19,90.1,,False,19.000609126433147
7150,15.532,42.536,311.51,925.5982,-1,2,19,89.5,,False,27.494196497610858
7173,10.518,20.236,153.06,280.9585,-1,1,22,97.0,,False,9.089066394553015
7188,2.089,19.58,161.14,92.933,-1,1,20,94.6,,False,14.253815440844264
7208,5.705,34.718,265.97,218.9959,-1,1,22,93.4,,False,29.886501343024115
7214,16.309,36.914,271.48,709.568,-1,1,22,96.6,,False,13.494196497610858
7216,15.759,41.855,307.14,831.6834,-1,1,20,71.3,,False,0.528420905670032
7250,6.737,22.376,168.22,328.9821,-1,1,11,75.7,,False,87.70958680678432
7251,14.767,36.943,271.48,742.5393,-1,2,13,66.4,,False,80.36792322425327
7252,0.437,19.657,150.29,227.0597,-1,1,14,97.5,,False,19.97561837884004
7263,1.359,26.79,208.27,173.9946,-1,1,13,80.5,,False,7.026259641722248
7266,15.518,46.118,337.37,1024.7577,-1,1,22,99.2,,False,57.999
7283,15.5,41.989,307.94,830.6784,-1,1,18,79.9,,False,23.20317417796204
7287,16.118,25.066,188.18,339.1998,-1,1,22,81.4,,False,25.835860080141885
7289,0.837,18.314,142.71,168.0797,-1,1,18,81.5,,False,88.999
7294,12.509,40.589,311.05,218.0309,-1,1,17,70.1,,False,99.999
7299,12.514,18.538,147.16,133.0114,-1,1,20,97.1,,False,20.58265376573076
7313,2.033,20.053,164.71,94.9283,-1,1,18,84.6,,False,61.999
7315,15.446,22.415,169.88,269.2141,-1,1,20,92.3,,False,87.999
7363,0.37,28.787,211.83,710.7235,-1,1,13,79.5,,False,59.949967863550896
7371,11.105,23.525,180.33,218.0325,-1,1,18,96.8,,False,95.999
7376,15.251,36.484,268.89,648.5758,-1,1,18,94.1,,False,6.696761549139765
7422,13.573,26.212,195.64,397.1732,-1,1,14,97.4,,False,10.912151858313223
7446,15.671,37.996,278.9,790.5404,-1,2,15,89.8,,False,34.19034892031749
7459,15.473,20.346,155.77,222.1616,-1,1,15,96.6,,False,17.835860080141885
7480,0.528,20.064,152.65,250.0827,-1,1,12,98.7,,False,139.999
7482,9.011,20.25,153.21,280.9583,-1,1,21,93.7,,False,20.392913971846397
7489,10.162,21.855,165.34,283.0885,-1,1,14,76.1,,False,74.84868533778645
7493,11.423,24.972,191.35,219.0251,-1,1,13,59.8,,False,49.57048827578221
7527,9.401,36.595,280.5,219.0269,-1,1,18,70.8,,False,114.999
7548,12.897,21.348,160.35,334.0419,-1,1,19,95.4,,False,17.19034892031749
7549,14.854,40.069,294.04,820.5662,-1,1,16,96.7,,False,68.999
7563,12.274,22.186,166.44,345.0602,-1,1,21,96.5,,False,2.8486853377864634
7573,15.306,19.189,149.39,171.1396,-1,1,16,81.0,,False,93.999
7578,7.183,37.017,283.8,217.0372,-1,1,13,93.2,,False,64.1525329150798
7584,13.974,42.133,308.77,914.5723,-1,2,11,78.2,,False,101.999
7595,0.397,25.327,188.46,437.0355,-1,1,12,95.8,,False,112.58265376573075
7611,13.682,25.571,191.68,353.2887,-1,1,12,92.2,,False,126.999
7616,14.615,40.021,293.45,825.5894,-1,2,12,75.1,,False,155.999
7618,14.88,38.754,293.09,283.2693,-1,1,11,82.1,,False,189.999
7635,13.876,24.672,185.43,327.2552,-1,1,17,99.6,,False,20.13970765743526
7651,9.838,21.812,164.92,283.087,-1,1,17,99.5,,False,60.999
7663,15.445,42.549,312.53,779.4844,-1,2,12,66.7,,False,52.999
7666,0.373,20.615,156.33,266.8962,-1,1,16,99.3,,False,15.342272708964167
7678,0.159,22.859,170.71,392.9329,-1,1,15,92.7,,False,75.999
7688,14.977,26.625,197.36,506.8688,-1,1,18,99.0,,False,23.59547902337529
7691,10.35,22.163,166.26,347.0557,-1,1,20,75.4,,False,3.6839362914952076
7692,13.998,35.061,258.17,671.4663,-1,2,12,76.1,,False,3.456380492373185
7699,15.789,23.111,202.47,59.0196,-1,1,13,88.7,,False,77.999
7709,15.502,20.456,156.04,237.1103,-1,1,13,93.8,,False,32.44355523472862
7710,16.034,41.145,301.53,874.5946,-1,1,15,74.7,,False,51.999
7716,11.075,19.011,144.93,242.0325,-1,1,12,92.3,,False,8.228824693251156
7748,16.102,42.572,311.81,925.6,-1,1,16,96.9,,False,0.15253291507980293
7753,8.809,19.577,146.39,380.9714,-1,1,11,89.1,,False,107.999
7755,2.849,20.61,158.58,204.9708,-1,1,16,91.9,,False,56.999
7763,15.516,25.66,192.6,339.3259,-1,1,11,74.6,,False,44.93714260590635
7773,15.149,28.822,213.32,534.9006,-1,1,18,80.9,,False,23.545822431203504
7779,0.871,35.491,292.1,92.9334,-1,1,12,88.9,,False,49.253815440844264
7780,15.876,26.409,197.56,369.3028,-1,1,20,96.6,,False,1.6967615491397652
7782,14.123,19.044,144.56,263.1482,-1,1,24,99.6,,False,1.633295028612963
7788,10.624,31.136,238.65,218.0315,-1,1,18,85.9,,False,0.2031741779620404
7817,15.391,36.343,267.27,711.4347,-1,2,15,48.2,,False,4.646120286257528
7819,13.349,37.018,283.79,217.0475,-1,1,15,88.4,,False,1.3550979666087244
7840,14.911,30.113,223.21,504.3394,-1,2,17,96.5,,False,90.999
7850,7.836,20.326,155.8,218.0326,-1,1,18,84.2,,False,11.291631446081936
7859,14.471,28.585,212.57,449.2919,-1,1,18,73.9,,False,6.8358600801418845
7878,9.522,36.998,283.6,217.0429,-1,1,12,86.5,,False,136.999
7880,11.22,32.884,252.11,218.0315,-1,1,15,93.0,,False,11.557663018137632
7882,16.198,29.134,216.13,487.3047,-1,1,13,77.0,,False,16.886501343024115
7890,11.587,20.657,158.47,213.187,-1,1,11,70.8,,False,96.999
7894,15.227,33.834,250.57,517.3692,-1,2,16,88.9,,False,4.608304281019855
7895,14.993,26.408,197.57,370.3052,-1,1,17,95.7,,False,20.26842086372558
7896,16.276,16.646,128.65,189.0195,-1,1,18,89.4,,False,16.190348920317497
7908,10.125,26.293,201.5,218.0341,-1,1,16,85.3,,False,14.342272708964167
7909,12.37,22.461,170.28,269.2115,-1,1,16,85.3,,False,56.999
7913,14.568,36.915,271.27,742.5445,-1,1,13,71.7,,False,188.999
7921,16.237,39.335,288.54,825.5272,-1,1,16,97.1,,False,15.987783868788561
7934,0.782,56.546,465.3,92.932,-1,1,14,77.8,,False,10.178183430368932
7957,14.197,21.203,162.53,217.0423,-1,1,13,88.9,,False,7.861510595431014
7961,13.98,18.305,140.32,217.0492,-1,1,16,82.3,,False,74.999
7986,13.636,33.063,253.42,217.0484,-1,1,15,96.5,,False,74.999
7994,15.699,43.172,316.47,888.5716,-1,2,13,66.0,,False,70.999
7998,1.056,18.236,140.37,203.0255,-1,1,16,95.0,,False,28.067952999290867
8002,14.078,26.215,195.66,398.1732,-1,1,16,82.4,,False,9.6839362914952
8006,8.684,16.587,127.67,202.0017,-1,1,17,97.0,,False,50.999
8008,13.961,37.41,274.86,753.4727,-1,2,14,94.7,,False,10.507021755255408
8027,6.281,21.906,173.04,141.0198,-1,1,15,75.9,,False,73.999
8042,14.585,27.823,207.27,423.3837,-1,1,14,62.5,,False,25.2409901831997
8043,11.555,9.162,70.21,218.0327,-1,1,14,94.3,,False,14.034091220148767
8049,13.057,38.336,291.0,262.0379,-1,1,11,85.8,,False,151.999
8059,1.665,32.137,236.56,677.2051,-1,1,13,93.6,,False,4.215999435606591
8078,14.841,31.33,231.77,547.3397,-1,1,13,92.6,,False,70.999
8092,9.579,20.599,158.53,204.9683,-1,1,14,83.5,,False,74.999
8095,16.085,40.155,294.54,828.5926,-1,1,15,69.2,,False,13.240990183199706
8169,15.829,21.703,165.39,242.2229,-1,1,17,83.1,,False,61.999
8182,15.488,36.415,267.78,711.4399,-1,2,16,87.9,,False,5.59547902337529
8192,15.752,42.652,312.75,864.5771,-1,1,13,93.9,,False,27.3044567037265
8193,14.842,41.6,304.65,920.5631,-1,1,11,85.6,,False,12.97561837884001
8194,14.108,29.474,218.63,491.2366,-1,1,13,70.3,,False,1.4692057500177356
8231,16.291,30.121,223.33,505.329,-1,1,12,96.8,,False,106.999
8288,2.041,21.123,157.64,400.8639,-1,1,15,95.8,,False,61.999
8318,13.336,22.162,166.52,330.0535,-1,1,13,98.1,,False,86.999
8340,15.916,40.871,299.67,858.5883,-1,1,13,86.0,,False,70.999
8363,10.697,21.207,159.51,323.0007,-1,1,17,86.0,,False,10.987783868788561
8400,14.592,30.586,226.23,557.2875,-1,1,12,99.7,,False,9.646120286257528
8404,15.197,42.632,312.92,803.4841,-1,1,12,89.0,,False,96.999
8420,14.598,37.437,274.94,766.5412,-1,1,13,77.4,,False,78.999
8436,16.058,29.938,221.95,501.3521,-1,1,14,76.5,,False,21.798044074904226
8457,8.163,16.614,129.1,174.9954,-1,1,15,89.5,,False,8.342272708964167
8460,14.258,56.422,432.43,218.0379,-1,1,13,67.0,,False,12.785218817259661
8465,15.439,34.127,298.86,59.0203,-1,1,11,69.7,,False,96.999
8466,14.491,19.047,144.58,262.1726,-1,1,18,99.5,,False,52.999
8474,8.534,33.065,253.36,218.0467,-1,1,11,85.2,,False,63.443555234728606
8479,14.546,41.983,307.87,839.5604,-1,2,12,84.4,,False,39.89932660066867
8516,4.561,19.641,157.71,116.9761,-1,1,13,86.3,,False,35.96279312119543
8518,1.081,33.147,253.65,224.0282,-1,1,12,82.2,,False,28.000609126433133
8519,16.368,25.747,193.25,339.3254,-1,1,12,96.8,,False,23.899326600668672
8528,16.062,22.682,172.0,267.2326,-1,1,12,95.5,,False,71.999
8556,15.483,30.392,225.62,482.3321,-1,1,15,83.8,,False,0.0006091264331473667
8561,15.504,30.12,261.82,61.9948,-1,1,12,87.1,,False,4.544837760493081
8570,8.587,18.497,140.74,251.0027,-1,1,13,76.4,,False,3.4692057500177356
8578,0.988,22.578,181.36,116.9753,-1,1,11,79.0,,False,91.999
8579,0.387,31.435,230.84,778.8559,-1,1,12,98.5,,False,3.557663018137646
8623,12.371,22.255,166.13,400.0455,-1,1,11,79.1,,False,60.999
8671,13.899,5.123,39.31,218.035,-1,1,11,97.9,,False,35.88650134302413
8722,15.044,28.835,214.27,458.3368,-1,1,13,93.6,,False,82.999
8724,10.925,18.629,140.97,277.9956,-1,1,13,85.9,,False,15.785218817259661
8729,15.324,18.236,140.37,202.0299,-1,1,13,97.7,,False,9.03842513167082
8735,3.183,19.319,146.55,264.9252,-1,1,15,99.9,,False,6.886501343024122
8743,15.3,29.652,220.33,465.4656,-1,1,12,99.9,,False,59.999
8759,12.38,19.571,157.11,116.9765,-1,1,11,86.3,,False,68.98778386878857
8782,12.458,21.728,163.44,322.9671,-1,1,13,98.9,,False,4.19034892031749
8812,15.171,29.829,220.96,515.2381,-1,1,12,99.8,,False,65.999
8832,10.118,19.024,144.54,258.0523,-1,1,11,96.6,,False,75.999
8859,11.974,21.583,161.76,355.0482,-1,1,12,77.9,,False,63.999
8876,11.683,35.222,269.96,218.0372,-1,1,11,89.7,,False,41.53201250284852
8908,4.277,18.599,140.72,278.998,-1,1,11,74.9,,False,28.582653765730754
8909,11.503,28.193,216.01,219.0315,-1,1,11,81.3,,False,29.98778386878856
8915,12.23,20.443,155.2,261.0403,-1,1,11,91.2,,False,53.999
