level,m/C,MD/C
0.8,24.35,0.0008251989224685889
0.8,25.22,0.0008637127525644907
0.8,26.09,0.000962777235729297
0.8,26.67400477397959,0.0011
0.8,26.96,0.001197154355831567
0.8,27.45943142793276,0.0015
0.8,27.827188419063297,0.002
0.8,27.83,0.0020054874030715824
0.8,27.981793846379524,0.0024
0.8,28.058069159429074,0.0028
0.8,28.089715169683416,0.0033
0.8,28.10134745151518,0.0037
0.8,28.105112367778524,0.0041
0.8,28.105190948529852,0.0046
0.8,28.105611088262087,0.005
0.8,28.101340058111305,0.0054
0.8,28.072181776279784,0.0059
0.8,27.999704339156487,0.0063
0.8,27.889258290852435,0.0067
0.8,27.83,0.006979461914010346
0.8,27.76855090166358,0.0072
0.8,27.71241170892887,0.0076
0.8,27.779430200103697,0.008
0.8,27.83,0.008202989724147281
0.8,27.88684459767874,0.0085
0.8,27.913474756479776,0.0089
0.8,27.83,0.009093289044895713
0.8,27.718213451900493,0.0093
0.8,27.03030980024131,0.0098
0.8,26.96,0.00982116064028779
0.8,26.09,0.009988087627776336
0.8,25.220000000000002,0.010072453022456409
0.8,24.35,0.01010639719072334
0.9,24.35,-0.0014898828557727778
0.9,25.22,-0.0014832229040029135
0.9,26.090000000000003,-0.0014623028029240124
0.9,26.96,-0.0014100315127811903
0.9,27.83,-0.0012986980272211024
0.9,28.66993586406658,-0.0011
0.9,28.699999999999996,-0.0010919015296693068
0.9,29.57,-0.0007088218002972148
0.9,29.583651574925547,-0.0007
0.9,30.102373731448317,-0.00020000000000000004
0.9,30.43,0.0001626647571763101
0.9,30.455951194089682,0.0002
0.9,30.648017465401843,0.0007
0.9,30.765371248842698,0.0011
0.9,30.837590179246632,0.0015
0.9,30.890361282230213,0.002
0.9,30.941330018919373,0.0024
0.9,30.996511846781637,0.0028
0.9,31.052519569104795,0.0033
0.9,31.10059508294857,0.0037
0.9,31.129174030261844,0.0041
0.9,31.130256273468433,0.0046
0.9,31.107689801620758,0.005
0.9,31.07604947448421,0.005399999999999999
0.9,31.049899509819895,0.0059
0.9,31.035359387299764,0.0063
0.9,31.03164249759574,0.006699999999999999
0.9,31.03909811427652,0.0072
0.9,31.062692000153767,0.007600000000000001
0.9,31.10296020452907,0.008
0.9,31.144732015374757,0.0085
0.9,31.162374457955476,0.0089
0.9,31.13654799157449,0.0093
0.9,31.051078004693657,0.0098
0.9,30.84954758122931,0.0102
0.9,30.43,0.010643972964383793
0.9,30.35066402143215,0.0107
0.9,29.57,0.010987530917253545
0.9,29.01223141872373,0.0111
0.9,28.699999999999996,0.011177090923265433
0.9,27.83,0.011321726388305923
0.9,26.960000000000004,0.011407525088797086
0.9,26.09,0.01145604327287015
0.9,25.22,0.01148062416724141
0.9,24.35,0.011490421985985832
1.0,24.35,-0.0030856110503855597
1.0,25.22,-0.0030846956070829388
1.0,26.09,-0.0030816661828123775
1.0,26.96,-0.003073687427588095
1.0,27.83,-0.00305578199931542
1.0,28.7,-0.0030207564790344452
1.0,29.57,-0.002958912909780777
1.0,30.43,-0.0028548641141371432
1.0,30.726461455587874,-0.0028
1.0,31.299999999999997,-0.0026566883599153175
1.0,31.83988665189439,-0.0023999999999999994
1.0,32.17,-0.0020768087576616715
1.0,32.22352683286948,-0.002
1.0,32.495102747981065,-0.0015
1.0,32.78226184210392,-0.0011
1.0,33.04,-0.0007174952278292393
1.0,33.05089477889508,-0.0007
1.0,33.254107349834584,-0.0002
1.0,33.39034451829541,0.0002
1.0,33.469136373640076,0.0007
1.0,33.508703470421004,0.0011
1.0,33.532338360835574,0.0015
1.0,33.56041794794167,0.002
1.0,33.599422471735515,0.0024
1.0,33.640673268544425,0.0028
1.0,33.67235356975674,0.0033
1.0,33.69094217110352,0.0036999999999999997
1.0,33.70135181715332,0.0041
1.0,33.711009310134195,0.0046
1.0,33.72456169550944,0.005
1.0,33.74066156621064,0.0054
1.0,33.75498221167497,0.0059
1.0,33.77013093620262,0.0063
1.0,33.7997459090695,0.0067
1.0,33.85799166210697,0.0072
1.0,33.91,0.007446008153315585
1.0,33.94496254461944,0.0076
1.0,34.03560150857116,0.008
1.0,34.09477854891211,0.0085
1.0,34.124585803643214,0.0089
1.0,34.18505178539918,0.0093
1.0,34.3760647535968,0.0098
1.0,34.78,0.010182519844576568
1.0,34.80237580039576,0.0102
1.0,35.555163432817956,0.010700000000000001
1.0,35.65,0.010749299062753103
1.0,36.4806203052429,0.0111
1.0,36.52,0.011128002509221418
1.0,37.08074253010481,0.0115
1.1,24.35,-0.004213535189073338
1.1,25.22,-0.004213486910521766
1.1,26.09,-0.004213319278285034
1.1,26.96,-0.004212860043805158
1.1,27.83,-0.004211811279082887
1.1,28.7,-0.004209784029815334
1.1,29.57,-0.004206311795322203
1.1,30.43,-0.004200540016591884
1.1,31.3,-0.004190341235384828
1.1,32.17,-0.004171148245377522
1.1,33.04,-0.004135148542573654
1.1,33.52807611967384,-0.0041
1.1,33.91,-0.004072940305099978
1.1,34.78,-0.00395518528961721
1.1,35.61662972382304,-0.0037
1.1,35.65,-0.0036569350859748263
1.1,35.81237062712906,-0.0033
1.1,35.682719119507865,-0.0028
1.1,35.65,-0.002725291811168908
1.1,35.50837159327668,-0.0024000000000000002
1.1,35.437701038530385,-0.002
1.1,35.50290514023543,-0.0015
1.1,35.64702384633867,-0.0011
1.1,35.65,-0.0010918937297686986
1.1,35.78076845251665,-0.0007
1.1,35.87606567457981,-0.0002
1.1,35.937385285630064,0.00020000000000000004
1.1,35.97750081188019,0.0007
1.1,36.00540543574621,0.0011
1.1,36.02668324181691,0.0015
1.1,36.044177441400024,0.002
1.1,36.058990764872966,0.0024
1.1,36.074072694038826,0.0028
1.1,36.097180351594815,0.0033
1.1,36.13843413355591,0.0037
1.1,36.20359543611214,0.004100000000000001
1.1,36.289693836758126,0.0046
1.1,36.38934248262802,0.005
1.1,36.49823599676278,0.0054
1.1,36.52,0.0054967399372664065
1.1,36.60892044315431,0.0059
1.1,36.710437595689434,0.0063
1.1,36.79337859754524,0.0067
1.1,36.865115792529494,0.0072
1.1,36.94402149897061,0.0076
1.1,37.032593952490984,0.008
1.1,37.12188649771731,0.0085
1.1,37.243661429736655,0.0089
1.1,37.39,0.009119167749320957
1.1,37.5396351980599,0.0093
1.1,38.26,0.009773149846357573
1.1,38.32087798608467,0.0098
1.1,39.13,0.009997946791666554
1.1,40.0,0.010136890217611525
1.1,40.614401264166204,0.0102
1.1,40.87,0.010235866908691908
1.1,41.739999999999995,0.010314304494699042
1.1,42.61,0.010357682372245297
1.1,43.48,0.010375435529026682
1.1,44.35,0.010378141724697101
1.1,45.22,0.01037501794723647
1.1,46.09,0.01037159111666487
1.1,46.96,0.010369624865252605
1.1,47.83,0.010368854502402478
1.1,48.7,0.010368638414794035
1.1,49.57,0.010368594990582455
1.1,50.43000000000001,0.0103685891781809
1.1,51.3,0.01036858912891379
1.1,52.17,0.01036858947060114
1.1,53.040000000000006,0.01036858947060114
1.1,53.91,0.01036858947060114
1.1,54.78,0.01036858947060114
1.1,55.650000000000006,0.01036858947060114
1.1,56.52,0.01036858947060114
1.1,57.39,0.01036858947060114
1.1,58.260000000000005,0.01036858947060114
1.1,59.13000000000001,0.01036858947060114
1.1,60.0,0.01036858947060114
1.1,60.870000000000005,0.01036858947060114
1.1,61.74,0.01036858947060114
1.1,62.61,0.01036858947060114
1.1,63.48,0.01036858947060114
1.1,64.35,0.01036858947060114
1.1,65.22,0.01036858947060114
1.1,66.09,0.01036858947060114
1.1,66.96,0.01036858947060114
1.1,67.83000000000001,0.01036858947060114
1.1,68.7,0.01036858947060114
1.1,69.57,0.01036858947060114
1.1,70.43,0.01036858947060114
1.1,71.3,0.01036858947060114
1.1,72.17,0.01036858947060114
1.1,73.04,0.01036858947060114
1.1,73.91,0.01036858947060114
1.1,74.78,0.01036858947060114
1.1,75.65,0.01036858947060114
1.1,76.52000000000001,0.01036858947060114
1.1,77.39,0.01036858947060114
1.1,78.26,0.01036858947060114
1.1,79.13,0.01036858947060114
1.2,24.350000000000005,-0.005535377324453769
1.2,25.22,-0.005535377165085393
1.2,26.09,-0.005535376501733885
1.2,26.96,-0.005535374382400532
1.2,27.83,-0.005535368710835673
1.2,28.7,-0.0055353553899871386
1.2,29.57,-0.005535324486959749
1.2,30.43,-0.00553524650741284
1.2,31.3,-0.005535042895023804
1.2,32.17,-0.0055345522144089375
1.2,33.04,-0.005533497537466305
1.2,33.91,-0.005531399044317483
1.2,34.78,-0.005527250477019915
1.2,35.65,-0.005518951493528058
1.2,36.52,-0.005502685652079471
1.2,37.39,-0.0054721527120242955
1.2,38.26,-0.005415637481349392
1.2,38.39563647312747,-0.0054
1.2,39.13,-0.005273895182726395
1.2,39.79458816455282,-0.005
1.2,39.92186834211362,-0.0046
1.2,39.68674194280918,-0.0041
1.2,39.29683564334064,-0.0037
1.2,39.13,-0.003559173170487866
1.2,38.83423455742672,-0.0033
1.2,38.42292513723411,-0.0028
1.2,38.26,-0.0025574029699993164
1.2,38.15167100106687,-0.0024
1.2,38.04792261441345,-0.002
1.2,38.065758292318534,-0.0015
1.2,38.11865761069979,-0.0011
1.2,38.155285761481835,-0.0006999999999999999
1.2,38.17180187823834,-0.0002
1.2,38.183573591971445,0.0002
1.2,38.202091134774676,0.0006999999999999999
1.2,38.22882326946938,0.0011
1.2,38.26,0.0014992208291589085
1.2,38.260062709175784,0.0015
1.2,38.29655431579144,0.002
1.2,38.34497098542798,0.0024
1.2,38.415020789049734,0.0028
1.2,38.5138307026906,0.0033
1.2,38.6441991150284,0.0037
1.2,38.8015308716575,0.0041
1.2,38.9676850943448,0.0046
1.2,39.115570349735144,0.005
1.2,39.13,0.005051394389934866
1.2,39.236061964999564,0.0054
1.2,39.31190972441479,0.0059
1.2,39.33518568267114,0.0063
1.2,39.31733417883002,0.006700000000000001
1.2,39.31639972826207,0.0072
1.2,39.41438275642268,0.0076
1.2,39.67733664914528,0.008
1.2,40.0,0.008346178313869386
1.2,40.209022424790604,0.0085
1.2,40.87,0.008760803371044254
1.2,41.50100136659027,0.0089
1.2,41.739999999999995,0.008941367322948516
1.2,42.61,0.009030568664818403
1.2,43.47999999999999,0.009074525307871478
1.2,44.35000000000001,0.009093877733736669
1.2,45.22,0.009102146130458394
1.2,46.09,0.009106371392012126
1.2,46.96,0.009108981540241146
1.2,47.83,0.009110504385894964
1.2,48.7,0.00911122188700576
1.2,49.57,0.00911148437679624
1.2,50.43,0.009111559950366728
1.2,51.3,0.009111578700500262
1.2,52.17,0.009111583216415435
1.2,53.04,0.009111583935309468
1.2,53.91,0.00911158414611361
1.2,54.78,0.009111584196030639
1.2,55.65,0.009111584205269104
1.2,56.52,0.009111584206497492
1.2,57.39,0.009111584206497492
1.2,58.26,0.009111584206497492
1.2,59.13,0.009111584206497492
1.2,60.0,0.009111584206497492
1.2,60.87,0.009111584206497492
1.2,61.74,0.009111584206497492
1.2,62.61,0.009111584206497492
1.2,63.48,0.009111584206497492
1.2,64.35,0.009111584206497492
1.2,65.22,0.009111584206497492
1.2,66.09,0.009111584206497492
1.2,66.96,0.009111584206497492
1.2,67.83,0.009111584206497492
1.2,68.7,0.009111584206497492
1.2,69.57,0.009111584206497492
1.2,70.43,0.009111584206497492
1.2,71.3,0.009111584206497492
1.2,72.17,0.009111584206497492
1.2,73.04,0.009111584206497492
1.2,73.91,0.009111584206497492
1.2,74.78,0.009111584206497492
1.2,75.65,0.009111584206497492
1.2,76.52,0.009111584206497492
1.2,77.39,0.009111584206497492
1.2,78.26,0.009111584206497492
1.2,79.13,0.009111584206497492
1.3,24.35,-0.006527958255628968
1.3,25.22,-0.006527958255628968
1.3,26.090000000000003,-0.006527958255628968
1.3,26.96,-0.006527958255628968
1.3,27.83,-0.006527958252234165
1.3,28.700000000000003,-0.006527958226559174
1.3,29.57,-0.006527958093459128
1.3,30.43,-0.006527957548606753
1.3,31.300000000000004,-0.006527955658517756
1.3,32.17,-0.006527950212273696
1.3,33.04,-0.006527935890876697
1.3,33.91,-0.006527898694305119
1.3,34.78,-0.006527798702539825
1.3,35.65,-0.006527538641812495
1.3,36.52,-0.006526884294961708
1.3,37.39,-0.006525248014462243
1.3,38.25999999999999,-0.006521041570255771
1.3,39.13,-0.006510366195366478
1.3,40.0,-0.006485100802314384
1.3,40.87,-0.006430855627133608
1.3,41.74,-0.006324756110914836
1.3,41.86592132082029,-0.0063
1.3,42.61,-0.0060385543992889
1.3,42.85800409653885,-0.0059
1.3,43.060365360224644,-0.0054
1.3,42.93865527328764,-0.005
1.3,42.62942011274385,-0.0046
1.3,42.61,-0.004579111397145692
1.3,42.16407918090914,-0.0041
1.3,41.74,-0.003778275181506881
1.3,41.63407511229268,-0.0037
1.3,41.09109265557208,-0.0033
1.3,40.87,-0.003042471720819992
1.3,40.64894426595339,-0.0028000000000000004
1.3,40.376366512645234,-0.0024
1.3,40.275560400218566,-0.002
1.3,40.27341397714429,-0.0015
1.3,40.295252841771266,-0.0011
1.3,40.30810778328303,-0.0007
1.3,40.316432282225634,-0.00019999999999999998
1.3,40.33687767293593,0.0002
1.3,40.38370225153737,0.0007
1.3,40.46393128639471,0.0011
1.3,40.57455409672849,0.0015
1.3,40.704760619937,0.002
1.3,40.84548792049966,0.0024
1.3,40.87,0.002464689483786947
1.3,41.00533249668792,0.0027999999999999995
1.3,41.20815830162941,0.0033
1.3,41.4821558490443,0.0037
1.3,41.74,0.004007630734251792
1.3,41.8198827360096,0.0041
1.3,42.13406496118941,0.0046
1.3,42.35207671570455,0.004999999999999999
1.3,42.47958737907434,0.0054
1.3,42.56377718150359,0.005900000000000001
1.3,42.61,0.006230952564650087
1.3,42.620495034133256,0.0063
1.3,42.637678078508706,0.0067
1.3,42.71251030111597,0.0072
1.3,43.22174704306122,0.0076
1.3,43.48,0.007678254653573613
1.3,44.35,0.00785219672705617
1.3,45.22,0.00795390286068165
1.3,45.91286847020354,0.008
1.3,46.09,0.0080101978909153
1.3,46.96,0.008038406441677314
1.3,47.83,0.008052178822541866
1.3,48.7,0.008058175964833571
1.3,49.57000000000001,0.00806061021873428
1.3,50.43,0.008061603229163898
1.3,51.3,0.00806202027038555
1.3,52.17,0.008062188389505853
1.3,53.04,0.00806224699464757
1.3,53.91,0.008062264306903462
1.3,54.78,0.008062268403077236
1.3,55.65,0.008062269160597532
1.3,56.52,0.008062269261124171
1.3,57.39,0.008062269261124171
1.3,58.25999999999999,0.008062269261124171
1.3,59.129999999999995,0.008062269261124171
1.3,60.0,0.008062269261124171
1.3,60.87,0.008062269261124171
1.3,61.74,0.008062269261124171
1.3,62.61,0.008062269261124171
1.3,63.47999999999999,0.008062269261124171
1.3,64.35,0.008062269261124171
1.3,65.22,0.008062269261124171
1.3,66.09,0.008062269261124171
1.3,66.96,0.008062269261124171
1.3,67.83,0.008062269261124171
1.3,68.7,0.008062269261124171
1.3,69.57,0.008062269261124171
1.3,70.43,0.008062269261124171
1.3,71.3,0.008062269261124171
1.3,72.17,0.008062269261124171
1.3,73.04,0.008062269261124171
1.3,73.91,0.008062269261124171
1.3,74.78,0.008062269261124171
1.3,75.65,0.008062269261124171
1.3,76.51999999999998,0.008062269261124171
1.3,77.39,0.008062269261124171
1.3,78.26,0.008062269261124171
1.3,79.13,0.008062269261124171
1.4,24.35,-0.0073763698506271284
1.4,25.22,-0.0073763698506271284
1.4,26.09,-0.0073763698506271284
1.4,26.96,-0.0073763698506271284
1.4,27.83,-0.0073763698506271284
1.4,28.700000000000003,-0.0073763698506271284
1.4,29.57,-0.0073763698506271284
1.4,30.43,-0.007376369851262016
1.4,31.299999999999997,-0.007376369847640626
1.4,32.17,-0.007376369810293323
1.4,33.04,-0.007376369577207211
1.4,33.91,-0.00737636850828334
1.4,34.78,-0.007376363968042482
1.4,35.65,-0.007376345414165605
1.4,36.52,-0.007376268926452643
1.4,37.39,-0.0073759688334618465
1.4,38.26,-0.007374888135247381
1.4,39.13,-0.007371520375011405
1.4,40.0,-0.00736260544511331
1.4,40.87,-0.007342415188947955
1.4,41.74,-0.0073023487134663955
1.4,42.61,-0.007230335014753395
1.4,42.84881166871812,-0.0072
1.4,43.47999999999999,-0.00709649462389497
1.4,44.35,-0.0068620362761564035
1.4,44.74983070010415,-0.0067
1.4,45.22,-0.006433981709789584
1.4,45.39439141560722,-0.0063
1.4,45.53599101302164,-0.0059
1.4,45.383901541820805,-0.0054
1.4,45.22,-0.0052210352567282
1.4,45.036924420839284,-0.005
1.4,44.56454292262707,-0.0046
1.4,44.35,-0.004411210473948475
1.4,44.0159163514127,-0.0041
1.4,43.480000000000004,-0.0037235499464036204
1.4,43.446807700763074,-0.0037
1.4,42.91563173130052,-0.0033
1.4,42.61,-0.002919868753606615
1.4,42.510202265780784,-0.0028
1.4,42.28639599908347,-0.0024
1.4,42.22836176472674,-0.002
1.4,42.25607270017434,-0.0015
1.4,42.299525395662194,-0.0011
1.4,42.3406937478441,-0.0007
1.4,42.39901337102562,-0.0002
1.4,42.49991012920972,0.0002
1.4,42.61,0.0005636257343465622
1.4,42.65504159722205,0.0007
1.4,42.852884729272326,0.0011
1.4,43.06732393078793,0.0015
1.4,43.29778546659665,0.002
1.4,43.48,0.002281900264168314
1.4,43.563139872274846,0.0024
1.4,43.869820693293775,0.0028
1.4,44.17413000544323,0.0033
1.4,44.35,0.0035697491432972184
1.4,44.42448895831968,0.0037
1.4,44.59558241729313,0.0041
1.4,44.719272403743346,0.0046
1.4,44.84414139691444,0.005
1.4,45.05870885454685,0.0054
1.4,45.22,0.005605144171683962
1.4,45.52732217296958,0.0059
1.4,46.09,0.006160785295562862
1.4,46.61182121892614,0.0063
1.4,46.959999999999994,0.00638369067091432
1.4,47.83,0.0065061752590761576
1.4,48.7,0.00657257897751032
1.4,49.57,0.006609681249347748
1.4,50.43,0.0066299373346788695
1.4,51.3,0.0066400697901206444
1.4,52.17,0.006644454437525851
1.4,53.04,0.006646023496700463
1.4,53.91,0.00664647465529614
1.4,54.78,0.006646577508822759
1.4,55.65,0.006646596358841149
1.4,56.52,0.006646599430124692
1.4,57.39,0.006646599902131775
1.4,58.26,0.006646600128797045
1.4,59.13,0.006646600208743112
1.4,60.0,0.006646600227707807
1.4,60.87,0.0066466002312177246
1.4,61.74,0.006646600231684419
1.4,62.61,0.006646600231684419
1.4,63.48,0.006646600231684419
1.4,64.35,0.006646600231684419
1.4,65.22,0.006646600231684419
1.4,66.09,0.006646600231684419
1.4,66.96,0.006646600231684419
1.4,67.83,0.006646600231684419
1.4,68.7,0.006646600231684419
1.4,69.57,0.006646600231684419
1.4,70.43,0.006646600231684419
1.4,71.3,0.006646600231684419
1.4,72.17,0.006646600231684419
1.4,73.04,0.006646600231684419
1.4,73.91,0.006646600231684419
1.4,74.78,0.006646600231684419
1.4,75.65,0.006646600231684419
1.4,76.52,0.006646600231684419
1.4,77.39000000000001,0.006646600231684419
1.4,78.26,0.006646600231684419
1.4,79.13,0.006646600231684419
1.5,24.35,-0.009428178668997568
1.5,25.22,-0.009428178668997568
1.5,26.09,-0.009428178668997568
1.5,26.96,-0.009428178668997568
1.5,27.83,-0.009428178668997568
1.5,28.699999999999996,-0.009428178668997568
1.5,29.57,-0.009428178668997568
1.5,30.43,-0.009428178668997568
1.5,31.299999999999997,-0.009428178668997568
1.5,32.17,-0.009428178668997568
1.5,33.04,-0.009428178668997568
1.5,33.91,-0.009428178668997568
1.5,34.78,-0.009428178668997568
1.5,35.65,-0.009428178569298031
1.5,36.52,-0.009428177800272514
1.5,37.39,-0.009428173614728242
1.5,38.26,-0.009428155718674032
1.5,39.13,-0.009428089841832018
1.5,40.0,-0.009427884955218046
1.5,40.87,-0.009427304007785157
1.5,41.74,-0.009425713369255188
1.5,42.61,-0.00942153723815418
1.5,43.48,-0.009411429206704222
1.5,44.35,-0.009389598650073359
1.5,45.22,-0.009347895061802697
1.5,45.81673730649178,-0.0093
1.5,46.09,-0.009261950781592454
1.5,46.96,-0.00905455334471001
1.5,47.35874864388834,-0.0089
1.5,47.51503908315051,-0.0085
1.5,47.611136730526695,-0.008
1.5,47.82692059387679,-0.0076
1.5,47.83,-0.007595714099483293
1.5,48.00980808401279,-0.0072
1.5,48.1118576759677,-0.0067
1.5,48.09583339709175,-0.0063
1.5,47.9349262179441,-0.005900000000000001
1.5,47.83,-0.005745274344935186
1.5,47.59951581727191,-0.0054
1.5,47.095268274089456,-0.005
1.5,46.96000000000001,-0.004917019827345706
1.5,46.46594969969074,-0.0046
1.5,46.09,-0.004329216727604704
1.5,45.79491361248609,-0.0041
1.5,45.22,-0.0037372885180551505
1.5,45.163871967408426,-0.0037
1.5,44.6471670222715,-0.0033
1.5,44.35000000000001,-0.002888338915935208
1.5,44.28532794406438,-0.0028000000000000004
1.5,44.109548405100796,-0.0024
1.5,44.07867726466468,-0.002
1.5,44.12439532992499,-0.0015
1.5,44.21095653217366,-0.0011
1.5,44.3466598704519,-0.0007
1.5,44.35,-0.0006911438249480025
1.5,44.56514038086942,-0.0002
1.5,44.83917579819132,0.0002
1.5,45.12826792470068,0.0007
1.5,45.22,0.0008277742313484104
1.5,45.442279025186735,0.0011
1.5,45.817300313793034,0.0015
1.5,46.09,0.0018150114323553666
1.5,46.270161044373836,0.002
1.5,46.67601008524211,0.0024
1.5,46.88252973744779,0.0028
1.5,46.92526599176192,0.0033
1.5,46.916848817717295,0.0037
1.5,46.93859128388508,0.0041
1.5,46.96,0.00421028804976923
1.5,47.04969823155641,0.0046
1.5,47.364911683687794,0.005
1.5,47.83,0.005254803231411861
1.5,48.24708537583511,0.0054
1.5,48.7,0.005516620444618305
1.5,49.57,0.005652342578348759
1.5,50.43,0.005726169335406903
1.5,51.3,0.005762181465808512
1.5,52.17,0.005777030810406781
1.5,53.040000000000006,0.005782008945624394
1.5,53.91,0.005783445358201147
1.5,54.78,0.005783942130780618
1.5,55.650000000000006,0.005784212284350977
1.5,56.52,0.005784372426429032
1.5,57.39,0.005784451096094911
1.5,58.26,0.0057844823462137075
1.5,59.13000000000001,0.005784492226689225
1.5,60.0,0.005784494689915008
1.5,60.87,0.005784495192144492
1.5,61.74000000000001,0.005784495274202998
1.5,62.61,0.00578449528072872
1.5,63.47999999999999,0.005784495281936478
1.5,64.35,0.005784495282097067
1.5,65.22,0.005784495282097067
1.5,66.09,0.005784495282097067
1.5,66.96,0.005784495282097067
1.5,67.83,0.005784495282097067
1.5,68.7,0.005784495282097067
1.5,69.57,0.005784495282097067
1.5,70.43,0.005784495282097067
1.5,71.3,0.005784495282097067
1.5,72.17,0.005784495282097067
1.5,73.04,0.005784495282097067
1.5,73.91,0.005784495282097067
1.5,74.78,0.005784495282097067
1.5,75.65,0.005784495282097067
1.5,76.52,0.005784495282097067
1.5,77.39,0.005784495282097067
1.5,78.26,0.005784495282097067
1.5,79.13,0.005784495282097067
1.6,24.35,-0.013112449517021799
1.6,25.22,-0.013112449517021799
1.6,26.09,-0.013112449517021799
1.6,26.96,-0.013112449517021799
1.6,27.83,-0.013112449517021799
1.6,28.700000000000003,-0.013112449517021799
1.6,29.57,-0.013112449517021799
1.6,30.43,-0.013112449517021799
1.6,31.299999999999997,-0.013112449517021799
1.6,32.17,-0.013112449517021799
1.6,33.04,-0.013112449517021799
1.6,33.91,-0.013112449517021799
1.6,34.78,-0.013112449517021799
1.6,35.65,-0.013112449517021799
1.6,36.52,-0.013112449517021799
1.6,37.39,-0.013112449517021799
1.6,38.26,-0.013112449517021799
1.6,39.13,-0.013112449517021799
1.6,40.0,-0.013112449517021799
1.6,40.87,-0.013112449517021799
1.6,41.74,-0.013112449512997098
1.6,42.61,-0.013112442673665119
1.6,43.48,-0.013112391299590857
1.6,44.35,-0.013112113885668849
1.6,45.22,-0.013110942501872936
1.6,46.09,-0.01310700029064717
1.6,46.96,-0.013096321749721595
1.6,47.83,-0.013072605274374182
1.6,48.7,-0.013028233799027233
1.6,49.56999999999999,-0.012955661645565351
1.6,50.43,-0.012847453313221988
1.6,50.70577514547993,-0.012800000000000002
1.6,51.3,-0.012624689197812792
1.6,51.97495024370991,-0.0124
1.6,52.17,-0.0121120534608939
1.6,52.24666607333005,-0.012
1.6,52.17,-0.011798240972176233
1.6,51.993265215126414,-0.0115
1.6,51.87206131813312,-0.011100000000000002
1.6,52.17,-0.010767130933079232
1.6,52.20433852963763,-0.0107
1.6,52.47007102353731,-0.0102
1.6,52.57962723745396,-0.0098
1.6,52.563593789490994,-0.0093
1.6,52.47164505929672,-0.0089
1.6,52.30023023330304,-0.0085
1.6,52.17,-0.008275593229340367
1.6,51.984697931575056,-0.008
1.6,51.52979268903658,-0.0076
1.6,51.3,-0.007405617935388074
1.6,51.055927867430164,-0.007199999999999999
1.6,50.678609863805534,-0.0067
1.6,50.42999999999999,-0.006380316767239188
1.6,50.372556320064994,-0.0063
1.6,50.03843419628548,-0.0059
1.6,49.61999578934365,-0.0054
1.6,49.57,-0.0053631564879695025
1.6,49.07218015254608,-0.005
1.6,48.7,-0.004769050301116962
1.6,48.4195622234091,-0.0046
1.6,47.830000000000005,-0.004187298103978638
1.6,47.70297340837212,-0.0041
1.6,47.015656347355026,-0.0037
1.6,46.959999999999994,-0.0036585282649344935
1.6,46.48418519461033,-0.0033
1.6,46.15074924248081,-0.0028
1.6,46.09,-0.0026128882712853152
1.6,46.02349491604872,-0.0024000000000000002
1.6,46.04675337661709,-0.002
1.6,46.09,-0.0018276568324437552
1.6,46.19090413158801,-0.0015
1.6,46.46047950781586,-0.0011
1.6,46.829536760665825,-0.0007000000000000001
1.6,46.959999999999994,-0.0005404528706051445
1.6,47.27211054686346,-0.0002
1.6,47.73317148223305,0.0002
1.6,47.83,0.0003014921247326705
1.6,48.25001684625818,0.0007
1.6,48.7,0.0010322155458334296
1.6,48.794762588410684,0.0011
1.6,49.23658221396771,0.0015
1.6,49.47348239442457,0.002
1.6,49.556584670928295,0.0024
1.6,49.56628224352409,0.0028
1.6,49.56999999999999,0.002882868884718077
1.6,49.595241919546005,0.0033
1.6,49.82219810789524,0.0037
1.6,50.42999999999999,0.004058872071768789
1.6,50.60295296853373,0.0041
1.6,51.3,0.004253273244487614
1.6,52.17,0.004336412151864068
1.6,53.04,0.004385762438138867
1.6,53.91,0.004425934851846404
1.6,54.78,0.004457779515573656
1.6,55.65,0.004479261047015013
1.6,56.519999999999996,0.004491415644915765
1.6,57.39,0.0044972150783735435
1.6,58.260000000000005,0.004499577338964016
1.6,59.13,0.004500418254473467
1.6,60.0,0.004500689353479331
1.6,60.87,0.004500772184777317
1.6,61.74,0.004500797412855615
1.6,62.61,0.004500806278462449
1.6,63.48,0.004500811392806253
1.6,64.35,0.004500815625566896
1.6,65.22,0.004500819595876728
1.6,66.09,0.0045008232846179014
1.6,66.96,0.004500826475466946
1.6,67.83,0.004500828942118786
1.6,68.7,0.004500830588285671
1.6,69.57,0.004500831510443514
1.6,70.43,0.004500831935021242
1.6,71.3,0.004500832093269298
1.6,72.17,0.004500832140495572
1.6,73.04,0.004500832151678452
1.6,73.91,0.004500832153748139
1.6,74.78,0.004500832154023334
1.6,75.65,0.004500832154023334
1.6,76.52,0.004500832154023334
1.6,77.39,0.004500832154023334
1.6,78.26,0.004500832154023334
1.6,79.13,0.004500832154023334
1.7,24.35,-0.013913209869030396
1.7,25.22,-0.013913209869030396
1.7,26.090000000000003,-0.013913209869030396
1.7,26.96,-0.013913209869030396
1.7,27.83,-0.013913209869030396
1.7,28.700000000000003,-0.013913209869030396
1.7,29.57,-0.013913209869030396
1.7,30.430000000000003,-0.013913209869030396
1.7,31.300000000000004,-0.013913209869030396
1.7,32.17,-0.013913209869030396
1.7,33.040000000000006,-0.013913209869030396
1.7,33.91,-0.013913209869030396
1.7,34.78,-0.013913209869030396
1.7,35.65,-0.013913209869030396
1.7,36.52,-0.013913209869030396
1.7,37.39,-0.013913209869030396
1.7,38.26,-0.013913209869030396
1.7,39.13000000000001,-0.013913209869030396
1.7,40.0,-0.013913209869030396
1.7,40.870000000000005,-0.013913209869030396
1.7,41.74000000000001,-0.013913209869030396
1.7,42.61,-0.013913207550631117
1.7,43.48,-0.013913190113838302
1.7,44.35,-0.013913095883642933
1.7,45.22,-0.013912697639318985
1.7,46.09,-0.013911352862440343
1.7,46.96000000000001,-0.013907684265814287
1.7,47.83,-0.013899404021606773
1.7,48.7,-0.013883387111381653
1.7,49.57,-0.013855519609925423
1.7,50.43000000000001,-0.013809536245042298
1.7,51.3,-0.013734755451663683
1.7,51.57055501278748,-0.0137
1.7,52.17,-0.013632645815179853
1.7,53.04,-0.013493985199360785
1.7,53.91,-0.01330213764849146
1.7,53.918406339746966,-0.0133
1.7,54.78,-0.01300193156352277
1.7,55.29763520416996,-0.0128
1.7,55.65,-0.012648931033172193
1.7,56.168485668807605,-0.0124
1.7,56.52,-0.012087710153025148
1.7,56.60111606567594,-0.012
1.7,56.701681034579636,-0.0115
1.7,56.57486141502128,-0.0111
1.7,56.52,-0.011026532587722338
1.7,56.238511867579426,-0.010700000000000001
1.7,55.82584866965876,-0.0102
1.7,55.650000000000006,-0.010032755887375337
1.7,55.41333955781287,-0.0098
1.7,55.056266338921404,-0.0093
1.7,54.78,-0.008903563787075481
1.7,54.777722457405766,-0.0089
1.7,54.53681940495733,-0.0085
1.7,54.25912045747536,-0.008
1.7,53.91,-0.007625188836000265
1.7,53.88503994017307,-0.0076
1.7,53.39580332036476,-0.0072
1.7,53.04,-0.006845097390977025
1.7,52.89316093785752,-0.0067
1.7,52.41973763447545,-0.0063
1.7,52.17,-0.006089309365857071
1.7,51.95321323729605,-0.0059
1.7,51.436884958436885,-0.0054
1.7,51.3,-0.005308009676925006
1.7,50.85007917614891,-0.005
1.7,50.43000000000001,-0.004734271823414693
1.7,50.21851628803242,-0.0046
1.7,49.58793329077483,-0.0041
1.7,49.57,-0.004086618405243304
1.7,49.00179868332944,-0.0037
1.7,48.7,-0.0034170179445104686
1.7,48.56306975022628,-0.0033000000000000004
1.7,48.35448318748114,-0.0028
1.7,48.40718358547508,-0.0024
1.7,48.699231355495435,-0.002
1.7,48.7,-0.001999086688232461
1.7,49.17117042152047,-0.0015
1.7,49.57,-0.0011874156434758952
1.7,49.676581191415096,-0.0011
1.7,50.17256693621549,-0.0006999999999999999
1.7,50.43000000000001,-0.00047061498423846076
1.7,50.723854279069435,-0.0002
1.7,51.3,0.00016087435750577418
1.7,51.35581900371501,0.0002
1.7,51.89160236616244,0.0007
1.7,52.17,0.0010055378108549103
1.7,52.245329577641364,0.0010999999999999998
1.7,52.3679426916505,0.0015
1.7,52.40864295912726,0.002
1.7,52.578817177112,0.0024
1.7,53.04,0.0027253003209592045
1.7,53.18774092849461,0.0028
1.7,53.91,0.003046801930510466
1.7,54.78,0.0032272514599509514
1.7,55.373663822096105,0.0033
1.7,55.65,0.00332314548486091
1.7,56.52,0.003365991683497817
1.7,57.39000000000001,0.003388389306393968
1.7,58.25999999999999,0.0033995639811982854
1.7,59.13,0.0034049627040324995
1.7,60.0,0.0034074877487150317
1.7,60.870000000000005,0.0034086451437567943
1.7,61.74000000000001,0.0034092142496498223
1.7,62.61,0.0034095678631708226
1.7,63.47999999999999,0.0034098569921499878
1.7,64.35,0.003410127756537513
1.7,65.22,0.003410387587905042
1.7,66.09,0.003410628990111129
1.7,66.96,0.0034108374516987863
1.7,67.82999999999998,0.003410998409862948
1.7,68.7,0.0034111057458302554
1.7,69.57,0.003411165846780366
1.7,70.43,0.003411193511999342
1.7,71.3,0.003411203822328993
1.7,72.17,0.0034112068991605654
1.7,73.04,0.003411207627727797
1.7,73.91,0.0034112077625681764
1.7,74.78,0.0034112077804971186
1.7,75.65,0.0034112077804971186
1.7,76.52,0.0034112077804971186
1.7,77.39,0.0034112077804971186
1.7,78.26,0.0034112077804971186
1.7,79.13,0.0034112077804971186
1.8,58.387977756051484,-0.015
1.8,58.26,-0.014863611934735331
1.8,57.94322813690283,-0.014599999999999998
1.8,57.623486943002334,-0.014100000000000001
1.8,57.90391255183656,-0.0137
1.8,58.25999999999999,-0.013466517217387631
1.8,58.42356761815455,-0.0133
1.8,58.788599274725925,-0.0128
1.8,58.977659045863206,-0.0124
1.8,59.03404203163268,-0.012
1.8,58.99633373391357,-0.011500000000000002
1.8,58.86061274017652,-0.0111
1.8,58.605666165947625,-0.0107
1.8,58.260000000000005,-0.010227502247116774
1.8,58.238439684018935,-0.0102
1.8,57.798177002656814,-0.0098
1.8,57.39,-0.009337192127261286
1.8,57.355832227160484,-0.0093
1.8,56.92227758961318,-0.0089
1.8,56.539614322589685,-0.0085
1.8,56.52,-0.008473771169931631
1.8,56.18347239264264,-0.008
1.8,55.8012344237366,-0.0076
1.8,55.65,-0.007464785176441426
1.8,55.34768266222166,-0.0072
1.8,54.83393803260056,-0.0067
1.8,54.78,-0.006660287848803614
1.8,54.300290252982506,-0.0063
1.8,53.91,-0.006012652608838175
1.8,53.76205241904478,-0.0059
1.8,53.20056364953172,-0.0054
1.8,53.04,-0.005293750879391151
1.8,52.59811381705383,-0.005
1.8,52.17,-0.004722679617756634
1.8,51.97878252525503,-0.0046
1.8,51.406304085842166,-0.0041
1.8,51.3,-0.003998636526674765
1.8,50.970834999846616,-0.0036999999999999997
1.8,50.76362605376425,-0.0033
1.8,50.87135591302908,-0.0028
1.8,51.27087999107106,-0.0024
1.8,51.3,-0.002376717668167914
1.8,51.76708924005369,-0.002
1.8,52.17,-0.0015410775232924166
1.8,52.205185981773994,-0.0015
1.8,52.58122821763274,-0.0011
1.8,52.95769910328992,-0.0007
1.8,53.03999999999999,-0.0006096240751077602
1.8,53.388641649994206,-0.0002
1.8,53.86539589787975,0.0002
1.8,53.91,0.0002468396495518966
1.8,54.3535129084773,0.0007
1.8,54.78,0.0010936295419643268
1.8,54.788081111323706,0.0011
1.8,55.22119656275061,0.0015
1.8,55.65,0.001885911389758311
1.8,55.84731952510517,0.002
1.8,56.52,0.002197574392196023
1.8,57.39,0.0023364363685581817
1.8,58.13918974813432,0.0024
1.8,58.26,0.0024078821596781983
1.8,59.129999999999995,0.0024421326529714084
1.8,60.0,0.002460799686401298
1.8,60.87,0.002470928867675005
1.8,61.74,0.0024770161422775455
1.8,62.61,0.0024814996725348827
1.8,63.480000000000004,0.0024854295857789804
1.8,64.35,0.002489137727791875
1.8,65.22,0.0024926565139065434
1.8,66.09,0.0024958813289110266
1.8,66.96,0.0024986328798727495
1.8,67.82999999999998,0.0025007375393764474
1.8,68.7,0.002502131767678771
1.8,69.57,0.0025029092687368867
1.8,70.43,0.0025032664049741697
1.8,71.29999999999998,0.0025033993815081644
1.8,72.17,0.0025034390520247934
1.8,73.04,0.002503448444811348
1.8,73.91,0.0025034501831558953
1.8,74.78,0.0025034504142926245
1.8,75.65,0.0025034504142926245
1.8,76.52,0.0025034504142926245
1.8,77.39,0.0025034504142926245
1.8,78.26,0.0025034504142926245
1.8,79.13,0.0025034504142926245
1.9,62.89455593160795,-0.015
1.9,62.61,-0.014644175528159685
1.9,62.573411105308956,-0.0146
1.9,62.1430332890433,-0.0141
1.9,61.839074933063316,-0.0137
1.9,61.74000000000001,-0.013471147472455381
1.9,61.67372532557488,-0.013300000000000001
1.9,61.53950872145032,-0.0128
1.9,61.36966636733772,-0.012399999999999998
1.9,61.18231842480826,-0.012
1.9,61.010212542177875,-0.0115
1.9,60.87,-0.011163008256627402
1.9,60.846939572925976,-0.0111
1.9,60.65103038040198,-0.010699999999999998
1.9,60.338309810864025,-0.0102
1.9,60.0,-0.00989248021155312
1.9,59.90420245789276,-0.0098
1.9,59.445160698415265,-0.0093
1.9,59.13000000000001,-0.009034060654605571
1.9,58.98131246925871,-0.0089
1.9,58.53060486166284,-0.0085
1.9,58.260000000000005,-0.008203873569999066
1.9,58.084424120760495,-0.008
1.9,57.655489757767924,-0.007599999999999999
1.9,57.39,-0.007357024587847618
1.9,57.220724524278296,-0.0072
1.9,56.75658849262034,-0.0067
1.9,56.52,-0.006514164836089929
1.9,56.24076008784124,-0.0063
1.9,55.66782859206414,-0.0059
1.9,55.65,-0.005885545168403501
1.9,55.08284086233448,-0.0054
1.9,54.78,-0.005207591585153855
1.9,54.47191164272028,-0.005000000000000001
1.9,53.91,-0.004614332286135997
1.9,53.889356986231505,-0.0046
1.9,53.43301865967189,-0.0041
1.9,53.18158365686858,-0.0037
1.9,53.236118290013664,-0.0033
1.9,53.593859584789215,-0.0027999999999999995
1.9,53.91,-0.0025592181152771162
1.9,54.121870951072694,-0.0024
1.9,54.67731856170988,-0.002
1.9,54.78000000000001,-0.0018895540875243943
1.9,55.18923925372183,-0.0015
1.9,55.58038736035209,-0.0011
1.9,55.650000000000006,-0.000989216726151717
1.9,55.874580932346866,-0.0007000000000000001
1.9,56.173262587156735,-0.00019999999999999998
1.9,56.52000000000001,0.00013511373844379363
1.9,56.59680102454031,0.0002
1.9,57.26185629352449,0.0007
1.9,57.39,0.000761115611089327
1.9,58.26,0.0010758763478641838
1.9,58.35263527213392,0.0011
1.9,59.13000000000001,0.0012412248009738235
1.9,60.0,0.0013358955437280146
1.9,60.87,0.001393838202669559
1.9,61.74,0.0014332880388053077
1.9,62.61,0.0014641703134074759
1.9,63.48,0.0014908193832612192
1.9,63.80719303642152,0.0015
1.9,64.35,0.0015162537522185582
1.9,65.22,0.0015401877417711006
1.9,66.09,0.0015613239130434589
1.9,66.96,0.0015788268285274324
1.9,67.83,0.0015919167790729182
1.9,68.7,0.0016004549705815798
1.9,69.57,0.001605171944118076
1.9,70.43,0.0016073281823283843
1.9,71.3,0.0016081293716743077
1.9,72.17,0.0016083682159106997
1.9,73.04,0.0016084247554635934
1.9,73.91,0.001608435218881889
1.9,74.78,0.001608436610125305
1.9,75.65,0.001608436610125305
1.9,76.52,0.001608436610125305
1.9,77.38999999999999,0.001608436610125305
1.9,78.26,0.001608436610125305
1.9,79.13,0.001608436610125305
2.0,66.6348868300623,-0.015
2.0,66.43956969982167,-0.014600000000000002
2.0,66.09,-0.014134684100298913
2.0,66.06337806993191,-0.014100000000000001
2.0,65.66742933457965,-0.0137
2.0,65.35671798262821,-0.0133
2.0,65.22,-0.013027981129314423
2.0,65.11484948990491,-0.0128
2.0,64.80835492788852,-0.012400000000000001
2.0,64.39099621362074,-0.012
2.0,64.35,-0.011957158099776287
2.0,63.90592286485207,-0.0115
2.0,63.516788948552644,-0.0111
2.0,63.47999999999999,-0.011054857895453872
2.0,63.212068741674116,-0.0107
2.0,62.892679651841675,-0.0102
2.0,62.61,-0.009923802480127895
2.0,62.47934019220063,-0.0098
2.0,61.93532800100278,-0.0093
2.0,61.74,-0.009169297288365552
2.0,61.339721513289334,-0.008900000000000002
2.0,60.87,-0.008582740557677966
2.0,60.75728132404913,-0.0085
2.0,60.220399139025844,-0.008
2.0,60.0,-0.00783077635653118
2.0,59.723972816233854,-0.007599999999999999
2.0,59.27561044628385,-0.0072
2.0,59.13,-0.007016143246294744
2.0,58.89355506059115,-0.006700000000000001
2.0,58.55101537942657,-0.0063
2.0,58.26,-0.00596573830438708
2.0,58.197538637150465,-0.0059
2.0,57.7489256485229,-0.0054
2.0,57.39,-0.005188627180546062
2.0,57.07158548018339,-0.004999999999999999
2.0,56.519999999999996,-0.004727216436549679
2.0,56.30697173420624,-0.0046
2.0,55.761949271401136,-0.0041
2.0,55.64999999999999,-0.0038937841484495087
2.0,55.56167460523277,-0.0037000000000000006
2.0,55.650000000000006,-0.0034641510599571334
2.0,55.7166282017368,-0.0033
2.0,56.181958598185446,-0.0027999999999999995
2.0,56.52,-0.002598922985362977
2.0,56.924482297115624,-0.0024
2.0,57.39,-0.002207076446486535
2.0,58.02415267494755,-0.002
2.0,58.26,-0.0019069294036224824
2.0,59.13,-0.0016159949419658301
2.0,59.498566379347196,-0.0015
2.0,60.0,-0.0013630384071329944
2.0,60.87,-0.0011550170200970054
2.0,61.13558830600104,-0.0011
2.0,61.74000000000001,-0.0009339832109620358
2.0,62.61,-0.0007663038207855687
2.0,63.13814718125488,-0.0007
2.0,63.48,-0.0006037787400785177
2.0,64.35,-0.0004496700390499501
2.0,65.22,-0.00035203220395048514
2.0,66.09,-0.00028206458195210906
2.0,66.96,-0.00022707624896874584
2.0,67.51919694901753,-0.00019999999999999998
2.0,67.83,-0.0001695960117756651
2.0,68.7,-0.00010868923018625575
2.0,69.57,-7.130699967533706e-05
2.0,70.43,-5.318425559551838e-05
2.0,71.3,-4.627143064915389e-05
2.0,72.17000000000002,-4.41916337013585e-05
2.0,73.04000000000002,-4.3698131564840986e-05
2.0,73.91,-4.36067913745762e-05
2.0,74.78,-4.359464646587758e-05
2.0,75.65,-4.359464646587758e-05
2.0,76.52,-4.359464646587758e-05
2.0,77.39,-4.359464646587758e-05
2.0,78.26,-4.359464646587758e-05
2.0,79.13,-4.359464646587758e-05
2.1,70.37590890204058,-0.015
2.1,70.43,-0.014707879860925751
2.1,70.4498022555579,-0.0146
2.1,70.43,-0.014498740604643822
2.1,70.34663029308705,-0.0141
2.1,69.85385282793844,-0.0137
2.1,69.57,-0.013545515686296378
2.1,69.1610406606905,-0.0133
2.1,68.7,-0.01293017965263129
2.1,68.54274111228527,-0.0128
2.1,67.97537767246831,-0.0124
2.1,67.83,-0.012308724036890286
2.1,67.33970839106111,-0.012
2.1,66.96,-0.01173527486682055
2.1,66.66035681640365,-0.0115
2.1,66.09,-0.011107990599645406
2.1,66.0792101482657,-0.0111
2.1,65.62184694279176,-0.0107
2.1,65.22283036214984,-0.0102
2.1,65.22,-0.010197259678162766
2.1,64.80294566952989,-0.0098
2.1,64.36805414080531,-0.0093
2.1,64.35,-0.009281995904541717
2.1,63.91677129614462,-0.008900000000000002
2.1,63.48634849720322,-0.0085
2.1,63.48,-0.0084907804402551
2.1,63.09111251137571,-0.008
2.1,62.736583392220716,-0.0076
2.1,62.61,-0.007453384339053763
2.1,62.37976708698429,-0.0072
2.1,61.95914720211066,-0.0067
2.1,61.74000000000001,-0.0064947446034200815
2.1,61.561599429694155,-0.0063
2.1,61.28809518067844,-0.0059
2.1,61.11372126873083,-0.0054
2.1,60.9333400448455,-0.005
2.1,60.86999999999999,-0.004909705034637009
2.1,60.59042758088424,-0.0046
2.1,60.08291462298379,-0.0041
2.1,60.0,-0.004020767299288976
2.1,59.517506116334545,-0.0037
2.1,59.4520809318281,-0.0033
2.1,59.95296931396773,-0.0028
2.1,60.00000000000001,-0.0027804324415850257
2.1,60.781298479970694,-0.0024
2.1,60.87,-0.002370977801227617
2.1,61.74000000000001,-0.0020899178694812606
2.1,62.061508155616536,-0.002
2.1,62.61,-0.0018549754873863102
2.1,63.480000000000004,-0.0016865001620590503
2.1,64.35,-0.0015804172089567549
2.1,65.22,-0.0015210260757739912
2.1,65.80310227208531,-0.0015
2.1,66.09,-0.0014917030635902225
2.1,66.96,-0.0014782530103616318
2.1,67.83,-0.0014713485543777674
2.1,68.7,-0.0014680654876070523
2.1,69.57,-0.001466693005387816
2.1,70.43,-0.0014662052718616135
2.1,71.3,-0.001466059676218371
2.1,72.17,-0.0014660238258353173
2.1,73.04,-0.0014660167034041957
2.1,73.91,-0.001466015682323191
2.1,74.78,-0.0014660155802463054
2.1,75.65,-0.0014660155802463054
2.1,76.52,-0.0014660155802463054
2.1,77.39,-0.0014660155802463054
2.1,78.26,-0.0014660155802463054
2.1,79.12999999999998,-0.0014660155802463054
2.2,73.38958353553971,-0.015
2.2,73.52723042668728,-0.0146
2.2,73.59020574966412,-0.014100000000000001
2.2,73.33027877254165,-0.0137
2.2,73.04,-0.013540455593761588
2.2,72.46795799195506,-0.0133
2.2,72.17,-0.01317859797809397
2.2,71.30416804269474,-0.0128
2.2,71.3,-0.012798042924999458
2.2,70.64051394128373,-0.0124
2.2,70.43,-0.012214401720647309
2.2,70.19742823176942,-0.012
2.2,69.75896399353341,-0.0115
2.2,69.57,-0.011333115792680702
2.2,69.20065765460096,-0.0111
2.2,68.7,-0.01082603138799542
2.2,68.47693362796119,-0.010699999999999998
2.2,67.83,-0.010314696035895656
2.2,67.71071242230848,-0.0102
2.2,67.0814028618816,-0.0098
2.2,66.96,-0.009704417340261434
2.2,66.60939692174459,-0.0093
2.2,66.31884725412911,-0.0089
2.2,66.24587523358781,-0.0085
2.2,66.3214028826487,-0.008
2.2,66.3496246514465,-0.007600000000000001
2.2,66.22042822670795,-0.0072
2.2,66.09,-0.0069029858475259005
2.2,65.99624159140274,-0.006700000000000001
2.2,65.62738351999545,-0.0063
2.2,65.22,-0.006065174314831497
2.2,64.86531968653074,-0.0059
2.2,64.35,-0.005652087966837114
2.2,63.98689553088515,-0.0054
2.2,63.480000000000004,-0.005029303317559895
2.2,63.45332988720368,-0.005
2.2,63.15049220528283,-0.0046
2.2,62.9257527269702,-0.0041
2.2,62.85858977038809,-0.0037
2.2,63.086441299659725,-0.0033
2.2,63.48,-0.0029901329280948483
2.2,63.81501639985161,-0.0028
2.2,64.35,-0.0026516176608676065
2.2,65.22,-0.002496187214452698
2.2,66.09,-0.0024060519023612332
2.2,66.18859966409319,-0.0024
2.2,66.96,-0.002361551099844554
2.2,67.83,-0.002337838550909846
2.2,68.7,-0.0023263615650510727
2.2,69.57,-0.0023215990348172274
2.2,70.43,-0.0023199544020657556
2.2,71.3,-0.0023194920316568714
2.2,72.17,-0.002319387467247315
2.2,73.04,-0.002319368995408368
2.2,73.91,-0.0023193668439811734
2.2,74.78,-0.0023193668360905564
2.2,75.65,-0.0023193668360905564
2.2,76.52,-0.0023193668360905564
2.2,77.39,-0.0023193668360905564
2.2,78.26,-0.0023193668360905564
2.2,79.13,-0.0023193668360905564
2.3,79.13,-0.004840638077651102
2.3,78.26,-0.004840637702666802
2.3,77.39,-0.004840635642674146
2.3,76.52,-0.004840626729765985
2.3,75.65,-0.004840596021448656
2.3,74.78,-0.0048405099650094385
2.3,73.91,-0.004840310443982637
2.3,73.04,-0.004839836170696354
2.3,72.17,-0.004838651091434944
2.3,71.3,-0.004835054919485745
2.3,70.43,-0.004823661041238192
2.3,69.57,-0.0047921946973461735
2.3,68.7,-0.0047231763762065095
2.3,67.83,-0.0046043494421366075
2.3,67.80829176879124,-0.0046
2.3,66.96000000000001,-0.004273500002742279
2.3,66.64140324625043,-0.0041
2.3,66.80372251826918,-0.0037
2.3,66.96,-0.0036563225955740008
2.3,67.82999999999998,-0.003508813861151826
2.3,68.7,-0.0034346454390223975
2.3,69.57,-0.0034023000510685466
2.3,70.43,-0.003390440147390661
2.3,71.3,-0.0033868945039492917
2.3,72.17,-0.003386044184676042
2.3,73.04,-0.0033858840763842848
2.3,73.91,-0.003385861797599549
2.3,74.78,-0.003385861765590132
2.3,75.65,-0.003385861758010506
2.3,76.52,-0.0033858617566076966
2.3,77.39,-0.0033858617564211735
2.3,78.26,-0.0033858617564211735
2.3,79.13,-0.0033858617564211735
2.3,79.13,-0.012467493321602812
2.3,78.26000000000002,-0.012413804189914468
2.3,78.15328752918133,-0.012399999999999998
2.3,77.39,-0.012354501047654154
2.3,76.52,-0.01225760177902654
2.3,75.65,-0.012079886411722477
2.3,75.39146468733635,-0.012
2.3,74.78,-0.011740513001714747
2.3,74.40647848786534,-0.0115
2.3,73.99193062614246,-0.0111
2.3,73.91,-0.010804811536363914
2.3,73.88104547048626,-0.0107
2.3,73.85765619295098,-0.010199999999999999
2.3,73.4332316994042,-0.0098
2.3,73.04,-0.009646384572306753
2.3,72.17,-0.009355641296571269
2.3,71.9805592274255,-0.0093
2.3,71.3,-0.009125193915003901
2.3,70.52858916491758,-0.0089
2.3,70.43,-0.008788276948284612
2.3,70.20662653731365,-0.0085
2.3,70.43,-0.008070983663323698
2.3,70.46193836564817,-0.008
2.3,70.80987398562134,-0.0076
2.3,71.20987459765549,-0.0072
2.3,71.3,-0.007116965803216374
2.3,72.17,-0.0067078164120509985
2.3,72.20659773895487,-0.0067
2.3,73.04,-0.006573516782400573
2.3,73.91,-0.006511389857923893
2.3,74.78,-0.0064832579120817635
2.3,75.65,-0.006471711132835237
2.3,76.52,-0.006467648859692159
2.3,77.39,-0.006466469009441074
2.3,78.26,-0.006466194095320518
2.3,79.13,-0.006466143924696051
2.3,76.49065095052268,-0.015
2.3,76.51999999999998,-0.014933476981980248
2.3,76.71767806619305,-0.0146
2.3,77.13552540550698,-0.014100000000000001
2.3,77.39,-0.013924935045292854
2.3,78.09754680708444,-0.0137
2.3,78.25999999999999,-0.013654089322653709
2.3,79.13,-0.01355414208201621
2.4,79.13,-0.011138773717230484
2.4,78.68793048802615,-0.0111
2.4,78.84990054283918,-0.010700000000000001
2.4,79.13,-0.010665642518053901
