Match,Match Source,Classification Type,ID,RT,DT,CCS,m/z,Mass Error (ppm),CCS Error (%),RT Error (abs),Abundance,NIST SRM-1957 1.d.DeMP, NIST SRM-1957 10.d.DeMP, NIST SRM-1957 2.d.DeMP, NIST SRM-1957 3.d.DeMP, NIST SRM-1957 6.d.DeMP, NIST SRM-1957 7.d.DeMP, NIST SRM-1957 8.d.DeMP, NIST SRM-1957 9.d.DeMP,Detection Frequency (%),Average Abundance
PFHpA (M-H-CO2),CCS Library,likely,3289.0,8.4,17.54,132.5,318.9777,-6.58,0.11,N/A,85.999,149.999,0.0,191.999,176.999,0.0,167.999,0.0,0.0,55.6,83.0
PFPeS (M-H),CCS Library,likely,5422.0,7.2,18.92,142.2,348.935,-13.76,-0.01,N/A,42.999,0.0,68.999,61.999,0.0,105.999,107.999,0.0,0.0,55.6,44.0
PFOA (M-H-CO2),CCS Library,likely,4708.0,9.5,18.61,139.5,368.9714,-14.03,0.03,N/A,3804.999,4632.999,3408.999,4505.999,4029.999,4468.999,3914.999,2759.999,2718.999,100.0,3435.0
PFHxS (M-H),CCS Library,likely,1898.0,8.5,20.07,150.0,398.9329,-9.27,-0.36,N/A,9594.999,10092.999,9084.999,9299.999,8912.999,12496.999,11899.999,7660.999,7312.999,100.0,8646.0
PFHxS (M-H),CCS Library,likely,1399.0,8.9,20.2,150.7,398.9314,-13.03,0.15,N/A,240.999,0.0,580.999,0.0,0.0,0.0,0.0,684.999,661.999,44.4,221.0
PFNA (M-H-CO2),CCS Library,likely,603.0,10.4,19.71,147.2,418.9687,-11.22,0.11,N/A,600.999,683.999,536.999,687.999,526.999,710.999,809.999,456.999,395.999,100.0,551.0
PFHpS (M-H),CCS Library,likely,420.0,9.6,21.44,159.7,448.9291,-9.58,0.31,N/A,892.999,943.999,953.999,1004.999,815.999,1019.999,1097.999,724.999,580.999,100.0,814.0
PFOS (M-H),CCS Library,likely,0.0,10.6,22.73,168.5,498.924,-12.49,0.16,N/A,24621.999,27968.999,23108.999,28089.999,28190.999,27649.999,26700.999,17606.999,17655.999,100.0,22169.0
NMeFOSAA (M-H),CCS Library,likely,8093.0,11.5,26.13,193.3,569.9631,-7.37,1.73,N/A,19.999,0.0,0.0,0.0,103.999,0.0,0.0,51.999,0.0,33.3,21.0
NMeFOSAA (M-H),CCS Library,likely,2437.0,12.5,25.93,192.2,569.9636,-6.49,1.17,N/A,122.999,350.999,0.0,256.999,271.999,0.0,102.999,0.0,0.0,55.6,116.0
PFDS (M-H),CCS Library,likely,6190.0,11.9,25.17,186.5,598.9175,-10.52,0.17,N/A,33.999,140.999,0.0,132.999,0.0,0.0,0.0,0.0,0.0,33.3,34.0
"2,2,3,3-Tetrafluoro-1,4-butanediol or 2,2,3,3-Tetrafluoro-1-methoxypropan-1-ol",Suspects Library,tentative,2529.0,2.1,16.24,127.2,161.0231,-0.08,N/A,N/A,117.999,173.999,73.999,192.999,167.999,0.0,154.999,112.999,66.999,88.9,115.0
"1,1-bis(Trifluoromethyl)methoxy-2-ethanol or 2-ethoxy-1,1,1,3,3,3-hexafluoropropan-2-ol or 3,3,4,5,5,5-Hexafluoropentane-1,2-diol or Hexafluoroamylene glycol",Suspects Library,tentative,7185.0,4.6,17.36,133.8,211.022,9.86,N/A,N/A,25.999,123.999,0.0,80.999,0.0,0.0,0.0,0.0,0.0,33.3,26.0
"7,7,8,8,8-pentafluorooctan-1-ol",Suspects Library,tentative,7313.0,7.5,17.5,134.7,219.0819,2.39,N/A,N/A,24.999,131.999,0.0,0.0,64.999,0.0,0.0,0.0,0.0,33.3,26.0
"2,2,3,3,3-pentafluoro-N-(3H-1,2,4-triazol-3-yl)propanamide or 2,2,3,3,3-pentafluoro-N-(4H-1,2,4-triazol-4-yl)propanamide",Suspects Library,tentative,6790.0,3.7,19.13,146.6,229.0176,9.51,N/A,N/A,28.999,0.0,0.0,66.999,111.999,0.0,0.0,49.999,0.0,44.4,30.0
"4-[(2,2,3,3-Tetrafluoropropyl)sulfanyl]benzene-1,2-diamine",Suspects Library,tentative,6556.0,4.8,17.76,135.4,253.0404,-9.49,N/A,N/A,30.999,0.0,90.999,76.999,0.0,78.999,0.0,0.0,0.0,44.4,32.0
[(Heptafluoropropyl)sulfanyl]acetic acid,Suspects Library,tentative,834.0,2.0,18.48,140.6,258.9645,-9.34,N/A,N/A,407.999,419.999,344.999,425.999,473.999,429.999,522.999,339.999,306.999,100.0,377.0
1H-Pyrrol-2-yl(perfluoropropyl)methanol,Suspects Library,tentative,5750.0,13.0,18.66,141.8,264.0278,5.0,N/A,N/A,38.999,0.0,0.0,0.0,0.0,0.0,151.999,158.999,0.0,33.3,38.0
"7,8,8,8-Tetrafluoro-7-(trifluoromethyl)octan-1-ol",Suspects Library,tentative,1869.0,5.7,20.71,157.3,269.0757,-9.22,N/A,N/A,171.999,219.999,111.999,265.999,203.999,72.999,254.999,131.999,113.999,100.0,165.0
"3-(1,1,1,3,3,3-Hexafluoro-2-hydroxypropan-2-yl)bicyclo[2.2.1]heptan-2-one or 3-(2-Methylprop-1-en-1-yl)-2,2-bis(trifluoromethyl)cyclopropane-1-carboxylic acid",Suspects Library,tentative,4315.0,12.2,19.87,150.7,275.0533,7.57,N/A,N/A,59.999,185.999,294.999,0.0,0.0,0.0,0.0,0.0,0.0,33.3,57.0
2-(Perfluorobutyl)ethanethiol,Suspects Library,tentative,4559.0,10.5,18.59,140.7,278.9907,4.14,N/A,N/A,55.999,0.0,221.999,0.0,0.0,0.0,0.0,225.999,0.0,33.3,54.0
2-(Perfluorobutyl)ethanethiol,Suspects Library,tentative,4857.0,11.3,18.59,140.9,278.9933,13.46,N/A,N/A,51.999,0.0,0.0,0.0,0.0,178.999,0.0,232.999,0.0,33.3,50.0
"2-Ethyl-4-(1,1,1,2,3,3,3-heptafluoropropan-2-yl)aniline or 4-(1,1,1,2,3,3,3-Heptafluoropropan-2-yl)-2,6-dimethylaniline",Suspects Library,tentative,7523.0,10.8,19.07,144.2,288.0663,11.92,N/A,N/A,22.999,0.0,0.0,0.0,0.0,0.0,119.999,65.999,0.0,33.3,24.0
"1H-Pyrrole, 2-(4-chloro-1,1,2,2,3,3,4,4-octafluorobutyl)-",Suspects Library,tentative,7720.0,8.4,17.49,132.5,299.9834,0.76,N/A,N/A,21.999,0.0,0.0,113.999,60.999,0.0,0.0,0.0,0.0,33.3,23.0
"2,2,3,3-Tetrafluoropropyl 4-(2H-tetrazol-5-yl)benzoate",Suspects Library,tentative,4265.0,4.8,19.26,145.6,303.0536,8.39,N/A,N/A,60.999,0.0,0.0,143.999,100.999,0.0,122.999,121.999,0.0,55.6,61.0
"(2Z)-4,4,5,5,6,6,6-Heptafluoro-3-phenylhex-2-enoic acid or 3,3,3-Trifluoro-N-(4-nitrophenyl)-2-(trifluoromethyl)propanamide",Suspects Library,tentative,6844.0,11.2,19.72,148.9,315.0256,-1.74 or 14.66,N/A,N/A,27.999,68.999,0.0,65.999,90.999,0.0,0.0,0.0,0.0,44.4,30.0
"(2Z)-4,4,5,5,6,6,6-Heptafluoro-3-phenylhex-2-enoic acid",Suspects Library,tentative,8457.0,13.5,19.64,148.5,315.0285,7.47,N/A,N/A,16.999,79.999,0.0,0.0,58.999,0.0,0.0,0.0,0.0,33.3,19.0
"3-[(1,1,1,2,3,3,3-Heptafluoropropan-2-yl)sulfanyl]benzoic acid or 3-[(Heptafluoropropyl)sulfanyl]benzoic acid or 4-[(1,1,1,2,3,3,3-Heptafluoropropan-2-yl)sulfanyl]benzoic acid or Benzoic acid, 4-[(heptafluoropropyl)thio]-",Suspects Library,tentative,4709.0,8.4,17.56,132.6,320.983,1.35,N/A,N/A,53.999,143.999,0.0,94.999,0.0,85.999,102.999,0.0,0.0,55.6,54.0
"2-(3,3,4,4,5,5,6,6,6-Nonafluorohexyl)propane-1,3-diol or Ethyl [5-(heptafluoropropyl)-1H-pyrazol-3-yl]acetate",Suspects Library,tentative,5813.0,13.8,21.47,161.7,321.0522,-6.39 or 13.25,N/A,N/A,23.999,0.0,77.999,0.0,0.0,113.999,0.0,0.0,0.0,33.3,25.0
"4,4,4-trifluoro-1-(4-nitrophenyl)-3-(trifluoromethyl)butane-1,3-diol",Suspects Library,tentative,4175.0,15.2,21.31,160.1,332.0383,6.03,N/A,N/A,62.999,0.0,212.999,0.0,0.0,0.0,182.999,0.0,109.999,44.4,61.0
"4,4,4-trifluoro-1-(4-nitrophenyl)-3-(trifluoromethyl)butane-1,3-diol",Suspects Library,tentative,6482.0,10.6,22.06,166.2,332.0379,4.83,N/A,N/A,31.999,50.999,0.0,60.999,84.999,0.0,0.0,0.0,54.999,55.6,34.0
2-(Nonafluorobutyl)-1H-indole or 3-(Nonafluorobutyl)-1H-indole,Suspects Library,tentative,6280.0,8.9,21.15,159.3,334.033,13.85,N/A,N/A,33.999,0.0,0.0,71.999,76.999,61.999,0.0,56.999,0.0,55.6,36.0
"Malononitrile, (6-(2-hydroxy-3,3,3-trifluoro-2-trifluoromethylpropyl)-2-pyridylmethylene)-",Suspects Library,tentative,6208.0,12.3,21.26,159.8,334.038,-12.13,N/A,N/A,0.0,0.0,0.0,0.0,0.0,21.918502315792807,0.0,21.918502315792807,0.0,22.2,7.0
"4,4'-(1,2,2,3,3,3-Hexafluoropropane-1,1-diyl)diphenol or 4-[1,1,2,2,3,3-hexafluoro-3-(4-hydroxyphenyl)propyl]phenol or Bisphenol AF",Suspects Library,tentative,6675.0,6.8,22.79,171.9,335.0501,-3.34,N/A,N/A,29.999,0.0,0.0,123.999,113.999,0.0,0.0,0.0,0.0,33.3,30.0
"(1r,4r)-4-(Nonafluorobutyl)cyclohexane-1-carboxylic acid or (1s,4s)-4-(Nonafluorobutyl)cyclohexane-1-carboxylic acid",Suspects Library,tentative,7501.0,10.7,22.08,166.3,345.0591,14.05,N/A,N/A,22.999,66.999,0.0,119.999,0.0,0.0,0.0,0.0,0.0,33.3,24.0
"2,2,3,3,4,4,5,5,5-Nonafluoro-N,N-bis(2-hydroxyethyl)pentanamide",Suspects Library,tentative,5416.0,11.4,22.11,165.7,350.048,10.33,N/A,N/A,52.999,0.0,0.0,0.0,0.0,0.0,0.0,224.999,221.999,33.3,53.0
"2,2,3,3,4,4,5,5-Octafluoropentyl 4-hydroxybenzoate",Suspects Library,tentative,8834.0,14.1,21.57,162.0,351.0307,9.72,N/A,N/A,14.999,0.0,0.0,0.0,0.0,55.999,63.999,0.0,0.0,33.3,17.0
"4-[1,1,2-Trifluoro-2-(heptafluoropropoxy)ethoxy]butan-1-ol",Suspects Library,tentative,3560.0,10.1,21.7,163.0,355.0443,12.83,N/A,N/A,77.999,104.999,106.999,118.999,159.999,0.0,0.0,0.0,128.999,66.7,76.0
"4-[1,1,2-Trifluoro-2-(heptafluoropropoxy)ethoxy]butan-1-ol",Suspects Library,tentative,4419.0,11.1,21.72,163.1,355.044,11.98,N/A,N/A,57.999,170.999,136.999,0.0,0.0,0.0,0.0,0.0,157.999,44.4,57.0
"2-(1,1,1,3,3,3-hexafluoro-2-hydroxypropan-2-yl)-7-nitro-3,4-dihydronaphthalen-1(2h)-one or N-(Perfluoro-1-oxobutyl)aspartic acid 1-ethyl ester",Suspects Library,tentative,7405.0,13.2,22.49,168.7,356.0384,2.7 or 5.91,N/A,N/A,23.999,0.0,64.999,71.999,0.0,0.0,0.0,0.0,55.999,44.4,26.0
"5,5,6,6,7,7,7-heptafluoro-4,4-bis(trifluoromethyl)heptanoic Acid or 6:3 Fluorotelomer carboxylic acid",Suspects Library,tentative,7692.0,8.6,21.52,160.7,391.0067,14.79,N/A,N/A,21.999,0.0,61.999,0.0,0.0,55.999,0.0,0.0,58.999,44.4,24.0
"3-(Bromomethyl)-1,1,1,2,2,4,4,5,5,6,6,6-dodecafluorohexan-3-ol",Suspects Library,tentative,5041.0,10.3,24.86,186.0,408.9164,14.95,N/A,N/A,47.999,115.999,0.0,149.999,0.0,0.0,120.999,0.0,0.0,44.4,48.0
"Propanamide, 2,2,3,3,3-pentafluoro-N-(2-((propylsulfonyl)amino)-5-(trifluoromethyl)-3-pyridinyl)-",Suspects Library,tentative,6363.0,11.8,23.72,177.2,428.0373,12.25,N/A,N/A,32.999,71.999,0.0,127.999,89.999,0.0,0.0,0.0,0.0,44.4,37.0
"2,3-Dibromo-6-(1,1,1,3,3,3-hexafluoro-2-hydroxypropan-2-yl)-3,5,5-trimethylcyclohexan-1-one or [2-(3-chloro-1,1,2,2,3,3-hexafluoropropoxy)-1,1,2,3,3,3-hexafluoropropoxy](difluoro)acetic acid",Suspects Library,tentative,6847.0,9.4,20.82,155.1,460.9257,-2.17 or 14.11,N/A,N/A,27.999,65.999,93.999,65.999,0.0,0.0,0.0,0.0,0.0,44.4,30.0
"1,2,2,3,3,4,4,4a,5,5,6,6,7,7,8,8,8a-Heptadecafluorodecahydronaphthalene-1-carboxylic acid",Suspects Library,tentative,4519.0,7.0,26.8,198.7,486.967,7.85,N/A,N/A,56.999,0.0,235.999,0.0,0.0,0.0,0.0,216.999,0.0,33.3,54.0
"1,2,2,3,3,4,4,4a,5,5,6,6,7,7,8,8,8a-Heptadecafluorodecahydronaphthalene-1-carboxylic acid",Suspects Library,tentative,2988.0,7.8,26.75,198.7,486.9683,10.42,N/A,N/A,96.999,0.0,170.999,160.999,192.999,0.0,0.0,247.999,0.0,55.6,93.0
"1,1,2,2,3,3,4,4,5,6,6,7,7,7-tetradecafluoro-5-(trifluoromethyl)heptane-1-sulfonic acid or 1,1,2,2,3,3,4,5,5,6,6,7,7,7-tetradecafluoro-4-(trifluoromethyl)heptane-1-sulfonic acid or 1,1,2,2,3,3,5,5,6,6,6-undecafluoro-4,4-bis(trifluoromethyl)hexane-1-sulfonic acid or 1,1,2,2,3,4,4,5,5,6,6,7,7,7-tetradecafluoro-3-(trifluoromethyl)heptane-1-sulfonic acid or 1,1,2,3,3,4,4,5,5,6,6,7,7,7-tetradecafluoro-2-(trifluoromethyl)heptane-1-sulfonic acid or Heptadecafluorooctane-2-sulfonic acid or IsoPFOS or Perfluorooctanesulfonic acid",Suspects Library,tentative,5764.0,10.2,22.1,164.2,498.926,-8.55,N/A,N/A,9441.999,9464.999,10249.999,8965.999,8089.999,11966.999,12202.999,7440.999,7153.999,100.0,8508.0
"1,2,3,3,4,4,5,5,6,6,7,7,8,8,9,9,9-Heptadecafluoronon-1-ene-1-sulfonic acid",Suspects Library,tentative,4580.0,4.1,25.99,192.6,510.9307,0.95,N/A,N/A,55.999,0.0,0.0,0.0,0.0,152.999,144.999,145.999,0.0,44.4,54.0
"1,2,3,3,4,4,5,5,6,6,7,7,8,8,9,9,9-Heptadecafluoronon-1-ene-1-sulfonic acid",Suspects Library,tentative,6053.0,10.2,25.98,193.0,510.9309,1.34,N/A,N/A,35.999,67.999,0.0,93.999,0.0,0.0,122.999,0.0,0.0,44.4,37.0
"((Perfluorooctyl)ethyl)silanetriol or 6-(1,1,2,2,3,3,4,4,5,5,6,6,6-tridecafluorohexylsulfonyl)naphthalen-2-ol",Suspects Library,tentative,6516.0,11.9,24.7,183.0,524.9803,-6.29 or -3.37,N/A,N/A,116.999,211.999,113.999,221.999,218.999,148.999,136.999,135.999,0.0,88.9,139.0
2'-Deoxy-5-(tridecafluorohexyl)uridine,Suspects Library,tentative,7551.0,13.1,27.63,205.2,545.0326,-11.3,N/A,N/A,22.999,108.999,0.0,74.999,0.0,0.0,0.0,0.0,0.0,33.3,24.0
17-H-Perfluoroheptadecanoic acid,Suspects Library,tentative,554.0,13.6,27.75,203.7,844.9389,-9.71,N/A,N/A,133.0763295018421,1143.076329501842,0.0,259.0763295018421,233.0763295018421,145.0763295018421,21.07632950184211,0.0,0.0,66.7,200.0
"2,2,3,3,4,4,5,5,6,6,7,7,8,8,9,9,10,10,11,11,12,12,13,13,14,14,15,15,16,16,17,17,18,18-tetratriacontafluorooctadecanoic acid",Suspects Library,tentative,563.0,14.1,28.7,210.5,894.9338,-11.35,N/A,N/A,277.09879267884105,909.098792678841,0.0,500.09879267884105,394.09879267884105,441.09879267884105,360.09879267884105,19.09879267884105,0.0,77.8,298.0
No Match,None,unmatched,8488.0,11.9,8.98,72.4,118.9686,,,,16.999,55.999,0.0,0.0,0.0,0.0,0.0,0.0,80.999,33.3,19.0
No Match,None,unmatched,6805.0,10.1,8.1,65.4,118.9696,,,,28.999,0.0,98.999,0.0,0.0,52.999,0.0,0.0,76.999,44.4,30.0
No Match,None,unmatched,8869.0,7.7,15.97,126.4,141.024,,,,14.999,0.0,0.0,0.0,0.0,60.999,0.0,0.0,57.999,33.3,17.0
No Match,None,unmatched,247.0,4.0,15.76,124.6,144.0442,,,,1592.999,2272.999,1014.999,2414.999,2375.999,1345.999,1431.999,1051.999,837.999,100.0,1444.0
No Match,None,unmatched,2747.0,12.7,16.46,130.0,149.0082,,,,106.999,311.999,0.0,285.999,259.999,0.0,0.0,0.0,0.0,44.4,101.0
No Match,None,unmatched,4703.0,13.7,16.44,129.8,149.0107,,,,53.999,214.999,0.0,0.0,100.999,0.0,112.999,0.0,0.0,44.4,53.0
No Match,None,unmatched,1988.0,2.6,16.43,129.4,151.0397,,,,157.999,0.0,0.0,245.999,220.999,296.999,214.999,158.999,121.999,77.8,150.0
No Match,None,unmatched,3191.0,8.0,16.88,133.1,151.0759,,,,0.0,22.669278720796598,0.0,57.6692787207966,103.6692787207966,36.6692787207966,0.0,0.0,0.0,44.4,27.0
No Match,None,unmatched,7673.0,9.1,16.81,132.6,151.0757,,,,21.999,0.0,0.0,93.999,83.999,0.0,0.0,0.0,0.0,33.3,23.0
No Match,None,unmatched,3989.0,10.1,15.81,124.5,152.9843,,,,66.999,235.999,0.0,227.999,173.999,187.999,159.999,72.999,0.0,77.8,120.0
No Match,None,unmatched,7973.0,14.1,15.75,124.0,152.997,,,,19.999,0.0,0.0,0.0,0.0,84.999,76.999,0.0,0.0,33.3,22.0
No Match,None,unmatched,7246.0,9.7,15.51,121.9,154.9464,,,,24.999,59.999,81.999,0.0,0.0,0.0,0.0,0.0,58.999,44.4,27.0
No Match,None,unmatched,7865.0,11.1,15.56,122.2,154.9474,,,,20.999,0.0,0.0,0.0,0.0,0.0,49.999,57.999,59.999,44.4,23.0
No Match,None,unmatched,1459.0,5.5,16.43,128.9,158.0368,,,,228.999,0.0,221.999,401.999,364.999,296.999,212.999,206.999,126.999,88.9,215.0
No Match,None,unmatched,810.0,6.0,17.43,136.3,165.0553,,,,421.999,565.999,231.999,630.999,611.999,364.999,368.999,341.999,256.999,100.0,390.0
No Match,None,unmatched,8468.0,3.3,16.57,129.3,174.9915,,,,15.999,0.0,0.0,59.999,64.999,0.0,0.0,0.0,0.0,33.3,17.0
No Match,None,unmatched,2009.0,8.0,17.9,139.5,176.0835,,,,0.0,171.19900735394458,0.0,79.19900735394458,152.19900735394458,0.0,0.0,0.0,0.0,33.3,44.0
No Match,None,unmatched,873.0,7.9,18.02,140.2,177.0918,,,,0.0,216.42650814060698,0.0,159.42650814060698,212.42650814060698,0.0,0.0,0.0,0.0,33.3,62.0
No Match,None,unmatched,2939.0,9.1,17.97,139.8,177.0921,,,,98.999,342.6657505764902,167.999,405.6657505764902,245.6657505764902,76.999,379.999,0.0,239.999,88.9,205.0
No Match,None,unmatched,658.0,2.2,17.05,132.6,179.0555,,,,547.999,728.999,399.999,727.999,866.999,587.999,424.999,303.999,339.999,100.0,503.0
No Match,None,unmatched,8395.0,2.3,12.84,99.6,188.0117,,,,17.999,0.0,65.999,74.999,0.0,0.0,0.0,0.0,0.0,33.3,19.0
No Match,None,unmatched,7424.0,2.4,18.37,142.4,189.0072,,,,23.999,0.0,0.0,0.0,0.0,82.999,108.999,0.0,0.0,33.3,25.0
No Match,None,unmatched,2786.0,7.9,18.68,144.7,191.1068,,,,0.0,129.16896815879505,0.0,71.16896815879507,68.16896815879507,14.168968158795067,0.0,0.0,0.0,44.4,33.0
No Match,None,unmatched,287.0,8.1,18.9,146.2,192.1144,,,,0.0,756.008220647489,0.0,833.008220647489,643.008220647489,0.0,0.0,0.0,0.0,33.3,227.0
No Match,None,unmatched,7751.0,14.9,18.89,146.5,192.1129,,,,21.999,0.0,0.0,114.999,58.999,0.0,0.0,0.0,0.0,33.3,23.0
No Match,None,unmatched,7547.0,10.0,18.32,142.0,194.0814,,,,22.999,67.999,0.0,0.0,116.999,0.0,0.0,0.0,0.0,33.3,24.0
No Match,None,unmatched,5845.0,7.1,18.85,146.0,197.0599,,,,37.999,70.999,0.0,124.999,105.999,0.0,0.0,0.0,0.0,44.4,38.0
No Match,None,unmatched,6970.0,3.4,18.0,138.7,199.003,,,,26.999,0.0,0.0,0.0,0.0,0.0,0.0,110.999,107.999,33.3,28.0
No Match,None,unmatched,2087.0,7.2,18.29,141.4,199.0166,,,,148.999,367.999,0.0,316.999,298.999,168.999,207.999,0.0,0.0,66.7,158.0
No Match,None,unmatched,2261.0,4.7,15.26,117.8,200.9955,,,,0.0,98.02957264447247,0.0,0.0,50.029572644472466,0.0,0.0,0.0,0.0,22.2,17.0
No Match,None,unmatched,5369.0,7.2,18.24,141.0,201.0144,,,,43.999,0.0,0.0,119.999,133.999,95.999,0.0,0.0,0.0,44.4,44.0
No Match,None,unmatched,254.0,2.2,17.63,135.9,203.0008,,,,1522.999,2069.999,373.999,2244.999,2348.999,1817.999,1909.999,1090.999,324.999,100.0,1380.0
No Match,None,unmatched,1842.0,15.3,17.36,133.9,203.0333,,,,66.999,0.0,0.0,256.999,0.0,0.0,0.0,0.0,280.999,33.3,64.0
No Match,None,unmatched,1421.0,5.5,16.86,130.0,204.9449,,,,236.999,323.999,178.999,318.999,259.999,246.999,251.999,202.999,108.999,100.0,223.0
No Match,None,unmatched,8748.0,12.8,17.43,134.6,204.9689,,,,15.999,58.999,0.0,65.999,0.0,0.0,0.0,0.0,0.0,33.3,17.0
No Match,None,unmatched,4431.0,3.2,16.82,129.6,205.9408,,,,57.999,136.999,117.999,0.0,0.0,89.999,0.0,57.999,61.999,66.7,59.0
No Match,None,unmatched,3585.0,5.5,16.84,129.8,206.9411,,,,76.999,0.0,116.999,179.999,168.999,149.999,0.0,0.0,0.0,55.6,75.0
No Match,None,unmatched,4478.0,13.7,18.44,142.1,206.9959,,,,56.999,97.999,99.999,126.999,0.0,0.0,62.999,0.0,70.999,66.7,58.0
No Match,None,unmatched,5532.0,3.3,16.82,129.6,207.936,,,,41.999,132.999,84.999,114.999,0.0,0.0,0.0,0.0,0.0,44.4,42.0
No Match,None,unmatched,5653.0,13.6,18.09,139.2,208.9742,,,,50.999,92.999,97.999,0.0,0.0,144.999,0.0,102.999,68.999,66.7,63.0
No Match,None,unmatched,6361.0,13.5,18.09,139.4,208.9769,,,,32.999,0.0,0.0,0.0,0.0,117.999,143.999,0.0,0.0,33.3,33.0
No Match,None,unmatched,5831.0,4.4,17.03,131.3,210.9441,,,,37.999,50.999,0.0,0.0,156.999,0.0,94.999,0.0,0.0,44.4,39.0
No Match,None,unmatched,8929.0,2.5,18.05,139.2,212.0021,,,,13.999,62.999,0.0,51.999,0.0,0.0,0.0,0.0,0.0,33.3,16.0
No Match,None,unmatched,2128.0,13.0,17.54,134.9,215.0407,,,,60.999,172.999,0.0,169.999,0.0,0.0,0.0,143.999,0.0,44.4,59.0
No Match,None,unmatched,5146.0,13.7,17.53,134.8,215.0404,,,,46.999,199.999,0.0,0.0,0.0,0.0,0.0,0.0,175.999,33.3,46.0
No Match,None,unmatched,2685.0,13.5,17.58,135.0,216.0367,,,,289.999,0.0,540.999,703.999,0.0,0.0,0.0,460.999,612.999,55.6,266.0
No Match,None,unmatched,822.0,14.7,17.55,134.9,216.0373,,,,463.999,0.0,0.0,1318.999,1402.999,0.0,337.999,652.999,0.0,55.6,423.0
No Match,None,unmatched,4414.0,3.2,18.5,142.4,217.0148,,,,57.999,190.999,0.0,0.0,275.999,0.0,0.0,0.0,0.0,33.3,56.0
No Match,None,unmatched,5900.0,8.5,17.58,134.8,217.0602,,,,36.999,0.0,0.0,0.0,0.0,0.0,0.0,151.999,144.999,33.3,37.0
No Match,None,unmatched,4714.0,7.9,19.45,149.3,217.0861,,,,0.0,71.59537029076444,0.0,21.595370290764436,0.0,0.0,0.0,0.0,0.0,22.2,12.0
No Match,None,unmatched,961.0,7.9,19.7,151.3,218.0942,,,,0.0,211.94792294449007,0.0,261.9479229444901,25.947922944490074,0.0,0.0,0.0,0.0,33.3,53.0
No Match,None,unmatched,4103.0,13.6,19.1,146.7,219.0976,,,,64.999,143.999,0.0,0.0,165.999,0.0,93.999,112.999,0.0,55.6,64.0
No Match,None,unmatched,878.0,5.9,17.1,131.3,220.9389,,,,387.999,592.999,316.999,467.999,397.999,112.999,582.999,335.999,297.999,100.0,359.0
No Match,None,unmatched,2030.0,7.0,17.13,131.4,221.9542,,,,152.999,229.999,0.0,240.999,207.999,243.999,162.999,140.999,0.0,77.8,146.0
No Match,None,unmatched,1101.0,5.9,17.12,131.4,222.935,,,,306.999,365.999,273.999,405.999,266.999,269.999,418.999,249.999,200.999,100.0,286.0
No Match,None,unmatched,1684.0,6.9,17.12,131.4,223.9515,,,,193.999,296.999,150.999,272.999,159.999,214.999,189.999,101.999,160.999,100.0,184.0
No Match,None,unmatched,8396.0,5.9,17.14,131.5,224.9341,,,,17.999,0.0,0.0,0.0,0.0,69.999,70.999,0.0,0.0,33.3,19.0
No Match,None,unmatched,2084.0,13.5,19.14,146.7,225.0057,,,,192.999,328.999,193.999,305.999,315.999,316.999,237.999,167.999,138.999,100.0,230.0
No Match,None,unmatched,5698.0,13.6,18.94,145.2,225.011,,,,39.999,77.999,104.999,0.0,0.0,0.0,132.999,0.0,0.0,44.4,40.0
No Match,None,unmatched,2873.0,5.7,17.1,130.9,225.067,,,,101.999,0.0,241.999,0.0,0.0,131.999,109.999,282.999,347.999,66.7,128.0
No Match,None,unmatched,7666.0,6.3,17.1,131.0,225.0691,,,,21.999,0.0,108.999,0.0,0.0,69.999,0.0,0.0,0.0,33.3,23.0
No Match,None,unmatched,3579.0,3.0,19.56,150.1,226.0168,,,,76.999,149.999,0.0,199.999,207.999,0.0,0.0,58.999,0.0,55.6,75.0
No Match,None,unmatched,5139.0,11.8,19.03,146.0,227.0013,,,,46.999,134.999,0.0,114.999,0.0,0.0,126.999,0.0,0.0,44.4,47.0
No Match,None,unmatched,6541.0,5.5,19.51,149.8,227.0388,,,,30.999,0.0,0.0,120.999,126.999,0.0,0.0,0.0,0.0,33.3,31.0
No Match,None,unmatched,400.0,6.1,19.78,151.3,229.0538,,,,958.999,1308.999,726.999,1266.999,1164.999,1009.999,970.999,602.999,618.999,100.0,873.0
No Match,None,unmatched,1053.0,2.3,18.95,145.2,230.0109,,,,321.999,436.999,261.999,468.999,509.999,355.999,329.999,0.0,210.999,88.9,299.0
No Match,None,unmatched,4370.0,10.1,18.41,140.8,230.0528,,,,58.999,0.0,90.999,189.999,0.0,0.0,0.0,65.999,125.999,55.6,59.0
No Match,None,unmatched,1813.0,3.6,17.07,130.7,232.0573,,,,178.999,311.999,235.999,0.0,211.999,196.999,381.999,90.999,0.0,77.8,169.0
No Match,None,unmatched,1848.0,3.1,19.71,150.8,232.9935,,,,173.999,324.999,203.999,235.999,0.0,230.999,217.999,0.0,175.999,77.8,164.0
No Match,None,unmatched,2799.0,5.3,18.9,144.5,238.0762,,,,104.999,0.0,185.999,165.999,168.999,239.999,0.0,77.999,0.0,66.7,101.0
No Match,None,unmatched,4994.0,8.0,20.34,155.4,238.11,,,,48.999,0.0,0.0,201.999,0.0,98.999,0.0,91.999,0.0,44.4,49.0
No Match,None,unmatched,3497.0,6.3,17.65,134.7,239.0824,,,,78.999,0.0,251.999,185.999,0.0,0.0,0.0,194.999,123.999,55.6,89.0
No Match,None,unmatched,2299.0,6.6,17.62,134.7,239.0848,,,,132.999,271.999,108.999,150.999,0.0,330.999,199.999,0.0,0.0,66.7,126.0
No Match,None,unmatched,1819.0,3.9,18.42,140.7,240.9115,,,,177.999,356.999,193.999,379.999,334.999,0.0,0.0,61.999,94.999,77.8,168.0
No Match,None,unmatched,1984.0,3.9,18.43,140.9,242.9101,,,,157.999,217.999,0.0,281.999,188.999,251.999,208.999,112.999,0.0,77.8,150.0
No Match,None,unmatched,5072.0,3.2,19.43,148.5,242.9967,,,,47.999,0.0,0.0,75.999,138.999,89.999,78.999,0.0,0.0,55.6,49.0
No Match,None,unmatched,6582.0,13.6,20.11,153.7,243.1004,,,,47.999,143.999,0.0,236.999,0.0,103.999,140.999,0.0,0.0,55.6,73.0
No Match,None,unmatched,77.0,6.6,17.93,136.7,244.9059,,,,5256.999,5877.999,5244.999,5253.999,4597.999,6988.999,6520.999,4088.999,3481.999,100.0,4741.0
No Match,None,unmatched,2536.0,7.0,17.93,136.6,244.9048,,,,116.999,0.0,347.999,0.0,0.0,0.0,0.0,277.999,311.999,44.4,110.0
No Match,None,unmatched,1217.0,2.6,20.37,155.4,245.0477,,,,278.999,379.999,214.999,328.999,339.999,392.999,233.999,153.999,184.999,100.0,261.0
No Match,None,unmatched,176.0,4.2,20.55,156.6,245.0468,,,,2220.999,2815.999,1908.999,2801.999,2523.999,2290.999,2311.999,1700.999,1412.999,100.0,2009.0
No Match,None,unmatched,8150.0,14.2,20.26,154.9,245.1155,,,,18.999,81.999,0.0,0.0,70.999,0.0,0.0,0.0,0.0,33.3,21.0
No Match,None,unmatched,5509.0,8.8,19.15,146.4,246.0601,,,,41.999,0.0,0.0,148.999,136.999,49.999,0.0,0.0,0.0,44.4,42.0
No Match,None,unmatched,1844.0,4.6,17.63,134.3,246.0733,,,,173.999,0.0,440.999,0.0,0.0,0.0,0.0,565.999,416.999,44.4,164.0
No Match,None,unmatched,1817.0,6.8,17.95,136.7,246.9022,,,,177.999,0.0,580.999,0.0,0.0,0.0,0.0,482.999,360.999,44.4,165.0
No Match,None,unmatched,6193.0,6.4,17.89,136.4,250.897,,,,33.999,0.0,154.999,0.0,118.999,0.0,0.0,0.0,0.0,33.3,34.0
No Match,None,unmatched,4583.0,6.0,18.43,140.5,251.999,,,,55.999,201.999,0.0,0.0,0.0,0.0,0.0,0.0,241.999,33.3,53.0
No Match,None,unmatched,6372.0,13.2,18.49,140.8,252.0023,,,,32.999,0.0,0.0,0.0,0.0,148.999,0.0,111.999,0.0,33.3,33.0
No Match,None,unmatched,784.0,2.0,18.48,140.7,256.966,,,,441.999,482.999,371.999,591.999,520.999,411.999,507.999,321.999,323.999,100.0,408.0
No Match,None,unmatched,7557.0,13.5,18.5,140.9,257.045,,,,22.999,0.0,0.0,0.0,0.0,51.999,73.999,57.999,0.0,44.4,25.0
No Match,None,unmatched,717.0,7.9,20.92,159.2,258.0856,,,,0.0,217.042380491975,0.0,123.042380491975,114.042380491975,0.0,0.0,0.0,0.0,33.3,49.0
No Match,None,unmatched,1227.0,3.1,17.79,135.5,259.0094,,,,275.999,386.999,0.0,343.999,89.999,455.999,509.999,209.999,212.999,88.9,257.0
No Match,None,unmatched,2875.0,12.7,19.02,144.8,260.0408,,,,101.999,0.0,400.999,0.0,413.999,0.0,0.0,0.0,0.0,33.3,95.0
No Match,None,unmatched,9039.0,9.9,19.9,151.7,260.0771,,,,12.999,0.0,0.0,53.999,50.999,0.0,0.0,0.0,0.0,33.3,15.0
No Match,None,unmatched,4807.0,12.7,19.91,151.6,261.0724,,,,51.999,53.999,83.999,128.999,90.999,59.999,0.0,0.0,0.0,66.7,54.0
No Match,None,unmatched,7150.0,6.6,20.78,158.0,261.1077,,,,25.999,156.999,49.999,0.0,0.0,0.0,0.0,0.0,0.0,33.3,27.0
No Match,None,unmatched,9012.0,11.8,19.06,144.8,263.108,,,,13.999,0.0,56.999,0.0,0.0,0.0,50.999,0.0,0.0,33.3,16.0
No Match,None,unmatched,2441.0,7.7,18.66,141.9,264.032,,,,0.0,0.0,11.212782879305536,0.0,0.0,0.0,174.21278287930554,0.0,0.0,22.2,21.0
No Match,None,unmatched,7130.0,4.8,19.73,149.8,265.0617,,,,25.999,0.0,0.0,0.0,0.0,0.0,116.999,0.0,90.999,33.3,27.0
No Match,None,unmatched,8705.0,5.3,18.42,139.9,267.0563,,,,15.999,0.0,72.999,0.0,0.0,0.0,53.999,0.0,0.0,33.3,18.0
No Match,None,unmatched,5867.0,9.6,19.92,150.8,276.0508,,,,83.999,0.0,156.999,0.0,0.0,0.0,307.999,231.999,0.0,44.4,83.0
No Match,None,unmatched,5076.0,14.1,18.59,141.0,276.9975,,,,47.999,0.0,130.999,126.999,0.0,0.0,0.0,0.0,125.999,44.4,48.0
No Match,None,unmatched,1789.0,16.0,19.9,150.8,277.0472,,,,181.999,296.999,286.999,0.0,280.999,0.0,0.0,316.999,271.999,66.7,170.0
No Match,None,unmatched,3969.0,12.8,18.59,140.9,277.9958,,,,72.999,0.0,281.999,0.0,0.0,0.0,314.999,0.0,0.0,33.3,70.0
No Match,None,unmatched,2992.0,15.2,19.21,145.4,286.0388,,,,95.999,0.0,0.0,0.0,0.0,428.999,0.0,0.0,341.999,33.3,90.0
No Match,None,unmatched,5772.0,10.6,19.25,145.4,289.0561,,,,38.999,0.0,195.999,0.0,0.0,0.0,0.0,0.0,112.999,33.3,38.0
No Match,None,unmatched,6421.0,13.3,19.49,147.7,292.0098,,,,0.0,25.252249731794834,0.0,27.252249731794834,0.0,0.0,0.0,0.0,0.0,22.2,7.0
No Match,None,unmatched,6203.0,12.6,20.12,152.1,300.0548,,,,33.999,0.0,0.0,65.999,100.999,0.0,0.0,105.999,0.0,44.4,35.0
No Match,None,unmatched,866.0,9.8,21.13,159.7,304.9075,,,,59.999,286.65785022323576,0.0,69.999,0.0,0.0,0.0,135.999,127.999,55.6,74.0
No Match,None,unmatched,3349.0,9.8,21.77,164.4,316.9345,,,,0.0,246.16896815879505,0.0,0.0,62.16896815879507,0.0,0.0,0.0,0.0,22.2,33.0
No Match,None,unmatched,5914.0,4.8,21.59,162.9,322.9653,,,,36.999,108.999,0.0,0.0,186.999,0.0,0.0,0.0,0.0,33.3,37.0
No Match,None,unmatched,5142.0,6.0,21.65,163.1,322.9647,,,,46.999,118.999,0.0,0.0,0.0,112.999,0.0,143.999,0.0,44.4,47.0
No Match,None,unmatched,8867.0,2.3,20.66,155.6,328.8989,,,,50.999,87.999,79.999,77.999,0.0,0.0,89.999,69.999,54.999,77.8,59.0
No Match,None,unmatched,4822.0,12.0,22.24,167.6,328.9822,,,,121.999,201.999,175.999,170.999,244.999,0.0,0.0,183.999,0.0,66.7,117.0
No Match,None,unmatched,8463.0,6.8,20.02,150.5,329.9826,,,,16.999,0.0,64.999,0.0,0.0,72.999,0.0,0.0,0.0,33.3,19.0
No Match,None,unmatched,8526.0,11.9,21.93,165.4,333.0361,,,,16.999,69.999,0.0,0.0,64.999,0.0,0.0,0.0,0.0,33.3,19.0
No Match,None,unmatched,572.0,8.1,22.96,172.5,334.0701,,,,23.999,0.0,0.0,0.0,0.0,44.62894911873741,0.0,83.999,108.999,44.4,31.0
No Match,None,unmatched,9053.0,3.9,19.6,147.6,334.8935,,,,12.999,50.999,0.0,0.0,0.0,50.999,0.0,0.0,0.0,33.3,15.0
No Match,None,unmatched,8590.0,15.6,19.67,148.2,334.8948,,,,16.999,55.999,0.0,0.0,0.0,75.999,0.0,0.0,0.0,33.3,18.0
No Match,None,unmatched,5885.0,13.3,21.86,164.4,335.0209,,,,36.999,57.999,64.999,56.999,0.0,55.999,0.0,61.999,0.0,66.7,40.0
No Match,None,unmatched,6737.0,11.0,21.82,164.4,336.0169,,,,16.999,57.999,0.0,0.0,79.999,0.0,0.0,0.0,0.0,33.3,19.0
No Match,None,unmatched,6622.0,9.7,22.01,165.3,346.0532,,,,29.999,0.0,64.999,0.0,98.999,0.0,0.0,77.999,0.0,44.4,32.0
No Match,None,unmatched,8334.0,11.6,21.94,165.2,346.0661,,,,17.999,0.0,0.0,80.999,62.999,0.0,0.0,0.0,0.0,33.3,20.0
No Match,None,unmatched,7300.0,10.8,20.68,155.2,347.002,,,,24.999,0.0,0.0,0.0,0.0,65.999,0.0,68.999,62.999,44.4,27.0
No Match,None,unmatched,8491.0,11.5,20.76,155.6,347.9934,,,,16.999,0.0,60.999,0.0,0.0,0.0,0.0,0.0,75.999,33.3,19.0
No Match,None,unmatched,9042.0,10.1,22.1,165.6,348.0592,,,,12.999,0.0,51.999,0.0,0.0,0.0,0.0,51.999,0.0,33.3,15.0
No Match,None,unmatched,5470.0,14.3,22.07,165.6,348.0581,,,,42.999,0.0,130.999,0.0,50.999,0.0,0.0,76.999,80.999,55.6,44.0
No Match,None,unmatched,5304.0,11.7,22.05,165.3,352.9414,,,,44.999,0.0,168.999,0.0,0.0,0.0,145.999,186.999,0.0,44.4,59.0
No Match,None,unmatched,4290.0,15.6,22.04,165.4,352.9448,,,,60.999,0.0,0.0,0.0,0.0,272.999,211.999,0.0,0.0,33.3,58.0
No Match,None,unmatched,7036.0,12.0,21.75,163.2,354.047,,,,26.999,77.999,75.999,0.0,0.0,0.0,60.999,0.0,0.0,44.4,29.0
No Match,None,unmatched,8864.0,13.2,21.76,163.4,354.0459,,,,14.999,55.999,0.0,0.0,0.0,0.0,0.0,62.999,0.0,33.3,17.0
No Match,None,unmatched,2203.0,5.4,23.55,176.9,356.1148,,,,138.999,147.999,176.999,214.999,141.999,185.999,243.999,0.0,0.0,77.8,133.0
No Match,None,unmatched,2025.0,12.4,23.58,176.9,357.0114,,,,153.999,126.999,129.999,171.999,168.999,207.999,228.999,133.999,119.999,100.0,154.0
No Match,None,unmatched,2112.0,15.1,23.59,177.1,357.011,,,,147.999,124.999,238.999,154.999,159.999,198.999,130.999,139.999,125.999,100.0,152.0
No Match,None,unmatched,9049.0,10.8,22.52,169.0,358.0375,,,,12.999,0.0,0.0,0.0,49.999,0.0,0.0,0.0,52.999,33.3,15.0
No Match,None,unmatched,8798.0,8.2,22.82,171.6,362.9563,,,,14.999,0.0,0.0,58.999,62.999,0.0,0.0,0.0,0.0,33.3,17.0
No Match,None,unmatched,235.0,9.6,23.03,172.4,366.8979,,,,1647.999,1829.999,1587.999,1746.999,1468.999,2030.999,2055.999,1258.999,1201.999,100.0,1493.0
No Match,None,unmatched,6011.0,9.6,23.05,172.4,368.8926,,,,35.999,0.0,115.999,0.0,0.0,0.0,0.0,51.999,120.999,44.4,37.0
No Match,None,unmatched,8010.0,9.5,23.04,172.4,370.8914,,,,19.999,0.0,0.0,0.0,0.0,0.0,66.999,0.0,92.999,33.3,21.0
No Match,None,unmatched,7298.0,3.3,23.7,177.6,372.1074,,,,24.999,0.0,0.0,95.999,0.0,0.0,0.0,101.999,0.0,33.3,26.0
No Match,None,unmatched,7916.0,10.9,22.57,168.9,373.043,,,,20.999,0.0,0.0,0.0,0.0,0.0,73.999,0.0,90.999,33.3,22.0
No Match,None,unmatched,2043.0,4.7,22.95,171.8,381.0236,,,,151.999,172.999,0.0,229.999,208.999,273.999,0.0,170.999,161.999,77.8,145.0
No Match,None,unmatched,6360.0,6.4,22.3,166.9,386.9167,,,,32.999,109.999,0.0,0.0,0.0,0.0,0.0,151.999,0.0,33.3,33.0
No Match,None,unmatched,4796.0,7.3,22.3,166.8,386.9179,,,,51.999,145.999,0.0,0.0,0.0,0.0,135.999,135.999,0.0,44.4,51.0
No Match,None,unmatched,7006.0,10.2,23.09,173.2,387.0631,,,,26.999,118.999,0.0,97.999,0.0,0.0,0.0,0.0,0.0,33.3,28.0
No Match,None,unmatched,4234.0,10.8,22.94,171.4,402.036,,,,61.999,95.999,86.999,96.999,94.999,0.0,0.0,49.999,69.999,77.8,63.0
No Match,None,unmatched,6448.0,6.1,24.09,179.8,404.9693,,,,31.999,0.0,0.0,0.0,0.0,66.999,101.999,84.999,0.0,44.4,33.0
No Match,None,unmatched,4640.0,15.6,23.67,177.0,404.9877,,,,54.999,99.999,177.999,159.999,0.0,0.0,0.0,0.0,0.0,44.4,54.0
No Match,None,unmatched,7143.0,2.4,24.37,182.0,412.9735,,,,25.999,0.0,90.999,0.0,115.999,0.0,0.0,0.0,0.0,33.3,27.0
No Match,None,unmatched,4971.0,2.9,22.4,167.3,416.8937,,,,49.999,88.999,0.0,70.999,71.999,0.0,0.0,73.999,89.999,66.7,51.0
No Match,None,unmatched,9019.0,4.8,22.38,167.5,416.9024,,,,13.999,0.0,0.0,57.999,49.999,0.0,0.0,0.0,0.0,33.3,16.0
No Match,None,unmatched,8940.0,10.4,22.9,171.0,417.0545,,,,13.999,0.0,0.0,0.0,0.0,54.999,58.999,0.0,0.0,33.3,16.0
No Match,None,unmatched,8936.0,7.9,22.77,170.0,418.0039,,,,13.999,0.0,0.0,0.0,0.0,59.999,54.999,0.0,0.0,33.3,16.0
No Match,None,unmatched,9021.0,12.7,24.74,184.8,420.9924,,,,12.999,56.999,0.0,0.0,0.0,49.999,0.0,0.0,0.0,33.3,15.0
No Match,None,unmatched,6998.0,10.6,23.72,177.4,428.0401,,,,26.999,68.999,0.0,88.999,58.999,0.0,0.0,0.0,0.0,44.4,29.0
No Match,None,unmatched,4108.0,4.9,24.36,181.5,428.9252,,,,64.999,158.999,0.0,0.0,0.0,0.0,0.0,169.999,186.999,44.4,63.0
No Match,None,unmatched,7059.0,2.3,23.8,176.9,450.8908,,,,26.999,0.0,57.999,0.0,0.0,71.999,0.0,0.0,82.999,44.4,28.0
No Match,None,unmatched,7681.0,3.4,24.61,183.1,450.9735,,,,21.999,49.999,0.0,0.0,0.0,0.0,0.0,53.999,73.999,44.4,24.0
No Match,None,unmatched,6467.0,8.1,24.67,183.6,450.9736,,,,24.999,66.999,58.999,0.0,0.0,0.0,0.0,0.0,75.999,44.4,27.0
No Match,None,unmatched,8593.0,7.1,24.36,181.4,462.9048,,,,16.999,0.0,0.0,0.0,50.999,80.999,0.0,0.0,0.0,33.3,18.0
No Match,None,unmatched,3338.0,11.2,20.88,155.4,468.963,,,,83.999,137.999,133.999,0.0,183.999,148.999,0.0,0.0,68.999,66.7,82.0
No Match,None,unmatched,2076.0,12.4,25.53,189.8,469.0327,,,,149.999,179.999,82.999,235.999,157.999,148.999,0.0,188.999,202.999,88.9,144.0
No Match,None,unmatched,7641.0,15.1,26.12,194.0,487.0635,,,,22.999,0.0,64.999,114.999,0.0,0.0,0.0,0.0,0.0,33.3,24.0
No Match,None,unmatched,1120.0,4.9,26.95,199.9,487.08,,,,300.999,203.999,287.999,232.999,180.999,511.999,448.999,326.999,209.999,100.0,280.0
No Match,None,unmatched,8804.0,2.1,25.09,185.8,492.8986,,,,14.999,0.0,0.0,0.0,0.0,0.0,0.0,54.999,66.999,33.3,17.0
No Match,None,unmatched,7170.0,2.7,25.21,186.9,492.9012,,,,25.999,0.0,76.999,0.0,0.0,0.0,65.999,0.0,62.999,44.4,28.0
No Match,None,unmatched,8650.0,15.7,25.06,186.0,498.895,,,,15.999,0.0,0.0,0.0,0.0,59.999,68.999,0.0,0.0,33.3,18.0
No Match,None,unmatched,3791.0,14.6,26.34,196.1,499.082,,,,71.999,194.999,0.0,208.999,170.999,0.0,0.0,0.0,0.0,44.4,69.0
No Match,None,unmatched,5671.0,15.8,26.35,196.1,499.0806,,,,39.999,107.999,0.0,74.999,135.999,0.0,0.0,0.0,0.0,44.4,40.0
No Match,None,unmatched,6450.0,10.4,22.77,168.6,502.9328,,,,31.999,0.0,126.999,0.0,0.0,0.0,0.0,0.0,126.999,33.3,32.0
No Match,None,unmatched,8305.0,14.5,25.81,191.3,502.9848,,,,17.999,0.0,0.0,0.0,0.0,0.0,73.999,70.999,88.999,44.4,30.0
No Match,None,unmatched,2652.0,11.7,22.9,169.9,504.9622,,,,111.999,0.0,119.999,0.0,265.999,186.999,174.999,0.0,147.999,66.7,107.0
No Match,None,unmatched,1829.0,11.7,22.9,170.2,507.9639,,,,175.999,315.999,154.999,266.999,232.999,226.999,206.999,0.0,0.0,77.8,166.0
No Match,None,unmatched,8153.0,2.6,25.98,193.1,534.8921,,,,18.999,62.999,0.0,0.0,89.999,0.0,0.0,0.0,0.0,33.3,21.0
No Match,None,unmatched,2475.0,13.7,27.41,203.1,543.0523,,,,120.999,162.999,0.0,165.999,171.999,150.999,133.999,162.999,156.999,88.9,132.0
No Match,None,unmatched,6335.0,15.0,27.43,203.3,543.0538,,,,250.999,189.999,385.999,124.999,259.999,457.999,335.999,253.999,0.0,88.9,235.0
No Match,None,unmatched,2861.0,3.5,27.68,205.0,555.0183,,,,102.999,125.999,0.0,108.999,137.999,0.0,214.999,100.999,132.999,77.8,100.0
No Match,None,unmatched,818.0,14.5,28.24,209.0,557.1036,,,,417.999,649.999,241.999,651.999,597.999,372.999,368.999,228.999,231.999,100.0,386.0
No Match,None,unmatched,7090.0,4.1,28.06,207.1,586.9156,,,,25.999,0.0,51.999,0.0,0.0,49.999,55.999,0.0,52.999,55.6,29.0
No Match,None,unmatched,8642.0,4.4,28.03,206.8,598.9441,,,,15.999,0.0,59.999,0.0,0.0,0.0,64.999,65.999,0.0,44.4,25.0
No Match,None,unmatched,8552.0,3.9,28.01,206.9,598.9578,,,,16.999,0.0,0.0,0.0,0.0,68.999,64.999,0.0,0.0,33.3,18.0
No Match,None,unmatched,5706.0,12.4,28.81,212.9,599.0748,,,,38.999,0.0,0.0,105.999,0.0,98.999,0.0,0.0,109.999,44.4,40.0
No Match,None,unmatched,7166.0,3.1,29.14,214.8,614.9785,,,,25.999,0.0,63.999,0.0,0.0,66.999,0.0,74.999,0.0,44.4,28.0
No Match,None,unmatched,1909.0,12.9,28.03,207.0,623.0464,,,,166.999,290.999,74.999,332.999,279.999,114.999,121.999,0.0,117.999,88.9,159.0
No Match,None,unmatched,8761.0,2.6,28.94,213.2,632.9341,,,,15.999,0.0,0.0,0.0,0.0,0.0,53.999,69.999,0.0,33.3,17.0
No Match,None,unmatched,1306.0,13.2,28.53,210.5,639.0738,,,,256.999,497.999,156.999,460.999,453.999,165.999,0.0,168.999,153.999,88.9,240.0
No Match,None,unmatched,1928.0,13.4,28.44,209.9,669.9541,,,,164.999,313.999,0.0,343.999,328.999,170.999,0.0,0.0,159.999,66.7,155.0
No Match,None,unmatched,4074.0,15.9,27.56,202.1,757.9087,,,,64.999,0.0,293.999,0.0,0.0,0.0,0.0,227.999,0.0,33.3,62.0
No Match,None,unmatched,509.0,14.2,29.67,217.4,944.9326,,,,201.26287028479203,486.26287028479203,0.0,278.26287028479203,286.26287028479203,529.262870284792,372.26287028479203,0.0,0.0,66.7,222.0
No Match,None,unmatched,4924.0,14.7,29.68,217.2,944.9302,,,,0.0,0.0,0.0,0.0,0.0,0.0,0.0,64.25224973179483,70.25224973179483,22.2,16.0
No Match,None,unmatched,907.0,14.6,30.61,224.2,994.9282,,,,0.0,0.0,0.0,0.0,0.0,60.76451133336559,92.76451133336559,0.0,0.0,22.2,18.0
No Match,None,unmatched,917.0,14.8,31.58,231.1,1044.9254,,,,0.0,0.0,0.0,0.0,0.0,257.094241922209,173.094241922209,21.094241922208994,30.094241922208994,44.4,53.0
