AlignmentID,Match_ID,Classification Type,Peak_mz_1,Intensity_1,PIMMS_CCS,Peak_mz_2,Intensity_2,Intensity_3,Kaufman_C,m_over_C,mass_defect,md_over_C,DT_PIMMS,RT_PIMMS,NIST SRM-1957 1.d.DeMP,NIST SRM-1957 10.d.DeMP,NIST SRM-1957 2.d.DeMP,NIST SRM-1957 3.d.DeMP,NIST SRM-1957 6.d.DeMP,NIST SRM-1957 7.d.DeMP,NIST SRM-1957 8.d.DeMP,NIST SRM-1957 9.d.DeMP,M/M+2 Distribution,Isotopic_analysis,Predicted C/F ratio,Short_Match_ID
2.0,No Match,unmatched,144.04479,1876.3333333333333,124.59999999999998,145.04790333333332,227.0,0.0,11.56133020893204,12.799501364553004,0.0447900000000061,0.003981883964071409,15.76,4.0,0.0,0.0,2414.999,2375.999,0.0,0.0,0.0,837.999,0.0,No M+2 peak detected - insufficient signal,out of bounds,No Match
3.0,No Match,unmatched,203.00137999999998,1914.6,135.9,204.00398,141.6,83.0,6.809188537985365,30.79230496604243,0.0013800000000003365,0.00022820465311063372,17.63,2.2,2069.999,0.0,2244.999,2348.999,1817.999,0.0,1090.999,0.0,0.043351091611824925,No Cl or Br isotopic pattern detected,0.9,No Match
4.0,No Match,unmatched,229.05395,1147.3333333333333,151.3,230.05652999999998,176.0,101.0,13.605479066634965,17.610891507668672,0.053950000000005126,0.004157215798455433,19.78,6.099999999999999,0.0,0.0,1266.999,1164.999,1009.999,0.0,0.0,0.0,0.08803021499128415,No Cl or Br isotopic pattern detected,out of bounds,No Match
5.0,No Match,unmatched,244.90653666666665,4942.833333333333,136.7,245.90903333333333,413.1666666666667,4736.0,7.427990140562625,33.13002281866891,-0.09346333333333234,-0.01264725875608975,17.93,6.599999999999999,0.0,5244.999,5253.999,4597.999,6988.999,0.0,4088.999,3481.999,0.9581549044070541,"Potential Cl, Br present",out of bounds,No Match
6.0,No Match,unmatched,245.04789571428572,2336.4285714285716,156.6,246.05127142857143,250.42857142857142,127.25,9.617149597583643,25.87487343649903,0.047895714285715485,0.005057874660569025,20.55,4.2,2815.999,1908.999,2801.999,2523.999,2290.999,2311.999,1700.999,0.0,0.05446346682971568,No Cl or Br isotopic pattern detected,out of bounds,No Match
7.0,No Match,unmatched,310.83605,1056.5,135.7,311.83702,73.5,481.5,6.177023516624634,50.631185848757575,-0.16394999999999982,-0.026712481347036098,17.97,6.7,913.999,0.0,0.0,0.0,1198.999,0.0,0.0,0.0,0.4557501183151917,"Potential Cl, Br present",out of bounds,No Match
8.0,No Match,unmatched,366.8975833333334,1706.6666666666667,172.4,367.90095,215.66666666666666,1626.6666666666667,11.310098022003485,32.445610484795075,-0.10241666666665121,-0.009058292760708743,23.03,9.6,1829.999,0.0,0.0,0.0,2030.999,0.0,1258.999,0.0,0.953125,"Potential Cl, Br present",out of bounds,No Match
9.0,No Match,unmatched,367.02824,181.0,170.6,368.02606000000003,60.5,0.0,29.92935954916365,12.29018325947932,0.0282399999999825,0.0009463731156812435,22.74,12.4,0.0,0.0,188.999,172.999,0.0,0.0,0.0,0.0,0.0,No M+2 peak detected - insufficient signal,out of bounds,No Match
10.0,PFOA (M-H-CO2),likely,368.9733075,3805.125,139.5,369.9763175,230.875,0.0,5.412857916362928,68.64893507759695,-0.026692500000002894,-0.004975391254272895,18.61,9.5,4632.999,3408.999,4505.999,4029.999,4468.999,3914.999,2759.999,2718.999,0.0,No M+2 peak detected - insufficient signal,2.3,PFOA (M-H-CO2)
11.0,PFHxS (M-H),likely,398.93424625,9595.25,150.0,399.935725,608.375,756.8571428571429,5.64706747577646,71.27666045827276,-0.06575374999999184,-0.011751844094591658,20.07,8.5,10092.999,9084.999,9299.999,8912.999,12496.999,11899.999,7660.999,7312.999,0.07887831404675677,No Cl or Br isotopic pattern detected,2.2,PFHxS (M-H)
12.0,PFHpS (M-H),likely,448.93004499999995,1059.0,159.7,449.93638999999996,96.5,0.0,8.173239411501765,54.932118066880335,-0.06995500000002153,-0.008560354342221754,21.44,9.6,0.0,0.0,0.0,0.0,1019.999,1097.999,0.0,0.0,0.0,No M+2 peak detected - insufficient signal,1.7,PFHpS (M-H)
13.0,No Match,unmatched,485.06507000000005,776.0833333333334,193.30000000000004,486.06663333333336,211.33333333333334,148.25,25.374858021204755,19.846785053722247,0.06506999999999626,0.0026584740699481676,26.03333333333333,14.833333333333334,1083.499,466.999,1516.999,1309.999,778.999,490.999,517.499,527.999,0.19102330076237517,No Cl or Br isotopic pattern detected,out of bounds,No Match
14.0,No Match,unmatched,487.08272999999997,480.5,199.9,488.08545000000004,97.5,106.0,18.303722643709513,26.786264564168185,0.08272999999999797,0.004548124774242353,26.95,4.9,0.0,0.0,0.0,0.0,511.999,448.999,0.0,0.0,0.2206035379812695,No Cl or Br isotopic pattern detected,out of bounds,No Match
15.0,PFOS (M-H),likely,498.92641142857144,24111.714285714286,168.5,499.9280757142857,2103.285714285714,1078.5714285714287,7.8162701254646905,64.07563259893337,-0.07358857142858304,-0.009453907070755165,22.73,10.6,27968.999,23108.999,28089.999,0.0,27649.999,26700.999,17606.999,17655.999,0.04473225817918973,No Cl or Br isotopic pattern detected,2.1,PFOS (M-H)
16.0,Heptadecafluorooctane-2-sulfonic acid or Perfluorooctanesulfonic acid (PFOS),tentative,498.92693125,9442.0,164.2,499.92800875,810.75,399.25,7.713360762322914,64.79354968761926,-0.07306875000000446,-0.009493290801536491,22.1,10.2,9464.999,10249.999,8965.999,8089.999,11966.999,12202.999,7440.999,7153.999,0.042284473628468544,No Cl or Br isotopic pattern detected,2.1,Heptadecafluorooctane-2-sul...
17.0,No Match,unmatched,543.0526166666667,319.0,203.23333333333335,544.0541533333334,119.66666666666667,96.0,37.566846188683506,16.15958101750396,0.052616666666646474,0.0015615827334403414,27.423333333333332,14.566666666666668,162.999,0.0,0.0,0.0,457.999,335.999,0.0,0.0,0.30094043887147337,"Potential Cl, Br present",out of bounds,No Match
18.0,No Match,unmatched,639.07556,479.5,210.5,640.078975,79.5,0.0,14.829909251914295,43.38035198345963,0.07555999999999585,0.005129166846464615,28.53,13.2,497.999,0.0,460.999,0.0,0.0,0.0,0.0,0.0,0.0,No M+2 peak detected - insufficient signal,1.3,No Match
19.0,No Match,unmatched,669.9557500000001,336.5,209.9,670.95755,64.0,0.0,17.073817272671427,39.25828048437305,-0.04424999999997681,-0.00259412500195176,28.44,13.4,0.0,0.0,343.999,328.999,0.0,0.0,0.0,0.0,0.0,No M+2 peak detected - insufficient signal,1.2,No Match
