Mass,Abundance
429.94435,1474
429.94435,2318
429.94435,2130
429.94435,372
429.95026,1979
429.95026,52408
429.95026,146337
429.95026,222933
429.95026,180644
429.95026,86918
429.95026,8341
429.95026,34
429.95617,23
429.95617,25896
429.95617,234134
429.95617,618307
429.95617,974771
429.95617,958994
429.95617,578873
429.95617,196349
429.95617,4167
429.95617,271
429.96208,95
429.96208,544
429.96208,64956
429.96208,421539
429.96208,1112625
429.96208,1774103
429.96208,1833609
429.96208,1220127
429.96208,494299
429.96208,78072
429.96208,29
429.96208,102
429.96208,270
429.96208,3155
429.96799,373
429.96799,2152
429.96799,60334
429.96799,396845
429.96799,1082905
429.96799,1771044
429.96799,1869972
429.96799,1282463
429.96799,536468
429.96799,100395
429.96799,148
429.96799,605
429.96799,5424
429.97389,151
429.97389,1010
429.97389,35103
429.97389,276302
429.97389,783768
429.97389,1306489
429.97389,1388361
429.97389,951878
429.97389,395341
429.97389,72104
429.97389,64
429.97389,23
429.97389,233
429.97389,3455
429.9798,167
429.9798,16783
429.9798,178068
429.9798,523642
429.9798,885801
429.9798,943297
429.9798,640977
429.9798,261789
429.9798,43255
429.9798,1007
429.98571,4545
429.98571,103280
429.98571,322835
429.98571,561816
429.98571,602458
429.98571,406122
429.98571,162491
429.98571,23038
429.98571,87
429.99162,601
429.99162,53915
429.99162,185452
429.99162,329953
429.99162,357453
429.99162,235458
429.99162,89522
429.99162,8246
429.99753,29292
429.99753,104904
429.99753,190315
429.99753,205371
429.99753,131672
429.99753,46289
429.99753,2106
430.00344,14606
430.00344,57462
430.00344,106370
430.00344,116585
430.00344,73820
430.00344,25400
430.00344,182
430.00935,7353
430.00935,34207
430.00935,64228
430.00935,70392
430.00935,43834
430.00935,14013
430.01526,2281
430.01526,20714
430.01526,40476
430.01526,44407
430.01526,26780
430.01526,7112
430.02117,197
430.02117,12505
430.02117,25698
430.02117,28565
430.02117,16824
430.02117,3397
430.02708,8458
430.02708,18796
430.02708,21864
430.02708,12677
430.02708,1615
430.03299,6090
430.03299,14229
430.03299,15249
430.03299,8182
430.03299,166
430.0389,3511
430.0389,10380
430.0389,11489
430.0389,5405
430.0448,1434
430.0448,6628
430.0448,7457
430.0448,3031
430.05071,209
430.05071,3251
430.05071,3984
430.05071,1017
430.05662,691
430.05662,1386
430.05662,154
430.06253,89
430.06253,173
430.06844,21
430.06844,22
430.54708,28
430.54708,334
430.54708,472
430.54708,426
430.55299,142
430.55299,458
430.55299,648
430.55299,489
430.5589,98
430.5589,457
430.5589,621
430.5589,490
430.56481,46
430.56481,177
430.56481,246
430.56481,181
430.57072,52
430.57072,99
430.57072,47
430.57663,21
430.94435,122.342
430.94435,192.394
430.94435,176.79
430.94435,30.876
430.95026,164.257
430.95026,4349.864
430.95026,12145.971
430.95026,18503.439
430.95026,14993.452
430.95026,7214.194
430.95026,692.303
430.95026,2.822
430.95617,1.909
430.95617,2149.368
430.95617,19433.122
430.95617,51319.481
430.95617,80905.993
430.95617,79596.502
430.95617,48046.459
430.95617,16296.967
430.95617,345.861
430.95617,22.493
430.96208,7.885
430.96208,45.152
430.96208,5391.348
430.96208,34987.737
430.96208,92347.875
430.96208,147250.549
430.96208,152189.547
430.96208,101270.541
430.96208,41026.817
430.96208,6479.976
430.96208,2.407
430.96208,8.466
430.96208,22.41
430.96208,261.865
430.96799,30.959
430.96799,178.616
430.96799,5007.722
430.96799,32938.135
430.96799,89881.115
430.96799,146996.652
430.96799,155207.676
430.96799,106444.429
430.96799,44526.844
430.96799,8332.785
430.96799,12.284
430.96799,50.215
430.96799,450.192
430.97389,12.533
430.97389,83.83
430.97389,2913.549
430.97389,22933.066
430.97389,65052.744
430.97389,108438.587
430.97389,115233.963
430.97389,79005.874
430.97389,32813.303
430.97389,5984.632
430.97389,5.312
430.97389,1.909
430.97389,19.339
430.97389,286.765
430.9798,13.861
430.9798,1392.989
430.9798,14779.644
430.9798,43462.286
430.9798,73521.483
430.9798,78293.651
430.9798,53201.091
430.9798,21728.487
430.9798,3590.165
430.9798,83.581
430.98571,377.235
430.98571,8572.24
430.98571,26795.305
430.98571,46630.728
430.98571,50004.014
430.98571,33708.126
430.98571,13486.753
430.98571,1912.154
430.98571,7.221
430.99162,49.883
430.99162,4474.945
430.99162,15392.516
430.99162,27386.099
430.99162,29668.599
430.99162,19543.014
430.99162,7430.326
430.99162,684.418
430.99753,2431.236
430.99753,8707.032
430.99753,15796.145
430.99753,17045.793
430.99753,10928.776
430.99753,3841.987
430.99753,174.798
431.00344,1212.298
431.00344,4769.346
431.00344,8828.71
431.00344,9676.555
431.00344,6127.06
431.00344,2108.2
431.00344,15.106
431.00935,610.299
431.00935,2839.181
431.00935,5330.924
431.00935,5842.536
431.00935,3638.222
431.00935,1163.079
431.01526,189.323
431.01526,1719.262
431.01526,3359.508
431.01526,3685.781
431.01526,2222.74
431.01526,590.296
431.02117,16.351
431.02117,1037.915
431.02117,2132.934
431.02117,2370.895
431.02117,1396.392
431.02117,281.951
431.02708,702.014
431.02708,1560.068
431.02708,1814.712
431.02708,1052.191
431.02708,134.045
431.03299,505.47
431.03299,1181.007
431.03299,1265.667
431.03299,679.106
431.03299,13.778
431.0389,291.413
431.0389,861.54
431.0389,953.587
431.0389,448.615
431.0448,119.022
431.0448,550.124
431.0448,618.931
431.0448,251.573
431.05071,17.347
431.05071,269.833
431.05071,330.672
431.05071,84.411
431.05662,57.353
431.05662,115.038
431.05662,12.782
431.06253,7.387
431.06253,14.359
431.06844,1.743
431.06844,1.826
431.54708,2.324
431.54708,27.722
431.54708,39.176
431.54708,35.358
431.55299,11.786
431.55299,38.014
431.55299,53.784
431.55299,40.587
431.5589,8.134
431.5589,37.931
431.5589,51.543
431.5589,40.67
431.56481,3.818
431.56481,14.691
431.56481,20.418
431.56481,15.023
431.57072,4.316
431.57072,8.217
431.57072,3.901
431.57663,1.743
431.94435,477.576
431.94435,751.032
431.94435,690.12
431.94435,120.528
431.95026,641.196
431.95026,16980.192
431.95026,47413.188
431.95026,72230.292
431.95026,58528.656
431.95026,28161.432
431.95026,2702.484
431.95026,11.016
431.95617,7.452
431.95617,8390.304
431.95617,75859.416
431.95617,200331.468
431.95617,315825.804
431.95617,310714.056
431.95617,187554.852
431.95617,63617.076
431.95617,1350.108
431.95617,87.804
431.96208,30.78
431.96208,176.256
431.96208,21045.744
431.96208,136578.636
431.96208,360490.5
431.96208,574809.372
431.96208,594089.316
431.96208,395321.148
431.96208,160152.876
431.96208,25295.328
431.96208,9.396
431.96208,33.048
431.96208,87.48
431.96208,1022.22
431.96799,120.852
431.96799,697.248
431.96799,19548.216
431.96799,128577.78
431.96799,350861.22
431.96799,573818.256
431.96799,605870.928
431.96799,415518.012
431.96799,173815.632
431.96799,32527.98
431.96799,47.952
431.96799,196.02
431.96799,1757.376
431.97389,48.924
431.97389,327.24
431.97389,11373.372
431.97389,89521.848
431.97389,253940.832
431.97389,423302.436
431.97389,449828.964
431.97389,308408.472
431.97389,128090.484
431.97389,23361.696
431.97389,20.736
431.97389,7.452
431.97389,75.492
431.97389,1119.42
431.9798,54.108
431.9798,5437.692
431.9798,57694.032
431.9798,169660.008
431.9798,286999.524
431.9798,305628.228
431.9798,207676.548
431.9798,84819.636
431.9798,14014.62
431.9798,326.268
431.98571,1472.58
431.98571,33462.72
431.98571,104598.54
431.98571,182028.384
431.98571,195196.392
431.98571,131583.528
431.98571,52647.084
431.98571,7464.312
431.98571,28.188
431.99162,194.724
431.99162,17468.46
431.99162,60086.448
431.99162,106904.772
431.99162,115814.772
431.99162,76288.392
431.99162,29005.128
431.99162,2671.704
431.99753,9490.608
431.99753,33988.896
431.99753,61662.06
431.99753,66540.204
431.99753,42661.728
431.99753,14997.636
431.99753,682.344
432.00344,4732.344
432.00344,18617.688
432.00344,34463.88
432.00344,37773.54
432.00344,23917.68
432.00344,8229.6
432.00344,58.968
432.00935,2382.372
432.00935,11083.068
432.00935,20809.872
432.00935,22807.008
432.00935,14202.216
432.00935,4540.212
432.01526,739.044
432.01526,6711.336
432.01526,13114.224
432.01526,14387.868
432.01526,8676.72
432.01526,2304.288
432.02117,63.828
432.02117,4051.62
432.02117,8326.152
432.02117,9255.06
432.02117,5450.976
432.02117,1100.628
432.02708,2740.392
432.02708,6089.904
432.02708,7083.936
432.02708,4107.348
432.02708,523.26
432.03299,1973.16
432.03299,4610.196
432.03299,4940.676
432.03299,2650.968
432.03299,53.784
432.0389,1137.564
432.0389,3363.12
432.0389,3722.436
432.0389,1751.22
432.0448,464.616
432.0448,2147.472
432.0448,2416.068
432.0448,982.044
432.05071,67.716
432.05071,1053.324
432.05071,1290.816
432.05071,329.508
432.05662,223.884
432.05662,449.064
432.05662,49.896
432.06253,28.836
432.06253,56.052
432.06844,6.804
432.06844,7.128
432.54708,9.072
432.54708,108.216
432.54708,152.928
432.54708,138.024
432.55299,46.008
432.55299,148.392
432.55299,209.952
432.55299,158.436
432.5589,31.752
432.5589,148.068
432.5589,201.204
432.5589,158.76
432.56481,14.904
432.56481,57.348
432.56481,79.704
432.56481,58.644
432.57072,16.848
432.57072,32.076
432.57072,15.228
432.57663,6.804
