Classification Type,CCS,RT,m/z,ID,Average Abundance,Detection Frequency (%),GroupID,Repeating Unit,KMD (CF2)
External Standard,96.52,0.36,68.9952,0.0,0.0,0.0,1,CF2,0.0003978253812562116
unmatched,138.77857142857144,10.518285714285714,418.9730428571429,105.0,100.0,100.0,1,CF2,0.00022495720935467034
unmatched,177.08200000000002,10.3814,418.97316,66283.0,100.0,100.0,1,CF2,0.0001078068780770991
External Standard,147.02,10.3,418.9734,0.0,0.0,0.0,1,CF2,-0.00013220843493400025
unmatched,161.638,12.359800000000002,418.97422000000006,94084.0,100.0,100.0,1,CF2,-0.0009522607542749029
likely,147.51666666666665,12.080333333333334,418.9743666666666,12796.0,100.0,100.0,1,CF2,-0.0010989367787601623
unmatched,187.89,10.43,418.9758,65975.0,100.0,100.0,1,CF2,-0.00253236156464709
unmatched,183.53,10.413,418.9759,82910.0,100.0,100.0,1,CF2,-0.0026323679451252247
External Standard,155.28,11.1,468.9702,0.0,0.0,0.0,1,CF2,-0.0001222077968350277
unmatched,196.4,13.757,718.9543,771.0,100.0,100.0,1,CF2,-0.0001722109871025168
likely,156.02,11.219333333333331,468.9705333333333,1942.0,100.0,100.0,1,CF2,-0.00045556239820143674
unmatched,173.655,11.101,468.9712,880.0,100.0,100.0,1,CF2,-0.0011222716009342548
unmatched,217.185,13.705,718.9538,86505.0,100.0,100.0,1,CF2,0.00032782091500394017
unmatched,201.3,13.65,718.9555,8158.0,100.0,100.0,1,CF2,-0.00137228755193064
unmatched,211.75,14.412,818.9485,53564.0,100.0,100.0,1,CF2,-0.0007522479934323201
unmatched,84.32,11.874,518.9615,70720.0,100.0,100.0,1,CF2,0.005388143763525477
unmatched,56.46,11.882,518.962,83769.0,100.0,100.0,1,CF2,0.004888111861532707
unmatched,183.27,11.858,518.9621,538.0,100.0,100.0,1,CF2,0.004788105481111415
unmatched,73.11,11.931,518.9625,89450.0,100.0,100.0,1,CF2,0.004388079959539937
unmatched,170.57,11.9,518.9637,87859.0,100.0,100.0,1,CF2,0.0031880033945981268
unmatched,69.57,11.82,518.9652,93728.0,100.0,100.0,1,CF2,0.0016879076885061295
unmatched,44.53,11.8765,518.9653,94166.0,100.0,100.0,1,CF2,0.001587901308084838
unmatched,82.35,11.861,518.9656,89541.0,100.0,100.0,1,CF2,0.0012878821669346507
External Standard,163.36,11.77,518.967,0.0,0.0,0.0,1,CF2,-0.00011220715884974197
External Standard,117.43,4.52,218.9862,0.0,0.0,0.0,1,CF2,-0.0001722109870740951
unmatched,151.04,10.421,218.9864,1844.0,100.0,100.0,1,CF2,-0.0003722237478882562
External Standard,179.65,12.86,618.9606,0.0,0.0,0.0,1,CF2,-9.220588276548369e-05
External Standard,187.62,13.3,668.9574,0.0,0.0,0.0,1,CF2,-8.220524466651113e-05
unmatched,176.75333333333333,11.751666666666669,518.9676,343.0,100.0,100.0,1,CF2,-0.0007122454412638035
unmatched,196.848,11.8714,518.96762,86719.0,100.0,100.0,1,CF2,-0.0007322467173480618
unmatched,206.15,11.8875,518.9682,41035.0,100.0,100.0,1,CF2,-0.001312283723677865
likely,164.1075,12.121,518.968525,14002.0,100.0,100.0,1,CF2,-0.0016373044600186404
unmatched,41.37,11.894,518.9688,86513.0,100.0,100.0,1,CF2,-0.0019123220060919266
unmatched,91.19,11.895,518.9689,74135.0,100.0,100.0,1,CF2,-0.002012328386513218
likely,188.53,13.376,668.9581,906.0,100.0,100.0,1,CF2,-0.0007822499075018641
unmatched,192.915,11.8835,518.9714,94938.0,100.0,100.0,1,CF2,-0.004512487896704442
unmatched,114.245,11.8755,518.9729,85184.0,100.0,100.0,1,CF2,-0.00601258360279644
External Standard,171.5,12.36,568.9638,0.0,0.0,0.0,1,CF2,-0.00010220652075076941
likely,174.23,12.293,568.9642,1237.0,100.0,100.0,1,CF2,-0.000502232042435935
unmatched,185.05333333333337,12.397333333333334,568.9643666666666,1136.0,100.0,100.0,1,CF2,-0.0006689093430622961
unmatched,209.97,11.386,568.9678,88622.0,100.0,100.0,1,CF2,-0.004102461737033991
External Standard,110.76,2.26,168.9894,0.0,0.0,0.0,1,CF2,-0.00018221162508780253
unmatched,136.95,8.329,168.9901,52055.0,100.0,100.0,1,CF2,-0.0008822562879799989
likely,110.36,2.365,168.9902,45534.0,100.0,100.0,1,CF2,-0.0009822626683444469
External Standard,222.2,14.29,868.9441,0.0,0.0,0.0,1,CF2,0.00045782920949477557
unmatched,95.3,12.9455,618.9567,354.0,100.0,100.0,1,CF2,0.0038080429532101334
External Standard,203.67,14.02,768.951,0.0,0.0,0.0,1,CF2,-6.220396869593969e-05
likely,204.35,14.103,768.9513,14521.0,100.0,100.0,1,CF2,-0.00036222310984612704
unmatched,158.46,11.208,268.9828,4716.0,100.0,100.0,1,CF2,3.780241178219512e-05
External Standard,125.1,6.66,268.983,0.0,0.0,0.0,1,CF2,-0.00016221034900354425
unmatched,39.44,12.946,618.9576,96031.0,100.0,100.0,1,CF2,0.0029079855295321977
unmatched,149.56,10.421,268.9835,5377.0,100.0,100.0,1,CF2,-0.0006622422510531578
likely,125.3,10.8135,268.9836,49015.0,100.0,100.0,1,CF2,-0.0007622486314744492
likely,125.21,11.876,268.9839,29683.0,100.0,100.0,1,CF2,-0.00106226777268148
External Standard,104.5986,0.82,118.992,0.0,0.0,0.0,1,CF2,0.0004078260192983407
External Standard,119.28,10.47,118.992,0.0,0.0,0.0,1,CF2,0.0004078260192983407
External Standard,132.38,8.21,318.9798,0.0,0.0,0.0,1,CF2,-0.00015220971101825853
unmatched,166.19,11.877,318.9805,3596.0,100.0,100.0,1,CF2,-0.0008522543738536115
unmatched,150.46666666666667,10.694666666666665,318.9806,15175.0,100.0,100.0,1,CF2,-0.0009522607542180594
likely,132.71,11.212,318.9808,35035.0,100.0,100.0,1,CF2,-0.0011522735150606422
likely,181.36333333333332,12.973333333333334,618.9618666666667,2576.0,100.0,100.0,1,CF2,-0.0013589533679123633
unmatched,175.26,1.319,368.9724,10156.0,100.0,100.0,1,CF2,0.004058058904149675
unmatched,139.55,11.873,368.9726,80191.0,100.0,100.0,1,CF2,0.0038580461433639357
likely,140.29,12.939,368.9739,68840.0,100.0,100.0,1,CF2,0.002557963198057678
External Standard,139.5,9.37,368.9766,0.0,0.0,0.0,1,CF2,-0.0001422090729761294
likely,139.77,9.484,368.977,835.0,100.0,100.0,1,CF2,-0.0005422345945476081
likely,139.71,11.875,368.9773,16089.0,100.0,100.0,1,CF2,-0.0008422537358114823
likely,140.08,12.951,368.9787,86066.0,100.0,100.0,1,CF2,-0.002242343061482188
External Standard,125.1,3.2,248.9462,0.0,0.0,0.0,2,CF2,0.03791621905477882
External Standard,186.21,11.76,598.9238,0.0,0.0,0.0,2,CF2,0.03798622352098846
likely,142.47,7.142,348.9392,50152.0,100.0,100.0,2,CF2,0.03853625861324872
External Standard,142.2,7.03,348.9398,0.0,0.0,0.0,2,CF2,0.03793622033083466
External Standard,177.24,11.1,548.927,0.0,0.0,0.0,2,CF2,0.037976222883003175
unmatched,113.2925,0.7789999999999999,148.95235,77202.0,100.0,100.0,2,CF2,0.03814623372971937
unmatched,133.31,0.579,148.9524,71369.0,100.0,100.0,2,CF2,0.038096230539508724
unmatched,134.60666666666663,0.8206666666666668,148.9525,28947.0,100.0,100.0,2,CF2,0.037996224159115854
External Standard,109.59,0.38,148.9526,0.0,0.0,0.0,2,CF2,0.03789621777869456
External Standard,111.32,0.38,148.9526,0.0,0.0,0.0,2,CF2,0.03789621777869456
unmatched,121.85,0.55,148.9528,48095.0,100.0,100.0,2,CF2,0.0376962050178804
unmatched,125.5175,0.55075,148.95345,574.0,100.0,100.0,2,CF2,0.03704616354522727
unmatched,132.68,0.551,148.954,75613.0,100.0,100.0,2,CF2,0.036496128452995436
unmatched,124.22,0.572,148.9545,55135.0,100.0,100.0,2,CF2,0.035996096550974244
External Standard,168.27,10.12,498.9302,0.0,0.0,0.0,2,CF2,0.037966222244961045
tentative,157.84090909090912,10.395,498.93033636363634,55619.0,100.0,100.0,2,CF2,0.03782984990806426
tentative,191.05,10.451,498.9307,12235.0,100.0,100.0,2,CF2,0.03746619034291143
External Standard,133.62,5.2,298.943,0.0,0.0,0.0,2,CF2,0.03792621969284937
likely,133.83,5.333,298.9434,1377.0,100.0,100.0,2,CF2,0.03752619417116421
tentative,163.88,8.958,298.9441,61498.0,100.0,100.0,2,CF2,0.036826149508328854
External Standard,150.51,8.38,398.9366,0.0,0.0,0.0,2,CF2,0.03794622096887679
likely,148.605,8.197,398.9368,35568.0,100.0,100.0,2,CF2,0.03774620820809105
tentative,76.87,10.454,498.9282,92507.0,100.0,100.0,2,CF2,0.039966349853102656
tentative,39.53,10.448,498.9286,80826.0,100.0,100.0,2,CF2,0.039566324331474334
unmatched,104.19,9.7315,98.9558,49333.0,100.0,100.0,2,CF2,0.037886217140652434
unmatched,104.0725,7.46425,98.956,18633.0,100.0,100.0,2,CF2,0.03768620437983827
unmatched,104.04153846153848,9.606230769,98.95622307692308,26664.0,100.0,100.0,2,CF2,0.0374631132235379
unmatched,104.20666666666666,8.421666666666667,98.95623333333332,68501.0,100.0,100.0,2,CF2,0.037452856158907366
unmatched,104.04,9.6078,98.95624,49575.0,100.0,100.0,2,CF2,0.037446189066869806
unmatched,104.14833333333335,8.200000000000001,98.9563,17339.0,100.0,100.0,2,CF2,0.03738618523861703
unmatched,104.18,9.5485,98.9567,33193.0,100.0,100.0,2,CF2,0.03698615971698871
unmatched,104.02,8.249,98.9568,30019.0,100.0,100.0,2,CF2,0.03688615333658163
unmatched,103.99,5.978,98.957,31867.0,100.0,100.0,2,CF2,0.03668614057576747
unmatched,103.79,2.709,98.9574,71186.0,100.0,100.0,2,CF2,0.036286115054139145
unmatched,103.94,5.263,98.9575,38686.0,100.0,100.0,2,CF2,0.036186108673732065
External Standard,159.24,9.2,448.9334,0.0,0.0,0.0,2,CF2,0.037956221606918916
External Standard,117.4,1.3,198.9494,0.0,0.0,0.0,2,CF2,0.03790621841673669
unmatched,128.18,0.871,131.0716,47238.0,100.0,100.0,3,CF2,-0.0799629016331096
unmatched,128.39,0.872,131.0734,69760.0,100.0,100.0,3,CF2,-0.08176301648043705
unmatched,146.9,12.041,231.0642,18290.0,100.0,100.0,3,CF2,-0.07894283655298295
unmatched,160.4,2.786,281.0609,61510.0,100.0,100.0,3,CF2,-0.07883282953451953
unmatched,143.73,0.588,181.0697,29245.0,100.0,100.0,3,CF2,-0.08125298394040215
unmatched,129.97,1.039,189.0706,36021.0,100.0,100.0,4,CF2,-0.08266347392964235
unmatched,134.97,0.588,189.0714,30134.0,100.0,100.0,4,CF2,-0.083463524972899
unmatched,160.26,2.607,289.0638,94504.0,100.0,100.0,4,CF2,-0.08224344713192977
unmatched,134.865,1.3535,139.0761,22001.0,100.0,100.0,4,CF2,-0.08497362131703312
unmatched,149.92000000000002,7.1512,239.06862,9022.0,100.0,100.0,4,CF2,-0.08387355113256945
unmatched,149.55,9.796,243.0643,78688.0,100.0,100.0,5,CF2,-0.07980849178179028
unmatched,126.805,1.687,143.07015,86561.0,100.0,100.0,5,CF2,-0.0792784579656427
unmatched,141.99,6.481,193.0671,72563.0,100.0,100.0,5,CF2,-0.07941846689820409
unmatched,151.89999999999998,1.6905,261.04205,11604.0,100.0,100.0,6,CF2,-0.05870554541382944
unmatched,148.56,2.817,211.044,4294.0,100.0,100.0,6,CF2,-0.05746546629677596
unmatched,140.39,3.501,161.0464,55102.0,100.0,100.0,6,CF2,-0.05667541589153302
unmatched,144.672,0.6354,215.07382,6437.0,100.0,100.0,7,CF2,-0.08754258521696556
unmatched,155.94,2.918,265.0717,75620.0,100.0,100.0,7,CF2,-0.08861265348730285
unmatched,140.142,1.0314,165.07576,59349.0,100.0,100.0,7,CF2,-0.08629250546184153
unmatched,146.13,1.837,223.0947,17237.0,100.0,100.0,8,CF2,-0.1089343500115092
unmatched,150.63,15.288,223.0963,69120.0,100.0,100.0,8,CF2,-0.1105344520980509
unmatched,150.6,2.663,223.0969,37127.0,100.0,100.0,8,CF2,-0.11113449038049339
unmatched,152.11,8.582,223.0977,36722.0,100.0,100.0,8,CF2,-0.11193454142375003
unmatched,154.09,0.67,273.0941,76878.0,100.0,100.0,8,CF2,-0.11152451526407958
unmatched,142.29,3.839,173.0979,49614.0,100.0,100.0,8,CF2,-0.10894435064957975
unmatched,139.61,7.861,176.0844,88666.0,100.0,100.0,9,CF2,-0.09563490150671328
unmatched,154.16,0.532,276.0789,23394.0,100.0,100.0,9,CF2,-0.09651495765427853
unmatched,149.37,1.028,226.0812,64066.0,100.0,100.0,9,CF2,-0.09562490086867115
unmatched,143.84,1.047,234.978,81504.0,100.0,100.0,10,CF2,0.007007447075125128
External Standard,120.92,5.01,234.9811,0.0,0.0,0.0,10,CF2,0.003907249282491421
External Standard,190.2,5.01,234.9811,0.0,0.0,0.0,10,CF2,0.003907249282491421
likely,116.13,12.436,184.9836,59705.0,100.0,100.0,10,CF2,0.004597293307313066
likely,116.13,12.436,184.9836,59705.0,100.0,100.0,10,CF2,0.004597293307313066
External Standard,173.9,2.56,184.9843,0.0,0.0,0.0,10,CF2,0.0038972486444777132
External Standard,115.2,2.56,184.9843,0.0,0.0,0.0,10,CF2,0.0038972486444777132
likely,115.64,7.297499999999999,184.9843,71789.0,100.0,100.0,10,CF2,0.0038972486444777132
likely,115.64,7.297499999999999,184.9843,71789.0,100.0,100.0,10,CF2,0.0038972486444777132
tentative,144.86,12.431,184.9855,68508.0,100.0,100.0,10,CF2,0.002697172079564325
unmatched,155.98000000000002,7.580999999999999,284.9749,64271.0,100.0,100.0,10,CF2,0.006917441332745966
External Standard,127.46,7.14,284.9779,0.0,0.0,0.0,10,CF2,0.0039172499205619715
unmatched,155.5,4.493,284.975,26889.0,100.0,100.0,10,CF2,0.006817434952324675
tentative,155.5,13.476,284.9751,46404.0,100.0,100.0,10,CF2,0.006717428571960227
tentative,155.61,9.892,284.9753,87901.0,100.0,100.0,10,CF2,0.006517415811117644
tentative,155.42,7.485,284.9755,24469.0,100.0,100.0,10,CF2,0.006317403050275061
tentative,155.4933333333333,12.493666666666668,284.97565000000003,49991.0,100.0,100.0,10,CF2,0.006167393479643124
External Standard,138.97,4.24,334.9747,0.0,0.0,0.0,10,CF2,0.003927250558604101
unmatched,158.645,2.1045,287.04535,35344.0,100.0,100.0,11,CF2,-0.06366466180543284
unmatched,134.23,3.176,187.0524,60436.0,100.0,100.0,11,CF2,-0.06433470455417023
unmatched,148.59,0.509,237.051,34868.0,100.0,100.0,11,CF2,-0.06612481876342713
unmatched,148.70499999999998,2.0795000000000003,249.04325,88281.0,100.0,100.0,12,CF2,-0.05913997313029995
unmatched,164.9,14.981,299.0395,30130.0,100.0,100.0,12,CF2,-0.05857993739999756
unmatched,142.69,0.525,199.0471,48903.0,100.0,100.0,12,CF2,-0.059800015240966786
unmatched,147.565,2.1325000000000003,205.1089,56627.0,100.0,100.0,13,CF2,-0.12198678275674979
unmatched,163.67,2.152,305.1016,29481.0,100.0,100.0,13,CF2,-0.12106672405701602
unmatched,158.23,14.039,255.1049,80260.0,100.0,100.0,13,CF2,-0.1211767310754226
unmatched,154.13,6.63,255.105,9286.0,100.0,100.0,13,CF2,-0.12127673745584389
unmatched,155.04,2.693,258.1034,66568.0,100.0,100.0,14,CF2,-0.11986804758146263
unmatched,165.06,0.661,308.0996,54214.0,100.0,100.0,14,CF2,-0.1192580086609496
unmatched,149.65,5.434,208.1041,80860.0,100.0,100.0,14,CF2,-0.11737788870928512
unmatched,153.13,1.592,263.0644,73894.0,100.0,100.0,15,CF2,-0.08118457957613145
unmatched,158.81,2.956,263.0672,38477.0,100.0,100.0,15,CF2,-0.08398475822758655
unmatched,146.64333333333337,6.985666666666667,213.06713333333332,18186.0,100.0,100.0,15,CF2,-0.08072788377231177
unmatched,147.055,9.3505,213.0674,15345.0,100.0,100.0,15,CF2,-0.08099456745338784
unmatched,159.48624999999998,0.729875,313.0623875,34925.0,100.0,100.0,15,CF2,-0.08236215470549269
unmatched,136.42,1.751,213.0729,92801.0,100.0,100.0,15,CF2,-0.08649491837579149
unmatched,163.74,7.136,322.0874,80456.0,100.0,100.0,16,CF2,-0.10795048724111211
unmatched,158.34,0.554,272.0891,35255.0,100.0,100.0,16,CF2,-0.1064603921730054
unmatched,146.76999999999998,10.25,222.09385,3433.0,100.0,100.0,16,CF2,-0.1080204917073786
unmatched,165.06,2.798,327.0642,74507.0,100.0,100.0,17,CF2,-0.08506802734018493
unmatched,142.96333333333334,3.1976666666666667,227.0744666666667,33707.0,100.0,100.0,17,CF2,-0.08895494199200016
unmatched,149.97,4.77,227.0751,42353.0,100.0,100.0,17,CF2,-0.08958831573454518
unmatched,162.58,1.305,277.0704,6006.0,100.0,100.0,17,CF2,-0.08807821939041105
unmatched,226.2133333333333,13.171333333333337,930.9379333333331,53099.0,100.0,100.0,18,CF2,0.002669036951374437
unmatched,254.13,12.868,930.9397,54963.0,100.0,100.0,18,CF2,0.0009022575640074137
unmatched,155.595,12.928,930.9397,92456.0,100.0,100.0,18,CF2,0.0009022575640074137
unmatched,225.94,15.417333333333334,930.9417333333334,23133.0,100.0,100.0,18,CF2,-0.0011312055044072622
unmatched,234.9,15.278636363636366,930.9424545454546,93848.0,100.0,100.0,18,CF2,-0.0018524636417396323
unmatched,173.20000000000002,12.916000000000002,930.9427333333332,1821.0,100.0,100.0,18,CF2,-0.002131269308165429
unmatched,266.55,13.221,980.9306,69581.0,100.0,100.0,18,CF2,0.006812634646053084
unmatched,151.44,13.293,980.9335,58943.0,100.0,100.0,18,CF2,0.003912449614290381
unmatched,242.96,15.927,980.9344,83214.0,100.0,100.0,18,CF2,0.003012392190612445
unmatched,227.86,14.533833333333334,980.9383666666668,44818.0,100.0,100.0,18,CF2,-0.0009545275655682417
unmatched,233.185,14.992,980.9385,54775.0,100.0,100.0,18,CF2,-0.001087869406092068
unmatched,142.66,13.231,980.9387,10359.0,100.0,100.0,18,CF2,-0.0012878821669346507
unmatched,234.485,13.362,980.939,1993.0,100.0,100.0,18,CF2,-0.001587901308084838
tentative,154.76,9.7935,430.9738,3014.0,100.0,100.0,18,CF2,-0.0012978828049199365
tentative,159.58,9.718,430.9742,4354.0,100.0,100.0,18,CF2,-0.0016979083265482586
tentative,159.405,11.8795,430.9743,8167.0,100.0,100.0,18,CF2,-0.00179791470696955
tentative,146.814,9.9362,430.97462,947.0,100.0,100.0,18,CF2,-0.002117935124260839
tentative,146.305,11.8765,430.97495,3622.0,100.0,100.0,18,CF2,-0.0024479561795942573
tentative,145.745,6.207000000000001,430.975,14864.0,100.0,100.0,18,CF2,-0.0024979593698617464
unmatched,146.62,13.56,1030.9304,46069.0,100.0,100.0,18,CF2,0.003822443871968062
unmatched,243.25666666666663,13.741,1030.9347333333333,45839.0,100.0,100.0,18,CF2,-0.0005111659456815687
unmatched,164.035,13.607,1030.93725,15644.0,100.0,100.0,18,CF2,-0.0030279931859240605
unmatched,253.43,15.1065,1030.9386,28136.0,100.0,100.0,18,CF2,-0.004378079321440964
unmatched,189.66,13.6335,630.9532,78639.0,100.0,100.0,18,CF2,0.006542617418972441
unmatched,178.06,13.313,630.9551,64004.0,100.0,100.0,18,CF2,0.004642496191195278
unmatched,251.49,13.912,1080.93365,15770.0,100.0,100.0,18,CF2,-0.0026179670262536092
unmatched,179.95499999999998,14.337,630.9588,27234.0,100.0,100.0,18,CF2,0.0009422601161759303
unmatched,189.915,15.9035,630.95965,91364.0,100.0,100.0,18,CF2,9.220588276548369e-05
unmatched,183.138,14.987799999999998,630.9597,1643.0,100.0,100.0,18,CF2,4.2202692497994576e-05
unmatched,183.614,12.952800000000002,630.9602600000001,31664.0,100.0,100.0,18,CF2,-0.0005178330378612372
unmatched,183.21,13.495,630.9607,11656.0,100.0,100.0,18,CF2,-0.0009578611114875457
unmatched,186.59,12.35,630.9611,4473.0,100.0,100.0,18,CF2,-0.0013578866331727113
unmatched,187.80692307692303,14.173923076923076,630.9615769230769,75566.0,100.0,100.0,18,CF2,-0.0018348401397361158
unmatched,215.56,12.495,630.9618,77857.0,100.0,100.0,18,CF2,-0.0020579312960080642
unmatched,177.445,15.697,630.9558,40779.0,100.0,100.0,18,CF2,0.003942451528473612
unmatched,182.16000000000005,11.967,630.9703,88139.0,100.0,100.0,18,CF2,-0.010558473630567278
unmatched,133.87,13.496,330.9777,90696.0,100.0,100.0,18,CF2,0.0011822754291301862
unmatched,146.77,7.632,330.979,85098.0,100.0,100.0,18,CF2,-0.00011780751611922824
unmatched,151.07999999999998,6.658,330.97905000000003,75231.0,100.0,100.0,18,CF2,-0.00016781070632987394
unmatched,150.605,7.8365,330.9803,74056.0,100.0,100.0,18,CF2,-0.0014178904614254861
unmatched,137.77,7.774,330.9804,36584.0,100.0,100.0,18,CF2,-0.0015178968417899341
unmatched,164.10666666666663,6.1243333333333325,330.98043333333334,89394.0,100.0,100.0,18,CF2,-0.0015512323019493124
unmatched,141.275,8.139833333333334,330.9807333333333,55755.0,100.0,100.0,18,CF2,-0.0018512514431563432
unmatched,149.3,10.423,330.9808,16491.0,100.0,100.0,18,CF2,-0.0019179223634182563
unmatched,133.195,7.425,330.9815,19026.0,100.0,100.0,18,CF2,-0.0026179670263104526
unmatched,156.78,14.505,480.9661,80568.0,100.0,100.0,18,CF2,0.003212404951455028
tentative,161.49,12.451,480.9704,68689.0,100.0,100.0,18,CF2,-0.0010878694060352245
tentative,165.35,10.5405,480.97045,54595.0,100.0,100.0,18,CF2,-0.0011378725963027136
tentative,154.765,10.5275,480.97085,3405.0,100.0,100.0,18,CF2,-0.0015378981178741924
tentative,154.86,12.444,480.9715,38158.0,100.0,100.0,18,CF2,-0.002187939590555743
tentative,154.125,9.011,480.9722,59392.0,100.0,100.0,18,CF2,-0.002887984253391096
unmatched,143.625,9.5265,330.981675,78477.0,100.0,100.0,18,CF2,-0.002792978192019291
unmatched,135.26,12.8745,330.9825,72074.0,100.0,100.0,18,CF2,-0.0036180308304096798
unmatched,146.99,7.627,330.9832,56782.0,100.0,100.0,18,CF2,-0.004318075493245033
unmatched,185.8,15.007,680.9509,46848.0,100.0,100.0,18,CF2,0.005652560633279791
unmatched,197.22,13.141,680.9554,78410.0,100.0,100.0,18,CF2,0.0011522735150037988
unmatched,219.21,8.035,680.9563,83882.0,100.0,100.0,18,CF2,0.0002522160913258631
unmatched,191.61444444444444,14.992222222222225,680.9569444444445,4392.0,100.0,100.0,18,CF2,-0.0003922694712628072
unmatched,184.395,11.834,680.9574,10290.0,100.0,100.0,18,CF2,-0.0008478540930809686
unmatched,198.455,15.728,680.9575500000001,58508.0,100.0,100.0,18,CF2,-0.0009978636637697491
unmatched,190.1888888888889,13.413000000000002,680.9579666666666,24608.0,100.0,100.0,18,CF2,-0.0014145569153924953
unmatched,219.68,9.961,680.958,58005.0,100.0,100.0,18,CF2,-0.0014478923754950301
unmatched,198.225,14.7135,680.95835,68135.0,100.0,100.0,18,CF2,-0.0017979147069127066
unmatched,186.15,13.78125,680.9591,61557.0,100.0,100.0,18,CF2,-0.0025479625600155487
unmatched,220.28,11.317,680.9592,65027.0,100.0,100.0,18,CF2,-0.00264796894043684
unmatched,184.99,15.85,680.9594,81258.0,100.0,100.0,18,CF2,-0.002847981701165736
unmatched,181.58,13.174,680.961,90569.0,100.0,100.0,18,CF2,-0.0044480837877927115
unmatched,219.68,9.879,680.9657,89216.0,100.0,100.0,18,CF2,-0.009148383666911286
unmatched,199.45,14.755,680.9684,92201.0,100.0,100.0,18,CF2,-0.011848555937831406
unmatched,207.815,13.3565,730.9502,78354.0,100.0,100.0,18,CF2,0.003162401761187539
unmatched,198.58,14.920375,730.9526875,58420.0,100.0,100.0,18,CF2,0.000674743048534765
unmatched,198.715,14.884,730.9537,3630.0,100.0,100.0,18,CF2,-0.00033782155310291273
unmatched,198.004,13.7068,730.95413,46954.0,100.0,100.0,18,CF2,-0.0007678489887439355
unmatched,193.7,12.955,730.9543,31196.0,100.0,100.0,18,CF2,-0.0009378598354032874
unmatched,198.82636363636365,13.79309090909091,730.9543636363636,46954.0,100.0,100.0,18,CF2,-0.0010015002593490863
unmatched,193.59,11.146,730.9583,84658.0,100.0,100.0,18,CF2,-0.004938115051800196
unmatched,121.9,3.8845,230.9871,79319.0,100.0,100.0,18,CF2,-0.0018379172591096449
unmatched,129.72125,6.080625,280.9831125,12496.0,100.0,100.0,18,CF2,-0.0010403663753777437
unmatched,166.16,11.648,530.9566,9783.0,100.0,100.0,18,CF2,0.009522807555185864
unmatched,172.16,13.161,530.9583,59929.0,100.0,100.0,18,CF2,0.007822699088137597
unmatched,161.13,11.634,530.964,94795.0,100.0,100.0,18,CF2,0.002122335404919795
unmatched,165.82,11.879,530.965,57018.0,100.0,100.0,18,CF2,0.0011222716009342548
unmatched,182.44,12.948,530.9666,49415.0,100.0,100.0,18,CF2,-0.00047783048557903385
unmatched,168.71636363636364,12.455636363636364,530.9672909090909,84065.0,100.0,100.0,18,CF2,-0.0011687836592955136
unmatched,165.2583333333333,13.298666666666668,530.9673666666666,67037.0,100.0,100.0,18,CF2,-0.0012445460687331433
unmatched,165.33625,14.678999999999998,530.967875,58104.0,100.0,100.0,18,CF2,-0.001752911835865234
unmatched,201.61,12.4665,780.946,89095.0,100.0,100.0,18,CF2,0.004172466203272052
unmatched,165.6,13.122,530.9679,4985.0,100.0,100.0,18,CF2,-0.0017779134308284483
unmatched,205.2326190476191,14.651571428571426,780.9505952380952,72684.0,100.0,100.0,18,CF2,-0.00042306508669298637
unmatched,161.9625,12.5405,530.9687,38806.0,100.0,100.0,18,CF2,-0.0025779644741987795
unmatched,165.04500000000002,11.9015,530.969,74049.0,100.0,100.0,18,CF2,-0.0028779836154626537
unmatched,172.13285714285715,14.55585714285714,530.9693285714285,59995.0,100.0,100.0,18,CF2,-0.0032065760080968175
unmatched,165.26,13.917,530.9701,74000.0,100.0,100.0,18,CF2,-0.003978053799869485
unmatched,208.44,13.19,780.9461,69680.0,100.0,100.0,18,CF2,0.004072459822964447
unmatched,216.55,13.992,780.9528,57576.0,100.0,100.0,18,CF2,-0.0026279676643525818
unmatched,209.9,13.178,780.956,74328.0,100.0,100.0,18,CF2,-0.005828171837379159
unmatched,139.495,4.779999999999999,380.97675,78292.0,100.0,100.0,18,CF2,-0.0010578674919088371
unmatched,157.47,11.208,380.9771,35688.0,100.0,100.0,18,CF2,-0.001407889823383357
unmatched,140.22,11.877,380.9772,89875.0,100.0,100.0,18,CF2,-0.001507896203747805
unmatched,145.07,11.21,380.9774,18550.0,100.0,100.0,18,CF2,-0.0017079089645903878
unmatched,138.99,13.141,380.9775,95522.0,100.0,100.0,18,CF2,-0.0018079153450116792
unmatched,139.93142857142857,9.340571428571428,380.9776,22713.0,100.0,100.0,18,CF2,-0.0019079217254329706
unmatched,146.19,8.849499999999999,380.9776,3664.0,100.0,100.0,18,CF2,-0.0019079217254329706
unmatched,153.105,8.8,380.9791,9638.0,100.0,100.0,18,CF2,-0.003408017431524968
unmatched,147.14,12.078,830.9459,33941.0,100.0,100.0,18,CF2,0.0010822690486520514
unmatched,209.19,12.09,830.9474,3509.0,100.0,100.0,18,CF2,-0.000417826657326259
unmatched,220.75333333333333,14.665,830.9481,1800.0,100.0,100.0,18,CF2,-0.001117871320161612
unmatched,214.70857142857147,15.243880952380952,830.948369,68271.0,100.0,100.0,18,CF2,-0.001386888483466464
unmatched,195.8375,12.95,830.9484,59109.0,100.0,100.0,18,CF2,-0.0014178904614254861
unmatched,131.5,12.092,830.9491,54427.0,100.0,100.0,18,CF2,-0.002117935124260839
unmatched,218.0233333333333,12.681,880.9444,43683.0,100.0,100.0,18,CF2,-0.0006078387800698692
unmatched,226.03500000000005,14.6465,880.9446,2123.0,100.0,100.0,18,CF2,-0.0008078515410261389
unmatched,216.58000000000004,14.966241379310343,880.9447896551724,59733.0,100.0,100.0,18,CF2,-0.000997518814074283
unmatched,234.05,14.4195,880.9473,84044.0,100.0,100.0,18,CF2,-0.0035080238119462592
unmatched,135.51999999999998,12.509,880.9494333333333,18053.0,100.0,100.0,18,CF2,-0.00564149326066854
tentative,181.97,13.757,580.9581,94512.0,100.0,100.0,18,CF2,0.004832508314052575
tentative,169.04,9.159,580.9624,77887.0,100.0,100.0,18,CF2,0.000532233956505479
tentative,169.848,14.07,580.9635000000001,37731.0,100.0,100.0,18,CF2,-0.0005678362280150395
tentative,174.5075,14.78475,580.9639500000001,23498.0,100.0,100.0,18,CF2,-0.0010178649398540074
tentative,174.7875,13.546,580.9641499999999,4452.0,100.0,100.0,18,CF2,-0.0012178777004692165
tentative,173.75142857142853,14.409214285714286,580.9645642857142,31433.0,100.0,100.0,18,CF2,-0.0016321898478963703
tentative,172.42,12.672,580.9653,42737.0,100.0,100.0,18,CF2,-0.002367951075257224
unmatched,158.01,11.274333333333333,480.9584333333333,68770.0,100.0,100.0,18,CF2,0.010879560782655062
unmatched,149.67199999999997,0.9546,332.99482,23693.0,100.0,100.0,19,CF2,-0.016066425037934096
unmatched,148.66,1.901,232.9971,69805.0,100.0,100.0,19,CF2,-0.011966163441229583
unmatched,159.37,13.0225,282.9952,29055.0,100.0,100.0,19,CF2,-0.013256245748493711
unmatched,159.505,15.1199375,282.995225,86252.0,100.0,100.0,19,CF2,-0.013281247343570612
unmatched,159.11,14.05225,282.9954,19629.0,100.0,100.0,19,CF2,-0.013456258509336294
unmatched,41.54,3.997,239.1149,60243.0,100.0,100.0,20,CF2,-0.13015650398494927
unmatched,161.94,6.44,289.1125,54255.0,100.0,100.0,20,CF2,-0.13094655439016378
unmatched,168.55333333333337,2.072,339.1096333333333,48804.0,100.0,100.0,20,CF2,-0.13126990835348806
unmatched,157.655,0.6185,294.0676,78492.0,100.0,100.0,21,CF2,-0.08636270994094275
unmatched,151.76,9.809,244.0715,34564.0,100.0,100.0,21,CF2,-0.08707275524176339
unmatched,152.04,10.329,244.0727,75349.0,100.0,100.0,21,CF2,-0.08827283180667678
unmatched,172.65,0.562,344.0618,84251.0,100.0,100.0,21,CF2,-0.0837525434122881
unmatched,165.65,2.492,294.0835,90023.0,100.0,100.0,22,CF2,-0.10226372442565435
unmatched,174.01,1.741,344.0835,52842.0,100.0,100.0,22,CF2,-0.1054539279606388
unmatched,150.00500000000002,1.7555,244.08885000000004,52102.0,100.0,100.0,22,CF2,-0.1044238622424416
unmatched,147.28,1.962,296.9054,83943.0,100.0,100.0,23,CF2,0.07565622686729512
unmatched,150.34,6.736,346.8991,50442.0,100.0,100.0,23,CF2,0.07876642529794253
unmatched,136.86,6.332,246.9071,77726.0,100.0,100.0,23,CF2,0.07714632193531656
tentative,148.23,10.421,396.9718,2622.0,100.0,100.0,24,CF2,0.0028715832070247416
tentative,148.125,13.0595,396.9722,7306.0,100.0,100.0,24,CF2,0.0024715576853964194
unmatched,181.09,12.947,596.9587,2501.0,100.0,100.0,24,CF2,0.0032116049003434455
tentative,156.38,11.207,446.968,3386.0,100.0,100.0,24,CF2,0.0034816221274809322
tentative,189.4,13.378,646.957,14591.0,100.0,100.0,24,CF2,0.0017215098323504208
unmatched,141.24,11.879,346.9749,79683.0,100.0,100.0,24,CF2,0.002961588949403904
unmatched,140.24,9.485,346.9757,24837.0,100.0,100.0,24,CF2,0.002161537906090416
tentative,125.83,11.874,246.98,82175.0,100.0,100.0,24,CF2,0.004241670618597482
tentative,147.56,3.89,246.9831,94575.0,100.0,100.0,24,CF2,0.001141472825963774
unmatched,197.44,13.757,696.9521,11039.0,100.0,100.0,24,CF2,0.0034316189372702866
unmatched,186.53,13.593,546.9597,61138.0,100.0,100.0,24,CF2,0.00540174463128551
tentative,172.93,12.45,546.9624,6204.0,100.0,100.0,24,CF2,0.0027015723602517028
unmatched,133.65,11.874,296.9785,61662.0,100.0,100.0,24,CF2,0.0025515627897334525
unmatched,153.4,1.733,296.9802,70976.0,100.0,100.0,24,CF2,0.000851454322742029
unmatched,164.71,11.878,496.9658,1199.0,100.0,100.0,24,CF2,0.0024915589614806777
unmatched,168.02,5.976,307.0681,23114.0,100.0,100.0,25,CF2,-0.08769219476204171
unmatched,152.89,1.727,257.0701,81050.0,100.0,100.0,25,CF2,-0.08650211883519887
unmatched,172.12,2.684,357.0615,7486.0,100.0,100.0,25,CF2,-0.08428197719018726
unmatched,139.755,9.4805,371.98655,59734.0,100.0,100.0,26,CF2,-0.01028425613554873
unmatched,125.07,6.798,271.9942,36773.0,100.0,100.0,26,CF2,-0.011554337166671758
unmatched,148.19,8.329,321.9908,41673.0,100.0,100.0,26,CF2,-0.011344323767843889
unmatched,147.84,6.635,308.9759,9222.0,100.0,100.0,27,CF2,0.0043860798318746674
unmatched,161.45,12.1115,408.9727,53942.0,100.0,100.0,27,CF2,0.0012058769349891918
tentative,154.39,1.6760000000000002,358.9751,66384.0,100.0,100.0,27,CF2,0.0019959273401468636
unmatched,37.21,7.439,313.1193,94245.0,100.0,100.0,28,CF2,-0.13927828595467417
unmatched,185.33,1.367,413.1065,52030.0,100.0,100.0,28,CF2,-0.13285787633247992
unmatched,176.28666666666666,1.723,363.11263333333335,12002.0,100.0,100.0,28,CF2,-0.13580139746250097
unmatched,148.45,5.218,415.0905,91242.0,100.0,100.0,29,CF2,-0.11698446360878734
unmatched,174.475,0.7037500000000001,365.0907,66611.0,100.0,100.0,29,CF2,-0.11399427283464547
unmatched,169.81,8.166,315.0919,48249.0,100.0,100.0,29,CF2,-0.11200414586454599
tentative,179.38,3.976333333333333,367.0392,61817.0,100.0,100.0,30,CF2,-0.06261859506633982
unmatched,179.16,0.504,417.0383,53721.0,100.0,100.0,30,CF2,-0.06490874117770318
tentative,139.92,5.834,317.0449,58954.0,100.0,100.0,30,CF2,-0.06512875521457318
unmatched,169.39,1.726,319.1062,69350.0,100.0,100.0,31,CF2,-0.12656027454551122
unmatched,147.4,10.422,419.1018,57152.0,100.0,100.0,31,CF2,-0.12854040087762542
unmatched,165.58,10.429,419.1031,79173.0,100.0,100.0,31,CF2,-0.12984048382287483
unmatched,174.44,11.208,469.1015,81788.0,100.0,100.0,31,CF2,-0.131430585271346
unmatched,176.935,0.6525,369.10305,9846.0,100.0,100.0,31,CF2,-0.12660027709767974
unmatched,171.1,8.273,321.0833,82163.0,100.0,100.0,32,CF2,-0.10378642157371587
unmatched,170.64999999999998,7.0085,321.08365000000003,26479.0,100.0,100.0,32,CF2,-0.10413644390513355
unmatched,169.85500000000002,5.5495,321.0837,6835.0,100.0,100.0,32,CF2,-0.10418644709534419
unmatched,169.19,3.82675,321.08714999999995,40078.0,100.0,100.0,32,CF2,-0.10763666721931031
tentative,180.03,5.46,371.0812,94851.0,100.0,100.0,32,CF2,-0.10487649112013742
tentative,147.51,10.413,421.0775,74243.0,100.0,100.0,32,CF2,-0.10436645858004567
tentative,136.17000000000002,8.220500000000001,342.98105,65216.0,100.0,100.0,33,CF2,-0.002933587162829099
tentative,147.89,10.176000000000002,442.9735666666667,16171.0,100.0,100.0,33,CF2,-0.0018301834324461197
tentative,142.37750000000003,9.40475,392.9774000000001,14799.0,100.0,100.0,33,CF2,-0.002473557813118532
unmatched,155.49,12.074,436.983,16680.0,100.0,100.0,34,CF2,-0.010881294226578575
unmatched,163.94,12.665,486.9809,62918.0,100.0,100.0,34,CF2,-0.011971363773056964
tentative,173.05,13.145,536.978,25428.0,100.0,100.0,34,CF2,-0.012261382276165023
unmatched,146.93,11.397,386.9872,65323.0,100.0,100.0,34,CF2,-0.011891358668663088
tentative,184.99,10.4545,498.93165,16839.0,100.0,100.0,35,CF2,0.036516129729079694
tentative,134.935,10.4585,498.9326,44406.0,100.0,100.0,35,CF2,0.035566069115247956
tentative,106.1,10.428,498.9354,81698.0,100.0,100.0,35,CF2,0.03276589046379286
tentative,136.26,10.428,498.9363,91850.0,100.0,100.0,35,CF2,0.03186583304011492
tentative,33.32,10.463,498.9369,87517.0,100.0,100.0,35,CF2,0.03126579475770086
tentative,26.36,10.449,498.937,86798.0,100.0,100.0,35,CF2,0.03116578837727957
likely,183.682,11.7154,598.9239,62254.0,100.0,100.0,35,CF2,0.037886217140680856
likely,159.07000000000002,9.472666666666669,448.9352,3270.0,100.0,100.0,35,CF2,0.03615610675961989
likely,151.00333333333333,8.633666666666665,398.9378,636.0,100.0,100.0,35,CF2,0.036746144404048664
unmatched,146.48,6.971,398.9421,74625.0,100.0,100.0,35,CF2,0.03244587004650157
likely,175.67,11.035000000000002,548.9287333333333,26710.0,100.0,100.0,35,CF2,0.03624277895596606
unmatched,154.72,12.072,416.9771,29224.0,100.0,100.0,36,CF2,-0.003704836368569886
tentative,169.70333333333335,13.15,516.9718333333334,12632.0,100.0,100.0,36,CF2,-0.004818240737108681
unmatched,151.02,12.072,416.9781,11827.0,100.0,100.0,36,CF2,-0.00470490017261227
unmatched,200.6,11.209,566.9687,8906.0,100.0,100.0,36,CF2,-0.004874911019328465
tentative,191.99,10.421,516.9724,8786.0,100.0,100.0,36,CF2,-0.005384943559420208
unmatched,209.21,11.879,616.9649,2462.0,100.0,100.0,36,CF2,-0.004264872098815431
unmatched,202.5,11.879,616.9671,19288.0,100.0,100.0,36,CF2,-0.006465012467742781
unmatched,217.63,12.456,666.9621,19454.0,100.0,100.0,36,CF2,-0.004654896982401624
unmatched,159.6,12.654,466.9734,35736.0,100.0,100.0,36,CF2,-0.0031948038285349867
unmatched,163.09,12.651,466.9735,44259.0,100.0,100.0,36,CF2,-0.0032948102088994347
unmatched,225.78,12.949,716.9581,8551.0,100.0,100.0,36,CF2,-0.003844845301046007
unmatched,183.32,11.88,519.1069,76242.0,100.0,100.0,37,CF2,-0.1400211333483412
unmatched,147.46,10.421,419.1166,2084.0,100.0,100.0,37,CF2,-0.1433413451778165
unmatched,155.62,11.205,469.1128,17336.0,100.0,100.0,37,CF2,-0.1427313062573603
tentative,196.39,12.825,774.9609,77628.0,100.0,100.0,38,CF2,-0.010345660053189931
unmatched,183.41,11.83,674.9715,53731.0,100.0,100.0,38,CF2,-0.014565929306286307
unmatched,176.84,11.21,624.9741,59085.0,100.0,100.0,38,CF2,-0.013975891661971218
unmatched,189.55,12.378,724.9662,90339.0,100.0,100.0,38,CF2,-0.012455794679681276
tentative,152.56,7.534,424.9885,65976.0,100.0,100.0,38,CF2,-0.015615996300539337
unmatched,214.12,11.881,674.9722,90807.0,100.0,100.0,38,CF2,-0.015265973969235347
unmatched,203.06,13.244,824.9619,48855.0,100.0,100.0,38,CF2,-0.014535927392216763
tentative,234.06,10.94,774.9673,95751.0,100.0,100.0,38,CF2,-0.016746068399243086
unmatched,159.52,8.701,474.9848,9788.0,100.0,100.0,38,CF2,-0.015105963760504437
unmatched,210.31,13.624,874.9564,46246.0,100.0,100.0,38,CF2,-0.012225780004769149
tentative,166.01,9.667,524.9809,8046.0,100.0,100.0,38,CF2,-0.014395918459626955
tentative,183.44,11.876,524.9866,4884.0,100.0,100.0,38,CF2,-0.02009628214273107
unmatched,170.87,10.511,574.9784,86184.0,100.0,100.0,38,CF2,-0.015085962484363336
unmatched,216.91,13.959,924.9567,51801.0,100.0,100.0,38,CF2,-0.015716002680960628
unmatched,223.96,14.267,974.9493,55275.0,100.0,100.0,38,CF2,-0.011505734065849538
tentative,167.01,9.148,488.9997,23901.0,100.0,100.0,39,CF2,-0.030900171430971568
tentative,170.74,10.047,538.9964,66158.0,100.0,100.0,39,CF2,-0.030790164412451304
tentative,158.93,8.068,439.0018,81675.0,100.0,100.0,39,CF2,-0.02981010188449318
tentative,171.88,11.221,594.9635,10406.0,100.0,100.0,40,CF2,-0.001461093217699272
tentative,177.33023255813953,14.662069767441862,644.9606884,90425.0,100.0,100.0,40,CF2,-0.0018395173611907012
tentative,177.27,13.095666666666666,644.9609,3247.0,100.0,100.0,40,CF2,-0.0020511308622417346
tentative,205.05,11.88,644.961,1096.0,100.0,100.0,40,CF2,-0.002151137242549339
tentative,87.86,11.831,644.9638,86238.0,100.0,100.0,40,CF2,-0.004951315894004438
unmatched,176.85,12.988,644.9709,90086.0,100.0,100.0,40,CF2,-0.012051768902892945
tentative,230.33,13.3135,794.9512,30055.0,100.0,100.0,40,CF2,-0.0019211225676372123
tentative,196.96,15.818,794.9487,5147.0,100.0,100.0,40,CF2,0.0005790369425540121
tentative,197.02375,14.261625,794.9489688,40109.0,100.0,100.0,40,CF2,0.0003102197920270555
unmatched,217.28235294117647,15.235294117647058,944.9399588235294,64772.0,100.0,100.0,40,CF2,-0.0002498394692338479
tentative,182.53,11.572,544.964,89653.0,100.0,100.0,40,CF2,0.0012290784151218759
tentative,187.74,10.422,544.9669,3487.0,100.0,100.0,40,CF2,-0.0016711066166408273
tentative,165.62,10.514,544.9687,59613.0,100.0,100.0,40,CF2,-0.0034712214639966987
unmatched,224.10166666666663,15.245833333333335,994.937075,17634.0,100.0,100.0,40,CF2,-0.0005560354751423802
tentative,207.556,14.859280000000002,844.9466879999999,38329.0,100.0,100.0,40,CF2,-0.0005990382185245835
tentative,215.45333333333332,14.887666666666666,844.9469,24569.0,100.0,100.0,40,CF2,-0.0008110517451314081
tentative,190.44833333333335,14.846166666666669,744.9534333333332,6047.0,100.0,100.0,40,CF2,-0.0009643948616258058
tentative,193.90666666666667,13.241111111111111,744.9539333333333,27403.0,100.0,100.0,40,CF2,-0.0014644267637322628
tentative,222.75,12.802,744.9593,94537.0,100.0,100.0,40,CF2,-0.0068314358455836555
unmatched,230.81166666666664,15.292666666666667,1044.934616666667,25333.0,100.0,100.0,40,CF2,-0.0012877488252343028
tentative,159.315,9.741,494.97065,77760.0,100.0,100.0,40,CF2,-0.0022311423468863723
tentative,179.39,9.481,494.9719,69101.0,100.0,100.0,40,CF2,-0.0034812221019819845
unmatched,237.46,15.207333333333333,1094.9295333333332,73133.0,100.0,100.0,40,CF2,0.0006057053108179389
tentative,152.38,8.782,444.9741,80016.0,100.0,100.0,40,CF2,-0.00249115893598173
tentative,211.02,13.72,894.9438,78496.0,100.0,100.0,40,CF2,-0.0009010574874537269
tentative,215.46263157894737,15.023157894736842,894.9420105263158,30409.0,100.0,100.0,40,CF2,0.0008885303724355254
tentative,261.8,13.576,894.9515,78489.0,100.0,100.0,40,CF2,-0.008601548778869983
tentative,198.725,14.0475,694.9559,5755.0,100.0,100.0,40,CF2,-0.00024101537678689056
tentative,183.67,15.563,694.956,3107.0,100.0,100.0,40,CF2,-0.00034102175720818195
tentative,183.9025,14.638749999999996,694.9563750000001,72937.0,100.0,100.0,40,CF2,-0.0007160456838164464
tentative,183.632,12.6286,694.95646,79776.0,100.0,100.0,40,CF2,-0.0008010511070324355
tentative,94.77,12.304,694.9636,95044.0,100.0,100.0,40,CF2,-0.007941506668203147
tentative,196.37,11.209,594.9628,3770.0,100.0,100.0,40,CF2,-0.0007610485549776058
unmatched,152.91,12.502,449.9718,66642.0,100.0,100.0,41,CF2,-0.0005100325400348993
unmatched,161.385,13.243,499.971,6220.0,100.0,100.0,41,CF2,-0.0029001850318195466
unmatched,143.68,13.2265,499.97125,28778.0,100.0,100.0,41,CF2,-0.0031502009828159316
unmatched,152.115,13.2355,499.9713,11311.0,100.0,100.0,41,CF2,-0.0032002041730265773
unmatched,170.305,13.92025,549.969325,41807.0,100.0,100.0,41,CF2,-0.004415281695060003
unmatched,159.94,9.563,455.9586,46290.0,100.0,100.0,42,CF2,0.01230798524943566
unmatched,168.92,10.45,505.9534,2786.0,100.0,100.0,42,CF2,0.0143181134956194
External Standard,181.66,10.51,555.9517,0.0,0.0,0.0,42,CF2,0.012828018427626375
unmatched,175.74,13.147,556.9821,55892.0,100.0,100.0,43,CF2,-0.01763772528681784
unmatched,158.32,12.069,456.9903,51223.0,100.0,100.0,43,CF2,-0.01945784141025797
tentative,167.24,12.648,506.9868,77269.0,100.0,100.0,43,CF2,-0.019147821631065653
External Standard,165.15,10.3,462.9632,0.0,0.0,0.0,44,CF2,0.007261063255839417
likely,165.51,10.42,462.9641,3794.0,100.0,100.0,44,CF2,0.006361005832218325
tentative,185.59,1.64075,462.9665,78951.0,100.0,100.0,44,CF2,0.0039608527023915485
likely,209.04,13.319,712.9472499999999,2993.0,100.0,100.0,44,CF2,0.007261063255896261
External Standard,209.19,13.3,712.9473,0.0,0.0,0.0,44,CF2,0.0072110600656287716
tentative,206.24,11.207,512.9599,77669.0,100.0,100.0,44,CF2,0.007371070274302838
External Standard,174.21,11.1,512.96,0.0,0.0,0.0,44,CF2,0.007271063893881546
likely,173.12,11.0955,512.9603,82916.0,100.0,100.0,44,CF2,0.006971044752731359
External Standard,226.12,14.02,812.9409,0.0,0.0,0.0,44,CF2,0.007231061341599343
External Standard,191.37,12.36,612.9537,0.0,0.0,0.0,44,CF2,0.007191058789544513
likely,191.36,12.375,612.95425,2537.0,100.0,100.0,44,CF2,0.006641023697284254
likely,200.14333333333332,12.857,662.9497333333333,66524.0,100.0,100.0,44,CF2,0.007967775010797595
External Standard,200.76,12.86,662.9505,0.0,0.0,0.0,44,CF2,0.007201059427529799
tentative,83.1,11.885,562.9513,93232.0,100.0,100.0,44,CF2,0.012781415454355738
tentative,80.6,11.867,562.9543,84503.0,100.0,100.0,44,CF2,0.009781224042058057
tentative,143.76,11.874,562.9546,94828.0,100.0,100.0,44,CF2,0.009481204900794182
tentative,205.11,11.877,562.9564,39569.0,100.0,100.0,44,CF2,0.007681090053551998
External Standard,182.86,11.77,562.9568,0.0,0.0,0.0,44,CF2,0.007281064531866832
tentative,197.16,11.874,562.957,21428.0,100.0,100.0,44,CF2,0.007081051771137936
tentative,163.02,11.8945,562.9584,30402.0,100.0,100.0,44,CF2,0.00568096244546723
tentative,190.8125,11.78125,562.95845,15278.0,100.0,100.0,44,CF2,0.005630959255199741
tentative,120.98,11.861,562.961,80116.0,100.0,100.0,44,CF2,0.0030807965548547145
tentative,206.53,11.88,562.9618,79664.0,100.0,100.0,44,CF2,0.0022807455114843833
tentative,218.58,13.756,762.9445,2173.0,100.0,100.0,44,CF2,0.0068210351820425785
tentative,164.61,11.87,474.9638,36116.0,100.0,100.0,45,CF2,0.005895376125010898
unmatched,156.93,12.874,474.9692,70288.0,100.0,100.0,45,CF2,0.0004950315830001273
unmatched,148.015,12.87,474.9711,78217.0,100.0,100.0,45,CF2,-0.0014050896447201922
unmatched,140.0,12.876,474.9728,62938.0,100.0,100.0,45,CF2,-0.0031051981116547722
unmatched,165.89,13.7,524.9619,95658.0,100.0,100.0,45,CF2,0.004605293817689926
unmatched,156.04500000000002,13.5735,524.9691499999999,12716.0,100.0,100.0,45,CF2,-0.0026451687616599884
unmatched,165.51333333333335,13.627333333333333,524.9695666666667,5808.0,100.0,100.0,45,CF2,-0.0030618620135101082
unmatched,147.475,13.5595,524.9702,65172.0,100.0,100.0,45,CF2,-0.0036952357560267046
unmatched,187.23,11.942,574.9615,81603.0,100.0,100.0,45,CF2,0.0018151158043338
tentative,186.94,11.98,578.9296,80609.0,100.0,100.0,46,CF2,0.03346193487141136
unmatched,200.62,13.027,678.9222,38185.0,100.0,100.0,46,CF2,0.034481999951594844
unmatched,204.39,13.445,728.9203,29215.0,100.0,100.0,46,CF2,0.033191917644330715
tentative,194.31,12.54,628.9254,26112.0,100.0,100.0,46,CF2,0.03447199931360956
External Standard,168.64,7.99,478.9331,0.0,0.0,0.0,46,CF2,0.03634211862714665
tentative,178.95,11.343,528.9301,85540.0,100.0,100.0,46,CF2,0.03615210650434619
tentative,163.94,6.217,538.961,12299.0,100.0,100.0,47,CF2,0.004612094251569943
tentative,157.39,4.78,488.9589,68437.0,100.0,100.0,47,CF2,0.009902431775117293
tentative,157.3,4.767,488.9644,56576.0,100.0,100.0,47,CF2,0.004402080852742074
tentative,177.065,8.354,638.952,92723.0,100.0,100.0,47,CF2,0.007232261418266717
tentative,170.41,7.361,588.9562,13021.0,100.0,100.0,47,CF2,0.006222196976182204
unmatched,206.78,10.976,598.9558,47766.0,100.0,100.0,48,CF2,0.005984181790836374
unmatched,161.505,12.2785,548.96155,49664.0,100.0,100.0,48,CF2,0.0034240184523923745
unmatched,166.48,12.477,498.9702,82815.0,100.0,100.0,48,CF2,-0.002036329917814328
unmatched,188.89,11.208,552.953,14336.0,100.0,100.0,49,CF2,0.011719347694452154
unmatched,184.88,10.423,502.9559,7674.0,100.0,100.0,49,CF2,0.012009366197560212
unmatched,193.45,11.21,552.9534,11449.0,100.0,100.0,49,CF2,0.011319322172766988
unmatched,180.07,10.421,502.9565,10705.0,100.0,100.0,49,CF2,0.011409327915089307
unmatched,217.1,12.948,702.944,17056.0,100.0,100.0,49,CF2,0.011149311326107636
unmatched,199.52,11.878,602.94935,9048.0,100.0,100.0,49,CF2,0.012179377044276407
tentative,208.06,12.462,652.9476,49230.0,100.0,100.0,49,CF2,0.010739285166437185
unmatched,209.16,11.88,660.9531,5389.0,100.0,100.0,50,CF2,0.004728501678414432
unmatched,192.24,10.423,560.9622,86952.0,100.0,100.0,50,CF2,0.0020083281312963663
unmatched,218.14,12.454,710.9503,48816.0,100.0,100.0,50,CF2,0.004338476794828239
unmatched,225.96,12.948,760.9471,14762.0,100.0,100.0,50,CF2,0.004348477432927211
unmatched,200.36,11.211,610.957,46020.0,100.0,100.0,50,CF2,0.004018456377480106
unmatched,179.5,11.205,510.9601,88006.0,100.0,100.0,50,CF2,0.007298665654843717
unmatched,209.33,7.831,610.9585,75842.0,100.0,100.0,50,CF2,0.002518360671388109
unmatched,209.305,11.067,610.9607,30520.0,100.0,100.0,50,CF2,0.00031822030246075883
unmatched,208.85,12.007,610.9609,88107.0,100.0,100.0,50,CF2,0.00011820754161817604
unmatched,208.94,9.06,610.9616000000001,39903.0,100.0,100.0,50,CF2,-0.0005818371213308637
unmatched,209.27,9.989,610.9606,37376.0,100.0,100.0,50,CF2,0.0004182266828820502
unmatched,210.34,9.157,568.9788,79710.0,100.0,100.0,51,CF2,-0.015103163581784429
unmatched,210.72,10.587,568.9767,75871.0,100.0,100.0,51,CF2,-0.013003029593392057
unmatched,41.37,11.866,518.977,86820.0,100.0,100.0,51,CF2,-0.010112845199500953
unmatched,214.06,12.944,618.9698,80672.0,100.0,100.0,51,CF2,-0.00929279288016005
unmatched,201.21,12.946,620.0767,55552.0,100.0,100.0,52,CF2,-0.11626341760597825
unmatched,188.58,13.37,670.0706,69566.0,100.0,100.0,52,CF2,-0.11335323193623026
unmatched,183.24,11.876,520.0889,80145.0,100.0,100.0,52,CF2,-0.1220837889457016
unmatched,172.34,12.449,570.0852,61424.0,100.0,100.0,52,CF2,-0.12157375640560986
unmatched,197.06,11.876,620.9156,18703.0,100.0,100.0,53,CF2,0.04478305715895203
tentative,179.49,10.411,520.9272,72307.0,100.0,100.0,53,CF2,0.03956272410187012
tentative,188.62,11.211,570.9234,82560.0,100.0,100.0,53,CF2,0.040172763022269464
unmatched,163.95,11.884,521.0884,54865.0,100.0,100.0,54,CF2,-0.12164756111440056
unmatched,180.03,12.946,621.0866,77132.0,100.0,100.0,54,CF2,-0.12622785333701358
unmatched,209.5,1.723,571.0866,93267.0,100.0,100.0,54,CF2,-0.12303764980208598
unmatched,220.58142857142855,14.181571428571427,976.9461,71321.0,100.0,100.0,55,CF2,-0.008433138034206422
unmatched,232.21,13.915,976.9472,3176.0,100.0,100.0,55,CF2,-0.009533208218613254
unmatched,211.77,12.801,826.9566,5321.0,100.0,100.0,55,CF2,-0.009363197371953902
tentative,187.63,12.063,726.9608,42879.0,100.0,100.0,55,CF2,-0.00718305827911081
tentative,197.34,11.834,726.9612,32469.0,100.0,100.0,55,CF2,-0.007583083800682289
tentative,189.1966666666667,14.324333333333334,726.9617666666667,75478.0,100.0,100.0,55,CF2,-0.008149786623107502
tentative,221.94,11.88,726.962,13139.0,100.0,100.0,55,CF2,-0.00838313484405262
unmatched,201.385,13.1805,826.957225,93829.0,100.0,100.0,55,CF2,-0.009988237249558551
tentative,189.43,12.678,726.96335,65637.0,100.0,100.0,55,CF2,-0.009733220979455837
tentative,189.24,15.5285,726.9635499999999,37471.0,100.0,100.0,55,CF2,-0.00993323374029842
unmatched,230.085,14.753,1026.943,41410.0,100.0,100.0,55,CF2,-0.008523143776528741
unmatched,238.57,14.22,1026.9432,4056.0,100.0,100.0,55,CF2,-0.008723156537371324
unmatched,181.96,15.244,676.9616,95008.0,100.0,100.0,55,CF2,-0.004792905787326163
unmatched,183.41333333333333,12.272,676.9654333333333,68456.0,100.0,100.0,55,CF2,-0.008626483702983023
tentative,176.66,11.5,626.9694,48273.0,100.0,100.0,55,CF2,-0.009403199924122418
unmatched,198.7,11.814,626.9753,81413.0,100.0,100.0,55,CF2,-0.015303576368182803
unmatched,218.59,13.206,876.9536,3651.0,100.0,100.0,55,CF2,-0.009553209494811199
unmatched,208.19,13.579666666666668,876.9548833333333,31453.0,100.0,100.0,55,CF2,-0.010836624710009346
unmatched,236.9,14.968,1076.9416,37130.0,100.0,100.0,55,CF2,-0.010313257985899327
External Standard,188.22,11.08,526.9705,0.0,0.0,0.0,55,CF2,-0.004122863038674041
tentative,176.02,9.723,576.9729,68201.0,100.0,100.0,55,CF2,-0.009713219703371578
unmatched,204.53500000000005,12.3455,776.9565,74408.0,100.0,100.0,55,CF2,-0.006072987456605006
unmatched,195.7633333333333,15.752333333333333,776.9583333333334,62088.0,100.0,100.0,55,CF2,-0.007906437764063412
unmatched,195.98,13.1325,776.9608,2912.0,100.0,100.0,55,CF2,-0.010373261814038415
unmatched,193.85,12.477,776.9611,42806.0,100.0,100.0,55,CF2,-0.010673280955302289
unmatched,225.44,13.6575,926.94785,94052.0,100.0,100.0,55,CF2,-0.0069930461563672
unmatched,214.9157142857143,13.967285714285714,926.9494142857142,90066.0,100.0,100.0,55,CF2,-0.008557431678354988
unmatched,196.49,11.201,528.9688,86227.0,100.0,100.0,56,CF2,-0.0025503627131229223
unmatched,140.94,11.1845,528.9689,87171.0,100.0,100.0,56,CF2,-0.0026503690935442137
tentative,178.48,11.82,578.9673,36795.0,100.0,100.0,56,CF2,-0.004240470542072217
unmatched,210.97,13.912,828.9551,94703.0,100.0,100.0,56,CF2,-0.007990709807359053
unmatched,185.41,12.809,678.9618,79722.0,100.0,100.0,56,CF2,-0.005120526689665894
unmatched,197.32,12.81,678.9625,46955.0,100.0,100.0,56,CF2,-0.00582057135238756
unmatched,200.57,13.572,778.9562,93167.0,100.0,100.0,56,CF2,-0.005900576456724593
unmatched,192.58,12.8,678.9649,65049.0,100.0,100.0,56,CF2,-0.008220724482157493
unmatched,194.55,13.207,728.9592,85339.0,100.0,100.0,56,CF2,-0.005710564333980983
unmatched,203.005,13.215,728.9603500000001,30932.0,100.0,100.0,56,CF2,-0.006860637708768991
unmatched,214.22,13.579,778.9548,41036.0,100.0,100.0,56,CF2,-0.004500487131053887
unmatched,209.73,13.586,778.9552,55148.0,100.0,100.0,56,CF2,-0.004900512652739053
unmatched,185.45,12.349,628.964,30677.0,100.0,100.0,56,CF2,-0.0041304635236656395
unmatched,204.85,15.2,781.9567,60056.0,100.0,100.0,57,CF2,-0.006592020570906243
unmatched,177.14,13.065,631.9658666666667,37845.0,100.0,100.0,57,CF2,-0.006188661503301773
unmatched,177.65,15.618,631.9728,88648.0,100.0,100.0,57,CF2,-0.01312243721156392
unmatched,171.08,11.825,581.9678,15906.0,100.0,100.0,57,CF2,-0.004931914656140179
unmatched,226.54,13.913,831.9523,40416.0,100.0,100.0,57,CF2,-0.005381943367979147
unmatched,206.52142857142857,14.092857142857142,781.9549428571429,33637.0,100.0,100.0,57,CF2,-0.00483476560100371
unmatched,207.74,13.214,731.9579,20010.0,100.0,100.0,57,CF2,-0.004601893600806761
unmatched,165.69,11.221,531.9709,54352.0,100.0,100.0,57,CF2,-0.004841908913817861
unmatched,188.12,13.036,681.9658,67830.0,100.0,100.0,57,CF2,-0.009312194117910622
unmatched,202.54,12.651,590.9877,61411.0,100.0,100.0,58,CF2,-0.02540742099347426
unmatched,211.03,13.152,640.9849,17932.0,100.0,100.0,58,CF2,-0.025797445877060454
unmatched,193.15,12.073,540.9939,45034.0,100.0,100.0,58,CF2,-0.02841761304375723
tentative,207.03,13.84,792.9423,78397.0,100.0,100.0,59,CF2,0.0071070534299906285
tentative,210.4325,13.8205,792.9531999999999,9347.0,100.0,100.0,59,CF2,-0.003793642034338518
tentative,167.41,11.656,542.9663,49533.0,100.0,100.0,59,CF2,-0.000943460192843304
tentative,162.25,11.505,542.9703,92284.0,100.0,100.0,59,CF2,-0.004943715409012839
tentative,238.76,14.724,942.9381,83643.0,100.0,100.0,59,CF2,0.0017367108022199318
tentative,214.83,12.804,842.9416,80147.0,100.0,100.0,59,CF2,0.004616894557898377
tentative,197.46,14.167,842.9424,72309.0,100.0,100.0,59,CF2,0.0038168435145280455
tentative,220.615,14.1585,842.94745,82805.0,100.0,100.0,59,CF2,-0.0012334786960082056
tentative,214.82,14.162,842.9513,30549.0,100.0,100.0,59,CF2,-0.005083724341602647
tentative,203.66000000000005,13.434,742.956375,34418.0,100.0,100.0,59,CF2,-0.0037786410772469026
tentative,180.47,12.64,642.9611,45669.0,100.0,100.0,59,CF2,-0.0021235354815871688
tentative,169.68,12.1445,592.9645,34808.0,100.0,100.0,59,CF2,-0.0023335488804150373
tentative,175.965,12.2275,592.96455,48673.0,100.0,100.0,59,CF2,-0.0023835520706825264
tentative,221.63,14.441,892.946,49049.0,100.0,100.0,59,CF2,-0.002973589715111302
tentative,230.555,14.4345,892.94775,17549.0,100.0,100.0,59,CF2,-0.0047237013721996846
tentative,205.58,14.448,892.9485,43562.0,100.0,100.0,59,CF2,-0.00547374922518884
tentative,195.16333333333333,13.061333333333332,692.9597666666667,23980.0,100.0,100.0,59,CF2,-0.003980320611162824
tentative,189.03,13.074,692.96,75003.0,100.0,100.0,59,CF2,-0.004213668832107942
tentative,222.965,10.976,692.96105,94088.0,100.0,100.0,59,CF2,-0.005263735826360971
tentative,222.19,9.546,692.9617,63320.0,100.0,100.0,59,CF2,-0.005913777298928835
tentative,181.04,12.063,592.9628,31692.0,100.0,100.0,59,CF2,-0.0006334404134804572
tentative,186.94,12.66875,642.96285,12785.0,100.0,100.0,59,CF2,-0.003873647138675551
tentative,175.65,12.576,642.9631,50360.0,100.0,100.0,59,CF2,-0.004123663089785623
unmatched,194.28,11.211,596.9427,31041.0,100.0,100.0,60,CF2,0.01921262576559002
unmatched,175.13,12.251,596.947,34647.0,100.0,100.0,60,CF2,0.014912351408042923
unmatched,202.93,11.878,646.9411,5532.0,100.0,100.0,60,CF2,0.017622524317062016
unmatched,237.01,14.454,746.9411,68305.0,100.0,100.0,60,CF2,0.01124211724709312
unmatched,211.7,12.449,696.9447,78776.0,100.0,100.0,60,CF2,0.010832091087422668
unmatched,185.41,10.423,546.9473,28105.0,100.0,100.0,60,CF2,0.017802535801706654
unmatched,166.73,11.859,546.9475,74422.0,100.0,100.0,60,CF2,0.017602523040977758
unmatched,208.62,12.044,712.9613,94451.0,100.0,100.0,61,CF2,-0.006789833191419348
unmatched,194.355,13.074749999999998,712.963825,65207.0,100.0,100.0,61,CF2,-0.009314994296687473
unmatched,191.65,15.946,712.9645,66516.0,100.0,100.0,61,CF2,-0.009990037364445925
unmatched,191.21,14.95,712.9708,95611.0,100.0,100.0,61,CF2,-0.01629043933007779
unmatched,233.35,14.7365,962.94765,31062.0,100.0,100.0,61,CF2,-0.009089979940654302
unmatched,209.0133333333333,13.838,812.9567333333333,62122.0,100.0,100.0,61,CF2,-0.008603282222679809
unmatched,174.4375,12.1245,612.97055,14520.0,100.0,100.0,61,CF2,-0.00966001630899882
unmatched,181.87,12.15375,612.971625,11097.0,100.0,100.0,61,CF2,-0.010735084898442437
unmatched,182.97,14.864,662.9625,50906.0,100.0,100.0,61,CF2,-0.004799706221206179
unmatched,182.33,13.363,662.9661,92662.0,100.0,100.0,61,CF2,-0.008399935915917922
unmatched,182.735,12.641,662.96625,18615.0,100.0,100.0,61,CF2,-0.008549945486493016
unmatched,182.7,15.329666666666668,662.9668666666668,52857.0,100.0,100.0,61,CF2,-0.009166651499185718
unmatched,190.21,12.721,662.9679,5021.0,100.0,100.0,61,CF2,-0.010200050763273794
unmatched,182.23,12.706,662.9752,80434.0,100.0,100.0,61,CF2,-0.017500516532891197
unmatched,63.38,11.869,562.9686,93971.0,100.0,100.0,61,CF2,-0.00451968835614025
unmatched,117.81,11.89,562.9691,89640.0,100.0,100.0,61,CF2,-0.00501972025813302
unmatched,165.75,11.487,562.971,74149.0,100.0,100.0,61,CF2,-0.006919841485910183
unmatched,176.72,11.483,562.9725,84304.0,100.0,100.0,61,CF2,-0.00841993719200218
unmatched,171.42,11.498,562.9749,74092.0,100.0,100.0,61,CF2,-0.010820090321772113
unmatched,210.96,11.854,562.9752,92151.0,100.0,100.0,61,CF2,-0.0111201094629223
unmatched,215.47,11.863,562.9768,83705.0,100.0,100.0,61,CF2,-0.012720211549549276
unmatched,240.17,14.961,1012.9457,87734.0,100.0,100.0,61,CF2,-0.010330059057764629
unmatched,218.24,14.273333333333332,862.9544,70761.0,100.0,100.0,61,CF2,-0.009460003548156237
unmatched,200.85333333333327,13.454,762.9608333333332,87761.0,100.0,100.0,61,CF2,-0.00951334028434303
unmatched,219.465,12.332,762.962,81907.0,100.0,100.0,61,CF2,-0.010680081389182305
unmatched,226.285,14.488499999999998,912.95125,3153.0,100.0,100.0,61,CF2,-0.009500006100324754
External Standard,188.12,10.31,598.9333,0.0,0.0,0.0,62,CF2,0.02848561738233002
tentative,193.72,10.417,598.9378,65939.0,100.0,100.0,62,CF2,0.023985330264054028
unmatched,202.45,11.209,648.9346,70892.0,100.0,100.0,62,CF2,0.023995330902039314
unmatched,228.04,12.946,798.9266,24167.0,100.0,100.0,62,CF2,0.022425230729709256
unmatched,236.62,14.441,748.9342,77204.0,100.0,100.0,62,CF2,0.018014949353755583
unmatched,211.05,11.879,698.9308,8189.0,100.0,100.0,62,CF2,0.024605369822552348
unmatched,191.55,12.81,700.9648,6610.0,100.0,100.0,63,CF2,-0.009524407657181655
unmatched,210.5,13.9675,850.9563499999999,3965.0,100.0,100.0,63,CF2,-0.010644479117672745
unmatched,219.63,13.916,850.9562,10496.0,100.0,100.0,63,CF2,-0.010494469547097651
unmatched,184.09,12.3645,650.9674,77231.0,100.0,100.0,63,CF2,-0.008934370012866566
unmatched,176.83,11.834,600.9699,28550.0,100.0,100.0,63,CF2,-0.008244325988016499
unmatched,217.315,14.2715,900.9528,4367.0,100.0,100.0,63,CF2,-0.01028445614838347
unmatched,202.06,13.215,750.9613,9734.0,100.0,100.0,63,CF2,-0.009214387878046182
unmatched,204.205,13.6345,800.9596,4233.0,100.0,100.0,63,CF2,-0.010704482946039207
unmatched,211.09,13.583,800.9566,9321.0,100.0,100.0,63,CF2,-0.007704291533741525
unmatched,236.16,14.511,950.9473,20214.0,100.0,100.0,63,CF2,-0.007974308760935855
unmatched,228.185,14.2375,900.9518,68638.0,100.0,100.0,63,CF2,-0.009284392344284242
unmatched,197.36,13.216,750.9602,4606.0,100.0,100.0,63,CF2,-0.008114317693411977
unmatched,224.6,14.571,950.9458,71425.0,100.0,100.0,63,CF2,-0.006474213054730171
unmatched,231.07,14.803,1000.9457,27752.0,100.0,100.0,63,CF2,-0.009564410209350171
unmatched,213.16,12.062,622.9921,91673.0,100.0,100.0,64,CF2,-0.03184943199380541
unmatched,230.33,13.153,722.9904,59896.0,100.0,100.0,64,CF2,-0.03652973059683973
unmatched,200.59,13.407,772.9898,94458.0,100.0,100.0,64,CF2,-0.03911989584935327
unmatched,188.15,12.53,672.9898,86539.0,100.0,100.0,64,CF2,-0.032739488779384374
unmatched,194.9,12.694,674.9502,59970.0,100.0,100.0,65,CF2,0.006735429720379216
unmatched,199.08,11.803,624.9511,74896.0,100.0,100.0,65,CF2,0.009025575831742572
unmatched,197.51,13.139,724.9414,67055.0,100.0,100.0,65,CF2,0.012345787661161012
unmatched,189.71,15.204,680.942,38872.0,100.0,100.0,66,CF2,0.01455312848952417
unmatched,186.09,13.946,680.9433,93139.0,100.0,100.0,66,CF2,0.013253045544274755
unmatched,215.06,12.954,730.9345,73105.0,100.0,100.0,66,CF2,0.018863403485170238
unmatched,183.39,15.652,630.9441,30327.0,100.0,100.0,66,CF2,0.015643198035945716
unmatched,198.31,11.879,630.9445,8414.0,100.0,100.0,66,CF2,0.015243172514487924
unmatched,221.28,13.214,816.9345,19918.0,100.0,100.0,67,CF2,0.013376253404999261
unmatched,222.55,13.927,916.9258,50131.0,100.0,100.0,67,CF2,0.01569640143043216
unmatched,222.18,13.926,916.9355,91967.0,100.0,100.0,67,CF2,0.005995782530817451
unmatched,215.11,13.582,866.9298,29652.0,100.0,100.0,67,CF2,0.014886349749076544
tentative,200.94,11.865,666.9429,45583.0,100.0,100.0,67,CF2,0.01454632805575784
tentative,186.32,11.831,666.9432,39360.0,100.0,100.0,67,CF2,0.014246308914493966
unmatched,229.64,14.23,966.928,86685.0,100.0,100.0,67,CF2,0.010306057526463519
unmatched,207.5,12.349,716.9398,35082.0,100.0,100.0,67,CF2,0.014456322313321834
unmatched,193.03,12.349,716.9413,24528.0,100.0,100.0,67,CF2,0.012956226607343524
unmatched,200.3,12.805,766.9366,10694.0,100.0,100.0,67,CF2,0.014466322951420807
unmatched,214.58,12.805,766.9369,17275.0,100.0,100.0,67,CF2,0.014166303810156933
unmatched,207.42,13.211,816.9331,9872.0,100.0,100.0,67,CF2,0.014776342730669967
unmatched,246.17,13.923,956.9392,63655.0,100.0,100.0,68,CF2,-0.0002566163722121928
unmatched,221.69,14.44,956.941,24921.0,100.0,100.0,68,CF2,-0.0020567312194543774
unmatched,207.2,13.8515,856.9474,22023.0,100.0,100.0,68,CF2,-0.0020767324955386357
unmatched,233.5,13.211,856.9479,12485.0,100.0,100.0,68,CF2,-0.002576764397531406
unmatched,188.02,12.703,706.9586,61394.0,100.0,100.0,68,CF2,-0.003706836496235155
unmatched,214.185,11.845,706.9586999999999,75609.0,100.0,100.0,68,CF2,-0.0038068428765427598
unmatched,215.195,14.143,906.94325,84483.0,100.0,100.0,68,CF2,-0.001116671243721612
unmatched,221.04,12.348,756.9534,31214.0,100.0,100.0,68,CF2,-0.0016967082499377284
unmatched,239.46,13.583,906.9464,54202.0,100.0,100.0,68,CF2,-0.0042668722264807
unmatched,227.33,12.804,806.9524,18419.0,100.0,100.0,68,CF2,-0.003886847980879793
unmatched,201.11,13.496,806.9530500000001,34569.0,100.0,100.0,68,CF2,-0.00453688945367503
unmatched,229.39,14.717,1006.9412,52604.0,100.0,100.0,68,CF2,-0.005446947515224565
unmatched,247.91,13.613499999999998,1138.9228,5699.0,100.0,100.0,69,CF2,0.0045320891472329095
unmatched,219.375,12.1725,938.9344,3562.0,100.0,100.0,69,CF2,0.005692163160006203
unmatched,239.07,12.077,938.9349,74499.0,100.0,100.0,69,CF2,0.005192131258013433
unmatched,253.97,12.885,1038.9232,59987.0,100.0,100.0,69,CF2,0.010512470695630327
unmatched,233.675,12.972,1038.92745,1887.0,100.0,100.0,69,CF2,0.006262199528464407
unmatched,246.28,12.497,988.9299,65016.0,100.0,100.0,69,CF2,0.00700224674335459
unmatched,226.485,12.587,988.9315,2307.0,100.0,100.0,69,CF2,0.005402144656841301
unmatched,204.81,11.121,838.9413,14051.0,100.0,100.0,69,CF2,0.005172129981929174
unmatched,240.81,13.305,1088.92465,2905.0,100.0,100.0,69,CF2,0.005872174644764527
unmatched,197.84,10.549,788.9452,32451.0,100.0,100.0,69,CF2,0.004462084680994849
tentative,211.99666666666667,11.967333333333334,888.9348333333332,83165.0,100.0,100.0,69,CF2,0.008449005713259794
unmatched,191.025,9.924,738.9474,37425.0,100.0,100.0,69,CF2,0.0054521478469951035
unmatched,244.42,14.511,1104.9596,74961.0,100.0,100.0,70,CF2,-0.030100920438599132
unmatched,209.01,12.787,854.971,16690.0,100.0,100.0,70,CF2,-0.02555063013016934
unmatched,202.23,12.344,804.9733,27587.0,100.0,100.0,70,CF2,-0.024660573344590375
unmatched,195.51,11.837,754.9772,35116.0,100.0,100.0,70,CF2,-0.0253706186455247
unmatched,215.93,13.187,904.969,10554.0,100.0,100.0,70,CF2,-0.026740706057125863
unmatched,223.22,13.544,954.9648,9482.0,100.0,100.0,70,CF2,-0.025730641614927663
unmatched,237.305,14.23,1054.9573,92343.0,100.0,100.0,70,CF2,-0.024610570154436573
unmatched,230.19,13.879,1004.9637,10744.0,100.0,100.0,70,CF2,-0.027820774965448436
unmatched,201.78,13.53,774.9462,30164.0,100.0,100.0,71,CF2,0.004355277866693541
unmatched,205.7,13.889,824.9424,14480.0,100.0,100.0,71,CF2,0.004965316787206575
unmatched,230.83,13.258,1024.9278,49277.0,100.0,100.0,71,CF2,0.00680543418684465
unmatched,210.66,14.212,874.9384,14308.0,100.0,100.0,71,CF2,0.005775368468448505
unmatched,216.815,14.4945,924.93295,76566.0,100.0,100.0,71,CF2,0.008035512665742317
unmatched,222.87,14.762,974.9308,27143.0,100.0,100.0,71,CF2,0.006995446309474573
unmatched,253.96,12.92,930.9571,93821.0,100.0,100.0,72,CF2,-0.01649885262679618
unmatched,151.33,13.232,980.9524,81253.0,100.0,100.0,72,CF2,-0.014988756282718896
unmatched,211.41,15.194,830.9691,90577.0,100.0,100.0,72,CF2,-0.022119211205676947
unmatched,202.93,15.309,780.9676,89954.0,100.0,100.0,72,CF2,-0.01742891196454366
unmatched,229.18,15.59,880.9562,71074.0,100.0,100.0,72,CF2,-0.012408591668076951
unmatched,220.94,15.557,880.9652,94146.0,100.0,100.0,72,CF2,-0.021409165904742622
tentative,214.6,13.818,888.9712,65830.0,100.0,100.0,73,CF2,-0.027919981294758145
tentative,201.43,13.049,788.9772,91751.0,100.0,100.0,73,CF2,-0.027539957049270924
likely,232.34,13.293,788.9759,11725.0,100.0,100.0,73,CF2,-0.02623987410402151
unmatched,207.68,13.447,838.9756,66654.0,100.0,100.0,73,CF2,-0.02913005849768524
External Standard,233.93,13.39,788.9751,0.0,0.0,0.0,73,CF2,-0.025439823060764866
unmatched,203.63,15.646,845.9509,30981.0,100.0,100.0,74,CF2,-0.004875111032106361
unmatched,203.72333333333336,14.27777777777778,845.9516,23859.0,100.0,100.0,74,CF2,-0.005575155694941714
unmatched,196.89,13.598666666666666,795.9525,34077.0,100.0,100.0,74,CF2,-0.0032850095835783577
unmatched,197.00111111111107,14.907444444444444,795.9530777777777,43968.0,100.0,100.0,74,CF2,-0.0038628242258482715
unmatched,210.44454545454545,14.793454545454546,895.9470909,33135.0,100.0,100.0,74,CF2,-0.004255971531051728
unmatched,210.84,13.916,896.078,62273.0,100.0,100.0,75,CF2,-0.13517342406441912
unmatched,217.27,14.223,946.0806,62939.0,100.0,100.0,75,CF2,-0.14096379349007293
unmatched,224.11,14.509,996.084,76272.0,100.0,100.0,75,CF2,-0.147554213958756
unmatched,229.07,12.692,1020.938,19439.0,100.0,100.0,76,CF2,-0.003140000331995907
unmatched,242.81,13.407,1120.9329,70425.0,100.0,100.0,76,CF2,-0.004420082001161063
unmatched,235.5,13.0625,1070.93495,32194.0,100.0,100.0,76,CF2,-0.0032800092646994017
unmatched,214.99,11.853,920.9454,58414.0,100.0,100.0,76,CF2,-0.004160065412179392
unmatched,222.2,12.288,970.939,22225.0,100.0,100.0,76,CF2,-0.0009498606010538424
unmatched,156.13,12.871,931.9404,75878.0,100.0,100.0,77,CF2,0.00013840883048032993
unmatched,138.25,12.879,931.9417,88564.0,100.0,100.0,77,CF2,-0.0011616741147690846
unmatched,146.83,12.898,931.9432,72025.0,100.0,100.0,77,CF2,-0.0026617698209747687
unmatched,300.86,9.529,1031.9266,62656.0,100.0,100.0,77,CF2,0.00755888225671697
unmatched,240.52,14.87,981.9385,41309.0,100.0,100.0,77,CF2,-0.0011516734767837988
unmatched,230.13,12.877,986.9492,34794.0,100.0,100.0,78,CF2,-0.012171376533842704
unmatched,223.31,12.489,936.9521,79585.0,100.0,100.0,78,CF2,-0.011881358030677802
unmatched,237.34,14.838,1036.9468,61853.0,100.0,100.0,78,CF2,-0.012961426939000376
unmatched,260.98,13.221,1146.9807,51213.0,100.0,100.0,79,CF2,-0.05388203767415689
unmatched,231.25,11.614,946.9886,85089.0,100.0,100.0,79,CF2,-0.04902172758625056
unmatched,246.57,12.496,1046.9843,33517.0,100.0,100.0,79,CF2,-0.05110186029878605
unmatched,239.08,12.093,996.9846,38074.0,100.0,100.0,79,CF2,-0.048211675904894946
unmatched,253.87,12.879,1096.9794,32328.0,100.0,100.0,79,CF2,-0.0493917511937525
unmatched,246.54,13.301,1110.90675,94561.0,100.0,100.0,80,CF2,0.022369627182115437
unmatched,253.68,13.617,1160.9025499999998,8102.0,100.0,100.0,80,CF2,0.02337969162454101
unmatched,238.77,12.884,1060.909,7033.0,100.0,100.0,80,CF2,0.02330968715796189
unmatched,224.04,12.092,960.9123,34797.0,100.0,100.0,80,CF2,0.026389883674596604
unmatched,231.32,12.498,1010.913,9483.0,100.0,100.0,80,CF2,0.02249963547671996
