,Match,Match Source,Classification Type,ID,RT,DT,CCS,m/z,Mass Error (ppm),CCS Error (%),RT Error (%),NIST SRM-1957 1.d.DeMP, NIST SRM-1957 10.d.DeMP, NIST SRM-1957 2.d.DeMP, NIST SRM-1957 3.d.DeMP, NIST SRM-1957 6.d.DeMP, NIST SRM-1957 7.d.DeMP, NIST SRM-1957 8.d.DeMP, NIST SRM-1957 9.d.DeMP
0,PFOA (M-H-CO2),PFAS Standards,likely,4708,9.53275,18.6115,139.54,368.971425,-14.03,0.03,N/A,4632.999,3408.999,4505.999,4029.999,4468.999,3914.999,2759.999,2718.999
1,PFHxS (M-H),PFAS Standards,likely,1898,8.498666667,20.06533333,149.97,398.9329,-9.27,-0.35,N/A,10092.999,9084.999,9299.999,8912.999,12496.999,11899.999,7660.999,7312.999
2,PFHxS (M-H),PFAS Standards,likely,1399,8.87,20.205,150.74,398.9314,-13.03,0.16,N/A,0,580.999,0,0,0,0,684.999,661.999
3,PFNA (M-H-CO2),PFAS Standards,likely,603,10.447,19.712,147.18,418.9687,-11.22,0.12,N/A,683.999,536.999,687.999,526.999,710.999,809.999,456.999,395.999
4,PFHpS (M-H),PFAS Standards,likely,420,9.584,21.443,159.73,448.9291,-9.58,0.33,N/A,943.999,953.999,1004.999,815.999,1019.999,1097.999,724.999,580.999
5,PFOS (M-H),PFAS Standards,likely,12,10.63766667,22.72633333,168.5333333,498.9239667,-12.49,0.14,N/A,27968.999,23108.999,28089.999,28190.999,27649.999,26700.999,17606.999,17655.999
6,"2,2,3,3-Tetrafluoro-1,4-butanediol or 2,2,3,3-Tetrafluoro-1-methoxypropan-1-ol",External Targets,tentative,2529,2.074,16.236,127.25,161.0231,-0.08,N/A,N/A,173.999,73.999,192.999,167.999,0,154.999,112.999,66.999
7,"4,4,5,5,5-Pentafluoropentane-1-thiol",External Targets,tentative,7645,4.563,16.976,131.57,193.0142,13.56,N/A,N/A,57.999,0,0,67.999,0,53.999,0,0
8,"5-(1,1,2,2,2-pentafluoroethyl)-1H-1,2,4-triazol-3-amine",External Targets,tentative,1651,3.528,18.536,143.01,201.0225,9.91,N/A,N/A,301.999,193.999,0,333.999,147.999,283.999,182.999,140.999
9,"1,1-bis(Trifluoromethyl)methoxy-2-ethanol or 2-ethoxy-1,1,1,3,3,3-hexafluoropropan-2-ol or 3,3,4,5,5,5-Hexafluoropentane-1,2-diol or Hexafluoroamylene glycol",External Targets,tentative,7185,4.573,17.356,133.85,211.022,9.86,N/A,N/A,123.999,0,80.999,0,0,0,0,0
10,"(-)-1-Perfluoropropylethanol or (2S)-3,3,4,4,5,5,5-Heptafluoropentan-2-ol or 1-Perfluoropropylethanol or 2(Perfluoro-2-propyl)ethanol or 3:2 Fluorotelomer alcohol",External Targets,tentative,6057,7.811,17.747,136.39,213.0143,-6.02,N/A,N/A,0,0,0,0,145.999,0,138.999,0
11,"(-)-1-Perfluoropropylethanol or (2S)-3,3,4,4,5,5,5-Heptafluoropentan-2-ol or 1-Perfluoropropylethanol or 2(Perfluoro-2-propyl)ethanol or 3:2 Fluorotelomer alcohol",External Targets,tentative,2313,14.651,17.78,136.615,213.0142,-6.49,N/A,N/A,0,0,0,0,0,351.999,371.999,425.999
12,"(-)-1-Perfluoropropylethanol or (2S)-3,3,4,4,5,5,5-Heptafluoropentan-2-ol or 1-Perfluoropropylethanol or 2(Perfluoro-2-propyl)ethanol or 3:2 Fluorotelomer alcohol",External Targets,tentative,1596,15.44,17.804,136.66,213.0132,-11.18,N/A,N/A,0,565.999,0,0,0,0,518.999,572.999
13,"Methyl 3-amino-4,4,5,5,5-pentafluoropent-2-enoate",External Targets,tentative,4883,7.704,17.141,131.94,218.0219,-12.33,N/A,N/A,0,0,212.999,194.999,0,0,0,0
14,"Methyl 3-amino-4,4,5,5,5-pentafluoropent-2-enoate",External Targets,tentative,1840,8.303,17.858,137.45,218.0267,9.68,N/A,N/A,1078.999,0,314.999,0,0,0,0,0
15,"4,4,5,5,6,6-Hexafluorohex-2-ynoic acid",External Targets,tentative,6826,9.555,18.534,142.45,218.9871,-6.93,N/A,N/A,58.999,0,0,0,106.999,61.999,0,0
16,"Methyl 4,4,5,5-tetrafluoro-3,3-dihydroxypentanoate",External Targets,tentative,252,13.89633333,17.41933333,133.9533333,219.0278667,-3.31,N/A,N/A,7370.999,0,7646.999,7599.999,0,0,0,3864.999
17,"Methyl 4,4,5,5-tetrafluoro-3,3-dihydroxypentanoate",External Targets,tentative,295,14.297,17.454,134.13,219.0281,-2.24,N/A,N/A,3007.999,0,0,2972.999,0,0,0,4765.999
18,"Methyl 4,4,5,5-tetrafluoro-3,3-dihydroxypentanoate",External Targets,tentative,344,14.808,17.536,134.8,219.0266,-9.09,N/A,N/A,2211.999,0,2019.999,2111.999,0,0,0,2872.999
19,"Methyl 4,4,5,5-tetrafluoro-3,3-dihydroxypentanoate",External Targets,tentative,1271,15.529,17.527,134.7633333,219.0263667,-10.16,N/A,N/A,0,0,1234.999,887.999,0,0,0,691.999
20,"Methyl 4,4,5,5-tetrafluoro-3,3-dihydroxypentanoate",External Targets,tentative,265,13.432,17.47,134.25,219.0283,-1.33,N/A,N/A,4320.999,0,0,2526.999,0,0,0,5021.999
21,"7,7,8,8,8-pentafluorooctan-1-ol",External Targets,tentative,7313,7.502,17.505,134.7,219.0819,2.39,N/A,N/A,131.999,0,0,64.999,0,0,0,0
22,"2,2,3,3-Tetrafluoro-2,3-dihydro-1,4-benzodioxin-5-amine or 2,2,3,3-Tetrafluoro-2,3-dihydro-1,4-benzodioxin-6-amine or 2,2,4,4-Tetrafluoro-2H,4H-1,3-benzodioxin-6-amine",External Targets,tentative,7805,4.658,16.75,128.55,222.0195,5.13,N/A,N/A,0,0,0,116.999,0,0,0,53.999
23,"2,2,3,3-Tetrafluoro-3-sulfopropanoic acid",External Targets,tentative,8336,6.763,17.247,132,224.9478,-3.68,N/A,N/A,0,64.999,0,0,0,0,77.999,0
24,2-Perfluoropropyl-2-propanol or 3-(Perfluoroisopropyl)propanol or 3-(Perfluoropropyl)propanol,External Targets,tentative,3910,3.98,19.113,146.53,227.0326,6.03,N/A,N/A,71.999,0,93.999,0,176.999,152.999,57.999,0
25,"2,2,3,3,3-pentafluoro-N-(3H-1,2,4-triazol-3-yl)propanamide or 2,2,3,3,3-pentafluoro-N-(4H-1,2,4-triazol-4-yl)propanamide",External Targets,tentative,6790,3.667,19.134,146.64,229.0176,9.51,N/A,N/A,0,0,66.999,111.999,0,0,49.999,0
26,"2-(2,2,3,3,4,4,4-Heptafluorobutoxy)ethan-1-ol or 3-(Perfluoro-1-propyl)-1,2-propanediol or Heptafluorobutyraldehyde ethyl hemiacetal",External Targets,tentative,851,14.76533333,17.49366667,133.5566667,243.0288667,11.19,N/A,N/A,0,460.999,0,0,0,0,188.999,0
27,"2-(2,2,3,3,4,4,4-Heptafluorobutoxy)ethan-1-ol or 3-(Perfluoro-1-propyl)-1,2-propanediol or 4-(1,1,1,3,3,3-Hexafluoropropan-2-yl)phenol or Benzenemethanol, .alpha.,.alpha.-bis(trifluoromethyl)- or Heptafluorobutyraldehyde ethyl hemiacetal",External Targets,tentative,5293,13.2705,18.3945,140.385,243.02785,7.01 or 11.71,N/A,N/A,0,174.999,0,182.999,0,162.999,0,0
28,"2-(2,2,3,3,4,4,4-Heptafluorobutoxy)ethan-1-ol or 3-(Perfluoro-1-propyl)-1,2-propanediol or 4-(1,1,1,3,3,3-Hexafluoropropan-2-yl)phenol or Benzenemethanol, .alpha.,.alpha.-bis(trifluoromethyl)- or Heptafluorobutyraldehyde ethyl hemiacetal",External Targets,tentative,5345,13.812,19.0145,145.27,243.02795,7.42 or 12.12,N/A,N/A,0,0,174.999,0,0,176.999,0,0
29,5-fluoro-2-methyl-6-(pentafluoroethyl)pyrimidin-4(1h)-one,External Targets,tentative,5051,13.366,19.0055,144.72,245.01895,14.07,N/A,N/A,0,202.999,0,0,0,0,0,182.999
30,"1,1,1,3,4,4-Hexafluoro-2-(trifluoromethyl)but-3-en-2-ol",External Targets,tentative,6720,2.671,19.286,147.44,246.9786,-10.07,N/A,N/A,0,0,106.999,127.999,0,0,0,0
31,"1,1,1,3,4,4-Hexafluoro-2-(trifluoromethyl)but-3-en-2-ol",External Targets,tentative,3774,7.361,19.32,147.37,246.9782,-11.69,N/A,N/A,203.999,0,122.999,0,0,0,132.999,116.999
32,"1,1,1,3,4,4-Hexafluoro-2-(trifluoromethyl)but-3-en-2-ol",External Targets,tentative,3668,8.047,19.298,147.53,246.9792,-7.64,N/A,N/A,198.999,0,235.999,164.999,0,0,0,0
33,"1,1,1,3,4,4-Hexafluoro-2-(trifluoromethyl)but-3-en-2-ol or 1H,1H,5H-Perfluoropentane-1-thiol",External Targets,tentative,4811,10.3495,19.336,147.545,246.97995,-13.63 or -4.61,N/A,N/A,0,0,191.999,0,0,87.999,0,136.999
34,"1,1,1,3,4,4-Hexafluoro-2-(trifluoromethyl)but-3-en-2-ol",External Targets,tentative,3255,11.338,19.333,147.63,246.9786,-10.07,N/A,N/A,203.999,0,226.999,0,0,128.999,135.999,0
35,"1,1,1,3,4,4-Hexafluoro-2-(trifluoromethyl)but-3-en-2-ol",External Targets,tentative,5426,11.9295,19.3275,147.71,246.9792,-7.64,N/A,N/A,153.999,0,189.999,0,0,0,0,0
36,"1,1,1,3,4,4-Hexafluoro-2-(trifluoromethyl)but-3-en-2-ol or 1H,1H,5H-Perfluoropentane-1-thiol",External Targets,tentative,5697,12.60466667,19.33933333,147.8066667,246.9798333,-14.1 or -5.08,N/A,N/A,201.999,0,169.999,232.999,0,0,0,0
37,"1,1,1,3,4,4-Hexafluoro-2-(trifluoromethyl)but-3-en-2-ol or 1H,1H,5H-Perfluoropentane-1-thiol",External Targets,tentative,6680,15.953,19.377,147.85,246.9815,-7.36 or 1.67,N/A,N/A,0,0,0,0,131.999,104.999,0,0
38,"4-[(2,2,3,3-Tetrafluoropropyl)sulfanyl]benzene-1,2-diamine",External Targets,tentative,6556,4.831,17.76,135.36,253.0404,-9.49,N/A,N/A,0,90.999,76.999,0,78.999,0,0,0
39,"2-{[2-(Dimethylamino)ethyl]amino}-1,1,1,3,3,3-hexafluoropropan-2-ol",External Targets,tentative,259,7.20025,20.32525,154.705,253.08185,14.81,N/A,N/A,1555.296686,1013.296686,1371.296686,1176.296686,1553.296686,1571.296686,808.2966856,830.2966856
40,"2-{[2-(Dimethylamino)ethyl]amino}-1,1,1,3,3,3-hexafluoropropan-2-ol",External Targets,tentative,7245,7.597,20.37,154.8,253.0795,5.52,N/A,N/A,0,114.999,0,0,0,0,0,85.999
41,"2-(2-aminophenyl)-1,1,1,3,3,3-hexafluoropropan-2-ol or 2-(3-Aminophenyl)-1,1,1,3,3,3-hexafluoropropan-2-ol or 2-(4-Aminophenyl)-1,1,1,3,3,3-hexafluoropropan-2-ol or 2-[(1,1,1,3,3,3-Hexafluoropropan-2-yl)amino]phenol or 4-(1,1,2,3,3,3-Hexafluoropropoxy)aniline",External Targets,tentative,7807,12.859,18.4985,141.115,258.03975,14.91,N/A,N/A,103.999,0,66.999,0,0,0,0,0
42,[(Heptafluoropropyl)sulfanyl]acetic acid,External Targets,tentative,834,2.043,18.476,140.63,258.9645,-9.34,N/A,N/A,419.999,344.999,425.999,473.999,429.999,522.999,339.999,306.999
43,"2,2,3,3,4,4,5,5-Octafluoro-1,6-hexanediamine",External Targets,tentative,1093,14.116,19.02925,144.82,259.045675,-11.65,N/A,N/A,0,0,73.15015275,12.15015275,0,0,0,0
44,"3-Amino-4,4,5,5-tetrafluoro-1-phenylpent-2-ene-1-thione",External Targets,tentative,5102,4.18,18.978,144.66,262.0319,-0.01,N/A,N/A,0,0,164.999,215.999,0,0,0,0
45,"3-Amino-4,4,5,5-tetrafluoro-1-phenylpent-2-ene-1-thione",External Targets,tentative,3492,10.111,19.32,146.93,262.0299,-7.64,N/A,N/A,0,0,0,457.999,0,0,0,175.999
46,"2(1H)-Quinoxalinone, 3-(pentafluoroethyl)-",External Targets,tentative,4710,10.954,18.626,141.65,263.0277,10.56,N/A,N/A,0,222.999,204.999,0,0,0,0,0
47,"2(1H)-Quinoxalinone, 3-(pentafluoroethyl)-",External Targets,tentative,4853,11.327,19.36,147.21,263.0271,8.27,N/A,N/A,248.999,0,0,0,0,0,0,162.999
48,1H-Pyrrol-2-yl(perfluoropropyl)methanol,External Targets,tentative,5750,12.994,18.661,141.76,264.0278,5,N/A,N/A,0,0,0,0,0,151.999,158.999,0
49,"2,4-Heptanedione, 6-hydroxy-7,7,7-trifluoro-6-trifluoromethyl- or 2,4-Pentanedione, 3-(1-hydroxy-2,2,2-trifluoro-1-(trifluoromethyl)ethyl)- or 3-[3,3,3-Trifluoro-2-hydroxy-2-(trifluoromethyl)propyl]oxolan-2-one",External Targets,tentative,4727,11.937,18.77,142.69,265.0286,-7.11,N/A,N/A,0,0,0,233.999,0,0,0,191.999
50,"2,4-Heptanedione, 6-hydroxy-7,7,7-trifluoro-6-trifluoromethyl- or 2,4-Pentanedione, 3-(1-hydroxy-2,2,2-trifluoro-1-(trifluoromethyl)ethyl)- or 3-[3,3,3-Trifluoro-2-hydroxy-2-(trifluoromethyl)propyl]oxolan-2-one",External Targets,tentative,2724,13.841,18.669,141.92,265.0292,-4.84,N/A,N/A,0,0,0,417.999,0,0,450.999,0
51,"2,4-Heptanedione, 6-hydroxy-7,7,7-trifluoro-6-trifluoromethyl- or 2,4-Pentanedione, 3-(1-hydroxy-2,2,2-trifluoro-1-(trifluoromethyl)ethyl)- or 3-[3,3,3-Trifluoro-2-hydroxy-2-(trifluoromethyl)propyl]oxolan-2-one",External Targets,tentative,1778,14.448,18.668,142.01,265.0294,-4.09,N/A,N/A,522.999,0,0,519.999,0,0,418.999,0
52,"5-(Heptafluoropropyl)-N-methyl-1,3,4-oxadiazol-2-amine",External Targets,tentative,4917,3.474,18.079,137.56,266.0176,2.33,N/A,N/A,155.999,0,0,0,125.999,120.999,0,0
53,"5-(Heptafluoropropyl)-N-methyl-1,3,4-oxadiazol-2-amine",External Targets,tentative,3095,13.709,19.268,146.3,266.0155,-5.56,N/A,N/A,0,232.999,0,0,133.999,158.999,0,210.999
54,"4-[(1,2,3,3,3-Pentafluoroprop-1-en-1-yl)oxy]benzoic acid",External Targets,tentative,7904,9.819,18.401,139.86,267.0059,-10.13,N/A,N/A,0,0,0,54.999,58.999,0,0,51.999
55,"4-[(1,2,3,3,3-Pentafluoroprop-1-en-1-yl)oxy]benzoic acid",External Targets,tentative,4325,10.169,19.23,146.29,267.0102,5.97,N/A,N/A,84.999,0,96.999,144.999,0,0,0,151.999
56,"4-[(1,2,3,3,3-Pentafluoroprop-1-en-1-yl)oxy]benzoic acid",External Targets,tentative,6342,10.496,19.269,146.42,267.0113,10.09,N/A,N/A,0,0,140.999,0,0,0,0,121.999
57,"7,8,8,8-Tetrafluoro-7-(trifluoromethyl)octan-1-ol",External Targets,tentative,1869,5.662,20.713,157.31,269.0757,-9.22,N/A,N/A,219.999,111.999,265.999,203.999,72.999,254.999,131.999,113.999
58,"3-(1,1,1,3,3,3-Hexafluoro-2-hydroxypropan-2-yl)bicyclo[2.2.1]heptan-2-one or 3-(2-Methylprop-1-en-1-yl)-2,2-bis(trifluoromethyl)cyclopropane-1-carboxylic acid",External Targets,tentative,4315,12.222,19.866,150.73,275.0533,7.57,N/A,N/A,185.999,294.999,0,0,0,0,0,0
59,2-(Perfluorobutyl)ethanethiol,External Targets,tentative,4559,10.531,18.591,140.69,278.9907,4.14,N/A,N/A,0,221.999,0,0,0,0,225.999,0
60,2-(Perfluorobutyl)ethanethiol,External Targets,tentative,4857,11.294,18.592,140.87,278.9933,13.46,N/A,N/A,0,0,0,0,178.999,0,232.999,0
61,"Bis(1H,1H-perfluoropropyl)amine",External Targets,tentative,7350,11.488,19.442,147.32,280.022,10.89,N/A,N/A,0,0,0,0,67.999,65.999,60.999,0
62,"Bis(1H,1H-perfluoropropyl)amine",External Targets,tentative,3782,13.361,19.419,147.29,280.0217,9.82,N/A,N/A,14.96045366,0,0,12.96045366,0,0,0,0
63,"1,1,2,2,3,3,4,4-Octafluorobutane-1-sulphonic acid or 1,1,2,2-Tetrafluoro-2-(1,1,2,2-tetrafluoroethoxy)ethane-1-sulfinic acid",External Targets,tentative,5495,10.678,20.252,153.39,280.9552,9.93,N/A,N/A,0,0,172.999,0,0,0,87.999,76.999
64,"(1z,6z)-2,2,3,3,4,4,5,5-octafluorohexanediimidamide",External Targets,tentative,2730,13.64366667,19.19366667,145.5466667,285.0422333,10.67,N/A,N/A,336.999,0,77.50582119,365.999,421.999,447.999,0,0
65,"(1z,6z)-2,2,3,3,4,4,5,5-octafluorohexanediimidamide or 3,3,3-Trifluoro-N-(4-methylpyridin-2-yl)-2-(trifluoromethyl)propanimidic acid",External Targets,tentative,2763,14.28575,19.195,145.4525,285.043,-13.34 or 13.36,N/A,N/A,276.999,282.999,26.42316075,0,289.999,77.42316075,0,0
66,"(1z,6z)-2,2,3,3,4,4,5,5-octafluorohexanediimidamide or 3,3,3-Trifluoro-N-(4-methylpyridin-2-yl)-2-(trifluoromethyl)propanimidic acid",External Targets,tentative,1838,14.7765,19.2,145.535,285.043,-13.34 or 13.36,N/A,N/A,276.999,282.999,26.42316075,0,289.999,77.42316075,0,0
67,"(1z,6z)-2,2,3,3,4,4,5,5-octafluorohexanediimidamide or 3,3,3-Trifluoro-N-(4-methylpyridin-2-yl)-2-(trifluoromethyl)propanimidic acid",External Targets,tentative,8858,12.591,20.548,155.84,285.0433,-12.29 or 14.41,N/A,N/A,0,0,64.999,0,0,53.999,0,0
68,"(1z,6z)-2,2,3,3,4,4,5,5-octafluorohexanediimidamide",External Targets,tentative,7647,14.125,20.556,155.34,285.0417,8.8,N/A,N/A,0,60.999,0,0,0,0,56.999,61.999
69,"3,3,3-Trifluoro-N-(4-methylpyridin-2-yl)-2-(trifluoromethyl)propanimidic acid",External Targets,tentative,3148,13.995,19.187,145.4,285.0447,-7.37,N/A,N/A,0,0,0,0,351.999,372.999,0,0
70,"3,3,3-Trifluoro-N-(4-methylpyridin-2-yl)-2-(trifluoromethyl)propanimidic acid",External Targets,tentative,5364,14.963,19.181,145.36,285.0449,-6.67,N/A,N/A,0,0,0,0,189.999,160.999,0,0
71,"2-Ethyl-4-(1,1,1,2,3,3,3-heptafluoropropan-2-yl)aniline or 4-(1,1,1,2,3,3,3-Heptafluoropropan-2-yl)-2,6-dimethylaniline",External Targets,tentative,7523,10.783,19.067,144.25,288.0663,11.92,N/A,N/A,0,0,0,0,0,119.999,65.999,0
72,N-2-Pyridinylperfluorobutanamide,External Targets,tentative,6114,10.213,19.488,147.73,289.0214,-1.14,N/A,N/A,111.999,0,0,0,167.999,0,0,0
73,B-(4-(Perfluoro-1-methylethyl)phenyl)boronic acid,External Targets,tentative,1234,13.11166667,19.22533333,145.2766667,289.0288667,4.29,N/A,N/A,0,1557.999,0,0,0,1292.999,0,1347.999
74,B-(4-(Perfluoro-1-methylethyl)phenyl)boronic acid,External Targets,tentative,6407,11.128,19.61,148.32,289.0261,-5.28,N/A,N/A,0,0,0,0,0,134.999,0,121.999
75,"N-Ethyl-2,2,3,3,4,4,5,5,5-nonafluoropentanamide or N-Ethyl-2,3,3,4,4,4-hexafluoro-2-(trifluoromethyl)butanamide",External Targets,tentative,8180,9.669666667,20.11233333,152.5866667,290.0272667,13.72,N/A,N/A,94.999,0,75.999,57.999,0,0,0,0
76,"N-Ethyl-2,2,3,3,4,4,5,5,5-nonafluoropentanamide or N-Ethyl-2,3,3,4,4,4-hexafluoro-2-(trifluoromethyl)butanamide",External Targets,tentative,8707,10.18,20.194,153.2,290.0271,13.15,N/A,N/A,69.999,0,0,56.999,0,0,0,0
77,"N-Ethyl-2,2,3,3,4,4,5,5,5-nonafluoropentanamide or N-Ethyl-2,3,3,4,4,4-hexafluoro-2-(trifluoromethyl)butanamide",External Targets,tentative,6161,10.851,20.157,152.69,290.0267,11.77,N/A,N/A,86.999,0,0,102.999,0,0,86.999,0
78,"4-(2,2,3,3,4,4,4-Heptafluorobutoxy)phenol or Methyl(3,3,4,4,5,5,6,6,6-nonafluorohexyl)silane",External Targets,tentative,4439,8.533,18.897,143.11,291.0241,-7.03 or -5.5,N/A,N/A,0,0,84.25349198,0,0,0,27.25349198,0
79,"4-(2,2,3,3,4,4,4-Heptafluorobutoxy)phenol or Methyl(3,3,4,4,5,5,6,6,6-nonafluorohexyl)silane",External Targets,tentative,4694,11.924,18.843,142.5,291.0258,-1.19 or 0.34,N/A,N/A,0,0,0,0,106.999,0,0,322.999
80,"4-(2,2,3,3,4,4,4-Heptafluorobutoxy)phenol or Methyl(3,3,4,4,5,5,6,6,6-nonafluorohexyl)silane",External Targets,tentative,3785,12.429,18.892,143.01,291.0245,-5.66 or -4.12,N/A,N/A,0,0,0,101.999,0,93.999,0,379.999
81,3-(Nonafluoro-1-butyl)-5-(methyl)pyrazole,External Targets,tentative,2796,10.666,21.795,164.78,299.0239,0.93,N/A,N/A,206.999,74.999,216.999,145.999,0,140.999,52.999,0
82,3-(Nonafluoro-1-butyl)-5-(methyl)pyrazole,External Targets,tentative,7764,14.29775,21.832,164.91,299.0232,-1.41,N/A,N/A,283.999,174.999,268.999,272.999,201.999,188.999,143.999,156.999
83,3-(Nonafluoro-1-butyl)-5-(methyl)pyrazole,External Targets,tentative,2116,14.34033333,21.78366667,164.87,299.0256667,6.84,N/A,N/A,236.999,0,262.999,271.999,211.999,195.999,0,0
84,"1H-Pyrrole, 2-(4-chloro-1,1,2,2,3,3,4,4-octafluorobutyl)-",External Targets,tentative,7720,8.441,17.489,132.5,299.9834,0.76,N/A,N/A,0,0,113.999,60.999,0,0,0,0
85,"2,2,3,3-Tetrafluoropropyl 4-(2H-tetrazol-5-yl)benzoate",External Targets,tentative,4265,4.841,19.263,145.64,303.0536,8.39,N/A,N/A,0,0,143.999,100.999,0,122.999,121.999,0
86,"2-(1,1,1,3,3,3-Hexafluoro-2-hydroxypropan-2-yl)naphthalen-1-ol",External Targets,tentative,8352,9.535,20.167,152.58,309.0364,2.69,N/A,N/A,82.999,0,59.999,0,0,0,0,0
87,"2-(1,1,1,3,3,3-Hexafluoro-2-hydroxypropan-2-yl)naphthalen-1-ol",External Targets,tentative,5636,11.506,20.149,152.42,309.0335,-6.69,N/A,N/A,26.96045366,0,0,12.96045366,0,0,0,0
88,"2-(1,1,1,3,3,3-Hexafluoro-2-hydroxypropan-2-yl)naphthalen-1-ol",External Targets,tentative,5784,12.312,20.252,152.96,309.036,1.4,N/A,N/A,0,0,84.999,0,0,89.999,72.999,81.999
89,"2-(1,1,1,3,3,3-Hexafluoro-2-hydroxypropan-2-yl)naphthalen-1-ol",External Targets,tentative,4041,13.127,20.272,153.17,309.0371,4.96,N/A,N/A,119.999,55.999,130.999,107.999,112.999,0,0,0
90,"2-(1,1,1,3,3,3-Hexafluoro-2-hydroxypropan-2-yl)naphthalen-1-ol",External Targets,tentative,5381,10.401,20.762,156.34,309.0371,4.96,N/A,N/A,0,136.999,0,0,0,0,104.999,106.999
91,"2-(1,1,1,3,3,3-Hexafluoro-2-hydroxypropan-2-yl)naphthalen-1-ol",External Targets,tentative,4288,14.067,20.699,156.42,309.036,1.4,N/A,N/A,233.999,0,56.999,82.999,0,0,111.999,0
92,"2-(1,1,1,3,3,3-Hexafluoro-2-hydroxypropan-2-yl)naphthalen-1-ol",External Targets,tentative,7315,10.136,20.193,152.55,309.0386,9.81,N/A,N/A,67.999,0,0,76.999,0,0,0,51.999
93,"2-(1,1,1,3,3,3-Hexafluoro-2-hydroxypropan-2-yl)naphthalen-1-ol",External Targets,tentative,467,10.124,20.86,157.45,309.0384,9.16,N/A,N/A,1069.999,521.999,999.999,1062.999,711.999,739.999,743.999,632.999
94,"2-(1,1,1,3,3,3-Hexafluoro-2-hydroxypropan-2-yl)naphthalen-1-ol",External Targets,tentative,4237,15.106,20.867,157.75,309.0389,10.78,N/A,N/A,172.999,0,213.999,0,0,106.999,0,0
95,"[4,4-Bis(trifluoromethyl)-4,5-dihydro-1H-pyrazol-3-yl](phenyl)methanone",External Targets,tentative,8328,11.019,20.393,153.93,309.0441,-8.74,N/A,N/A,0,0,82.999,0,0,0,60.999,0
96,"N-(2-Azido-1,1,1,3,3,3-hexafluoropropan-2-yl)benzamide",External Targets,tentative,2760,10.116,21.281,160.5,311.0356,-5.46,N/A,N/A,0,119.999,0,223.999,191.999,153.999,161.999,0
97,"5-(Heptafluoropropyl)-3-phenyl-1H-1,2,4-triazole",External Targets,tentative,4242,11.98966667,19.71466667,148.7666667,312.0357333,-6.35,N/A,N/A,66.999,0,0,51.999,0,0,80.999,95.999
98,"5-(Heptafluoropropyl)-3-phenyl-1H-1,2,4-triazole",External Targets,tentative,8281,12.699,19.74633333,148.8933333,312.0342,-11.26,N/A,N/A,0,0,0,0,0,0,58.999,86.999
99,"5-(Heptafluoropropyl)-3-phenyl-1H-1,2,4-triazole",External Targets,tentative,5709,12.26,19.773,149.04,312.0371,-1.97,N/A,N/A,0,69.999,68.999,0,0,0,87.999,87.999
100,Nonafluorobutane-1-sulfonoperoxoic acid or Perfluoro(2-ethoxyethane)sulfonic acid,External Targets,tentative,5161,9.778,21.747,164.2,314.936,-6.04,N/A,N/A,262.999,0,0,0,110.999,0,0,0
101,"(2Z)-4,4,5,5,6,6,6-Heptafluoro-3-phenylhex-2-enoic acid or 3,3,3-Trifluoro-N-(4-nitrophenyl)-2-(trifluoromethyl)propanamide",External Targets,tentative,6844,11.181,19.717,148.855,315.0256,-1.74 or 14.66,N/A,N/A,68.999,0,65.999,90.999,0,0,0,0
102,"(2Z)-4,4,5,5,6,6,6-Heptafluoro-3-phenylhex-2-enoic acid",External Targets,tentative,8457,13.543,19.644,148.51,315.0285,7.47,N/A,N/A,79.999,0,0,58.999,0,0,0,0
103,"4,4,4-Trifluoro-1-(4-fluorophenyl)-2-methyl-3-(trifluoromethyl)butane-1,3-diol",External Targets,tentative,6946,13.65225,21.40125,161.555,319.0617,13.33,N/A,N/A,90.999,76.999,78.999,52.999,0,0,0,0
104,"3-[(1,1,1,2,3,3,3-Heptafluoropropan-2-yl)sulfanyl]benzoic acid or 3-[(Heptafluoropropyl)sulfanyl]benzoic acid or 4-[(1,1,1,2,3,3,3-Heptafluoropropan-2-yl)sulfanyl]benzoic acid or Benzoic acid, 4-[(heptafluoropropyl)thio]-",External Targets,tentative,4709,8.425,17.56,132.57,320.983,1.35,N/A,N/A,143.999,0,94.999,0,85.999,102.999,0,0
105,"2-(3,3,4,4,5,5,6,6,6-Nonafluorohexyl)propane-1,3-diol or Ethyl [5-(heptafluoropropyl)-1H-pyrazol-3-yl]acetate",External Targets,tentative,5813,13.76,21.4685,161.685,321.0522,-6.39 or 13.25,N/A,N/A,0,77.999,0,0,113.999,0,0,0
106,"4,4,5,5,6,6,7,7-Octafluoro-1-phenylhept-1-yn-3-ol",External Targets,tentative,1694,13.43233333,21.19666667,159.3433333,331.0420333,13.81,N/A,N/A,0,0,0,0,251.999,345.999,394.999,0
107,"4,4,5,5,6,6,7,7-Octafluoro-1-phenylhept-1-yn-3-ol",External Targets,tentative,8391,11.606,22.05,165.54,331.0409,10.39,N/A,N/A,0,0,0,0,0,0,76.999,63.999
108,N-[4-(Pentafluoroethoxy)phenyl]pyridine-3-carboxamide or N-[4-(Pentafluoroethoxy)phenyl]pyridine-4-carboxamide,External Targets,tentative,8818,12.745,22.085,166.42,331.049,-6.46,N/A,N/A,62.999,0,0,0,57.999,0,0,0
109,"4,4,4-trifluoro-1-(4-nitrophenyl)-3-(trifluoromethyl)butane-1,3-diol",External Targets,tentative,4175,15.227,21.307,160.1,332.0383,6.03,N/A,N/A,0,212.999,0,0,0,182.999,0,109.999
110,"4,4,4-trifluoro-1-(4-nitrophenyl)-3-(trifluoromethyl)butane-1,3-diol",External Targets,tentative,6482,10.587,22.064,166.23,332.0379,4.83,N/A,N/A,50.999,0,60.999,84.999,0,0,0,54.999
111,2-(Nonafluorobutyl)-1H-indole or 3-(Nonafluorobutyl)-1H-indole,External Targets,tentative,6280,8.856,21.154,159.26,334.033,13.85,N/A,N/A,0,0,71.999,76.999,61.999,0,56.999,0
112,"Malononitrile, (6-(2-hydroxy-3,3,3-trifluoro-2-trifluoromethylpropyl)-2-pyridylmethylene)-",External Targets,tentative,6208,12.284,21.257,159.8,334.038,-12.13,N/A,N/A,0,0,0,0,21.91850232,0,21.91850232,0
113,"4,4'-(1,2,2,3,3,3-Hexafluoropropane-1,1-diyl)diphenol or 4-[1,1,2,2,3,3-hexafluoro-3-(4-hydroxyphenyl)propyl]phenol or Bisphenol AF",External Targets,tentative,6675,6.763,22.794,171.88,335.0501,-3.34,N/A,N/A,0,0,123.999,113.999,0,0,0,0
114,"(1r,4r)-4-(Nonafluorobutyl)cyclohexane-1-carboxylic acid or (1s,4s)-4-(Nonafluorobutyl)cyclohexane-1-carboxylic acid",External Targets,tentative,7501,10.735,22.076,166.29,345.0591,14.05,N/A,N/A,66.999,0,119.999,0,0,0,0,0
115,Perfluoropentanesulfonic acid,External Targets,tentative,5422,7.192,18.921,142.19,348.935,-13.74,N/A,N/A,0,68.999,61.999,0,105.999,107.999,0,0
116,"2,2,3,3,4,4,5,5,5-Nonafluoro-N,N-bis(2-hydroxyethyl)pentanamide",External Targets,tentative,5416,11.40466667,22.10933333,165.6966667,350.0480333,10.33,N/A,N/A,0,0,0,0,0,0,224.999,221.999
117,"2,2,3,3,4,4,5,5-Octafluoropentyl 4-hydroxybenzoate",External Targets,tentative,8834,14.125,21.567,161.97,351.0307,9.72,N/A,N/A,0,0,0,0,55.999,63.999,0,0
118,"4,4,4-trifluoro-3-hydroxy-3-(trifluoromethyl)-1-[3-(trifluoromethyl)phenyl]butan-1-one",External Targets,tentative,6490,13.34,21.68766667,162.84,353.0235667,1.74,N/A,N/A,0,0,63.999,0,73.999,0,112.999,0
119,"4-[1,1,2-Trifluoro-2-(heptafluoropropoxy)ethoxy]butan-1-ol",External Targets,tentative,3560,10.142,21.704,163,355.0443,12.83,N/A,N/A,104.999,106.999,118.999,159.999,0,0,0,128.999
120,"4-[1,1,2-Trifluoro-2-(heptafluoropropoxy)ethoxy]butan-1-ol",External Targets,tentative,4419,11.0715,21.723,163.07,355.044,11.98,N/A,N/A,170.999,136.999,0,0,0,0,0,157.999
121,"2-(1,1,1,3,3,3-hexafluoro-2-hydroxypropan-2-yl)-7-nitro-3,4-dihydronaphthalen-1(2h)-one or N-(Perfluoro-1-oxobutyl)aspartic acid 1-ethyl ester",External Targets,tentative,7405,13.187,22.494,168.68,356.0384,2.7 or 5.91,N/A,N/A,0,64.999,71.999,0,0,0,0,55.999
122,2-C-(Nonafluorobutyl)-?-L-ribofuranose,External Targets,tentative,2689,12.445,22.736,170.59,367.0268,9.41,N/A,N/A,149.999,70.999,188.999,172.999,149.999,151.999,0,0
123,"2-{2-[(3,3,4,4,5,5,6,6,6-Nonafluorohexyl)sulfanyl]ethoxy}ethan-1-ol",External Targets,tentative,5938,13.721,22.547,169.03,367.0391,-7.83,N/A,N/A,78.999,101.999,0,59.999,0,0,52.999,0
124,"2-{2-[(3,3,4,4,5,5,6,6,6-Nonafluorohexyl)sulfanyl]ethoxy}ethan-1-ol",External Targets,tentative,7480,14.742,22.558,168.9,367.0407,-3.47,N/A,N/A,0,77.999,0,0,0,109.999,0,0
125,"N'-[(2Z)-5,5,6,6,7,7,7-Heptafluoro-4-oxohept-2-en-2-yl]benzohydrazide",External Targets,tentative,8478,10.541,22.376,168.1,371.0599,-9.96,N/A,N/A,73.999,0,0,63.999,0,0,0,0
126,"[(1,1,2,3,3,4,4,5,5,6,6,6-Dodecafluorohexyl)oxy]acetic acid",External Targets,tentative,8303,11.041,23.682,176.93,374.9847,-13.07,N/A,N/A,0,0,0,0,0,0,64.999,79.999
127,"2,2'-Oxybis(tetrafluoroethane-1-sulfonic acid)",External Targets,tentative,7633,6.443,21.353,159.95,376.9002,-10.45,N/A,N/A,0,0,94.999,0,0,0,0,85.999
128,"2,2'-Oxybis(tetrafluoroethane-1-sulfonic acid)",External Targets,tentative,7502,8.167,21.3,159.55,376.9038,-0.9,N/A,N/A,0,0,0,105.999,0,0,80.999,0
129,"2,2'-Oxybis(tetrafluoroethane-1-sulfonic acid)",External Targets,tentative,7138,15.412,21.275,159.56,376.9024,-4.62,N/A,N/A,101.999,0,0,0,104.999,0,0,0
130,"1,1,1,7,7,7-hexafluoro-4-methylidene-2,6-bis(trifluoromethyl)heptane-2,6-diol",External Targets,tentative,345,12.569,23.296,174.085,387.03055,11.79,N/A,N/A,1667.999,533.999,1576.999,1430.999,821.999,811.999,1257.999,1085.999
131,"1,1,1,7,7,7-hexafluoro-4-methylidene-2,6-bis(trifluoromethyl)heptane-2,6-diol",External Targets,tentative,4122,15.0525,23.3105,174.49,387.0312,13.47,N/A,N/A,278.999,239.999,268.999,311.999,246.999,0,217.999,201.999
132,"5,5,6,6,7,7,7-heptafluoro-4,4-bis(trifluoromethyl)heptanoic Acid or 6:3 Fluorotelomer carboxylic acid",External Targets,tentative,7692,8.595,21.516,160.71,391.0067,14.79,N/A,N/A,0,61.999,0,0,55.999,0,0,58.999
133,"3-(Bromomethyl)-1,1,1,2,2,4,4,5,5,6,6,6-dodecafluorohexan-3-ol",External Targets,tentative,5041,10.312,24.857,185.95,408.9164,14.95,N/A,N/A,115.999,0,149.999,0,0,120.999,0,0
134,"Butanamide, N-(2-bromo-4-nitrophenyl)-2,2,3,3,4,4,4-heptafluoro- or Propanamide, N-(2-bromo-4-nitrophenyl)-2,3,3,3-tetrafluoro-2-(trifluoromethyl)-",External Targets,tentative,5055,10.321,24.801,185.67,410.9178,-10.4,N/A,N/A,116.999,0,155.999,112.999,0,0,0,0
135,"Propanamide, 2,2,3,3,3-pentafluoro-N-(2-((propylsulfonyl)amino)-5-(trifluoromethyl)-3-pyridinyl)-",External Targets,tentative,6363,11.792,23.715,177.1933333,428.0373,12.25,N/A,N/A,71.999,0,127.999,89.999,0,0,0,0
136,4-Chloro-5-methyl-3-(perfluorohexyl)pyrazole,External Targets,tentative,8465,14.085,24.6325,183.275,432.98215,8.98,N/A,N/A,0,69.999,0,0,0,0,0,67.999
137,4-Chloro-5-methyl-3-(perfluorohexyl)pyrazole,External Targets,tentative,7272,14.883,24.636,183.3,432.98145,7.36,N/A,N/A,0,68.999,0,0,0,0,70.999,58.999
138,"2,3-Dibromo-6-(1,1,1,3,3,3-hexafluoro-2-hydroxypropan-2-yl)-3,5,5-trimethylcyclohexan-1-one or [2-(3-chloro-1,1,2,2,3,3-hexafluoropropoxy)-1,1,2,3,3,3-hexafluoropropoxy](difluoro)acetic acid",External Targets,tentative,6847,9.427,20.818,155.08,460.9257,-2.17 or 14.11,N/A,N/A,65.999,93.999,65.999,0,0,0,0,0
139,"1,2,2,3,3,4,5,5,6-nonafluoro-4,6-bis(trifluoromethyl)cyclohexane-1-sulfonic acid or Perfluoro-1-(perfluoroethyl)cyclohexanesulfonic acid or Perfluoro-4-(perfluoroethyl)cyclohexylsulfonic acid or [2-(3-chloro-1,1,2,2,3,3-hexafluoropropoxy)-1,1,2,3,3,3-hexafluoropropoxy](difluoro)acetic acid",External Targets,tentative,3787,9.468,21.455,159.62,460.9284,-10.86 or 3.69,N/A,N/A,91.999,119.999,142.999,0,0,0,132.999,87.999
140,"1,2,2,3,3,4,4,4a,5,5,6,6,7,7,8,8,8a-Heptadecafluorodecahydronaphthalene-1-carboxylic acid",External Targets,tentative,4519,7.0015,26.7975,198.72,486.96705,7.85,N/A,N/A,0,235.999,0,0,0,0,216.999,0
141,"1,2,2,3,3,4,4,4a,5,5,6,6,7,7,8,8,8a-Heptadecafluorodecahydronaphthalene-1-carboxylic acid",External Targets,tentative,2988,7.776,26.747,198.68,486.9683,10.42,N/A,N/A,0,170.999,160.999,192.999,0,0,247.999,0
142,"1,1,2,2,3,3,4,4,5,6,6,7,7,7-tetradecafluoro-5-(trifluoromethyl)heptane-1-sulfonic acid or 1,1,2,2,3,3,4,5,5,6,6,7,7,7-tetradecafluoro-4-(trifluoromethyl)heptane-1-sulfonic acid or 1,1,2,2,3,3,5,5,6,6,6-undecafluoro-4,4-bis(trifluoromethyl)hexane-1-sulfonic acid or 1,1,2,2,3,4,4,5,5,6,6,7,7,7-tetradecafluoro-3-(trifluoromethyl)heptane-1-sulfonic acid or 1,1,2,3,3,4,4,5,5,6,6,7,7,7-tetradecafluoro-2-(trifluoromethyl)heptane-1-sulfonic acid or Heptadecafluorooctane-2-sulfonic acid or IsoPFOS or Perfluorooctanesulfonic acid",External Targets,tentative,5764,10.1725,22.09925,164.225,498.92595,-8.55,N/A,N/A,9464.999,10249.999,8965.999,8089.999,11966.999,12202.999,7440.999,7153.999
143,"1,2,3,3,4,4,5,5,6,6,7,7,8,8,9,9,9-Heptadecafluoronon-1-ene-1-sulfonic acid",External Targets,tentative,4580,4.129,25.994,192.64,510.9307,0.95,N/A,N/A,0,0,0,0,152.999,144.999,145.999,0
144,"1,2,3,3,4,4,5,5,6,6,7,7,8,8,9,9,9-Heptadecafluoronon-1-ene-1-sulfonic acid",External Targets,tentative,6053,10.213,25.975,193.04,510.9309,1.34,N/A,N/A,67.999,0,93.999,0,0,122.999,0,0
145,"5,5,6,6,7,7,8,8,9,9,10,10,10-Tridecafluoro-3-iododecan-1-ol",External Targets,tentative,8614,3.718,26.258,195.28,516.9416,14.8,N/A,N/A,64.999,0,65.999,0,0,0,0,0
146,"((Perfluorooctyl)ethyl)silanetriol or 6-(1,1,2,2,3,3,4,4,5,5,6,6,6-tridecafluorohexylsulfonyl)naphthalen-2-ol",External Targets,tentative,6516,11.8645,24.7005,183.045,524.98025,-6.29 or -3.37,N/A,N/A,211.999,113.999,221.999,218.999,148.999,136.999,135.999,0
147,8:2 Fluorotelomer sulfonic acid or Noviflumuron,External Targets,tentative,8606,3.222,27.121,201.6,526.9579,-7.25 or -6.86,N/A,N/A,73.999,0,57.999,0,0,0,0,0
148,8:2 Fluorotelomer sulfonic acid or Noviflumuron,External Targets,tentative,8221,6.118,27.098,200.86,526.9591,-4.97 or -4.58,N/A,N/A,0,0,50.999,0,0,0,0,97.999
149,8:2 Fluorotelomer sulfonic acid or Noviflumuron,External Targets,tentative,8906,7.42,27.105,200.91,526.9547,-13.32 or -12.93,N/A,N/A,62.999,53.999,0,0,0,0,0,0
150,N-Phenyl-N'-[2-(tridecafluorohexyl)phenyl]urea,External Targets,tentative,7002,4.742,28.282,209,529.0643,9.83,N/A,N/A,0,133.999,0,0,0,0,0,82.999
151,"4-chloro-3-(1,1,2,2,3,3,4,4,5,5,6,6,7,7,8,8,8-heptadecafluorooctyl)-5-methyl-1H-pyrazole",External Targets,tentative,8709,3.092,27.118,201.2,532.9782,11.87,N/A,N/A,0,0,62.999,0,0,63.999,0,0
152,"4-[(Heptadecafluorooctyl)oxy]-4-oxobut-2-enoic acid or 4-chloro-3-(1,1,2,2,3,3,4,4,5,5,6,6,7,7,8,8,8-heptadecafluorooctyl)-5-methyl-1H-pyrazole",External Targets,tentative,7743,6.132,27.077,201,532.9756,6.99 or 12.93,N/A,N/A,50.999,0,57.999,0,0,64.999,0,0
153,"4-chloro-3-(1,1,2,2,3,3,4,4,5,5,6,6,7,7,8,8,8-heptadecafluorooctyl)-5-methyl-1H-pyrazole",External Targets,tentative,8889,9.447,26.964,200.06,532.9774,10.37,N/A,N/A,0,0,0,66.999,50.999,0,0,0
154,"4-[(Heptadecafluorooctyl)oxy]-4-oxobut-2-enoic acid or 4-chloro-3-(1,1,2,2,3,3,4,4,5,5,6,6,7,7,8,8,8-heptadecafluorooctyl)-5-methyl-1H-pyrazole",External Targets,tentative,6919,10.645,27.085,200.48,532.973,2.11 or 8.05,N/A,N/A,0,0,0,0,60.999,82.999,76.999,0
155,2'-Deoxy-5-(tridecafluorohexyl)uridine,External Targets,tentative,7551,13.114,27.632,205.22,545.0326,-11.3,N/A,N/A,108.999,0,74.999,0,0,0,0,0
156,2-(N-Methylperfluorooctanesulfonamido)acetic acid,External Targets,tentative,8093,11.539,26.126,193.3,569.9631,-7.42,N/A,N/A,0,0,0,103.999,0,0,51.999,0
157,2-(N-Methylperfluorooctanesulfonamido)acetic acid,External Targets,tentative,2437,12.486,25.931,192.24,569.9636,-6.54,N/A,N/A,350.999,0,256.999,271.999,0,102.999,0,0
158,"4-Bromo-2-[4,4,5,5,6,6,7,7,8,9,9,9-dodecafluoro-8-(trifluoromethyl)nonyl]phenol",External Targets,tentative,5690,15.7785,23.57,174.615,580.9581,-3.74,N/A,N/A,88.999,0,112.999,114.999,56.21091951,0,0,0
159,Perfluorodecanesulfonic acid,External Targets,tentative,6190,11.89,25.168,186.52,598.9175,-10.56,N/A,N/A,140.999,0,132.999,0,0,0,0,0
160,17-H-Perfluoroheptadecanoic acid,External Targets,tentative,554,13.589,27.752,203.74,844.9389,-9.71,N/A,N/A,1143.07633,0,259.0763295,233.0763295,145.0763295,21.0763295,0,0
161,"2,2,3,3,4,4,5,5,6,6,7,7,8,8,9,9,10,10,11,11,12,12,13,13,14,14,15,15,16,16,17,17,18,18-tetratriacontafluorooctadecanoic acid",External Targets,tentative,563,14.1465,28.705,210.545,894.93375,-11.35,N/A,N/A,909.0987927,0,500.0987927,394.0987927,441.0987927,360.0987927,19.09879268,0
162,No Match,None,unmatched,7913,3.188,8.485,70.35,92.9266,,,,0,0,0,0,88.999,0,75.999,0
163,No Match,None,unmatched,7571,2.107,5.066,42.31,92.9295,,,,0,0,0,0,101.999,0,80.999,0
164,No Match,None,unmatched,7428,2.558,9.007,74.63,92.9285,,,,0,87.999,0,0,102.999,0,0,0
165,No Match,None,unmatched,6657,2.031,12.107,100.08,92.93,,,,0,0,0,0,51.999,116.999,69.999,0
166,No Match,None,unmatched,7808,2.214,8.955,73.91,94.9237,,,,0,0,0,0,0,0,60.999,109.999
167,No Match,None,unmatched,6651,2.25,10.447,86.14,94.9256,,,,0,84.999,0,52.999,0,0,0,100.999
168,No Match,None,unmatched,7549,3.925,7.35,59.37,116.9694,,,,80.999,0,103.999,0,0,0,0,0
169,No Match,None,unmatched,8154,13.033,8.016,64.74,116.969,,,,85.999,0,66.999,0,0,0,0,0
170,No Match,None,unmatched,8205,13.423,11.742,94.58,116.97,,,,0,56.999,0,0,0,0,92.999,0
171,No Match,None,unmatched,7378,11.213,8.345,67.39,116.9711,,,,125.999,0,67.999,0,0,0,0,0
172,No Match,None,unmatched,8474,13.438,12.524,100.83,116.9708,,,,0,79.999,0,0,0,0,0,57.999
173,No Match,None,unmatched,5869,5.703,7.055,57.04,116.9728,,,,168.999,55.999,74.999,0,0,0,0,0
174,No Match,None,unmatched,7328,13.364,7.097,57.55,116.9724,,,,0,62.999,0,0,133.999,0,0,0
175,No Match,None,unmatched,7566,7.795,7.231,58.47,116.9725,,,,126.999,0,0,0,0,0,56.999,0
176,No Match,None,unmatched,8899,11.852,8.024,65.06,116.9722,,,,0,0,0,0,63.999,52.999,0,0
177,No Match,None,unmatched,5389,13.376,10.181,82.18,116.9736,,,,0,108.999,0,0,154.999,0,0,83.999
178,No Match,None,unmatched,5441,2.541,12.906,103.89,116.9736,,,,0,214.999,0,0,0,0,0,127.999
179,No Match,None,unmatched,8432,8.696,7.271,58.74,116.9746,,,,74.999,0,0,64.999,0,0,0,0
180,No Match,None,unmatched,7053,8.858,8.12,65.6,116.9741,,,,0,125.999,86.999,0,0,0,0,0
181,No Match,None,unmatched,8417,2.299,11.905,95.98,116.9747,,,,0,62.999,0,76.999,0,0,0,0
182,No Match,None,unmatched,8313,10.775,11.817,95.31,116.9744,,,,0,50.999,0,0,92.999,0,0,0
183,No Match,None,unmatched,6722,5.662,12.459,100.4,116.974,,,,0,56.999,0,0,0,79.999,96.999,0
184,No Match,None,unmatched,8090,9.557,12.686,102.26,116.9754,,,,0,0,0,0,0,74.999,0,80.999
185,No Match,None,unmatched,7921,2.944,13.846,111.54,116.9751,,,,0,81.999,0,0,0,82.999,0,0
186,No Match,None,unmatched,4855,2.031,14.274,115.03,116.9739,,,,0,0,0,0,38.91850232,27.91850232,113.9185023,0
187,No Match,None,unmatched,8665,11.609,12.586,101.57,116.9768,,,,0,0,0,68.999,58.999,0,0,0
188,No Match,None,unmatched,7348,2.019,7.893,63.64,118.966,,,,124.999,0,0,69.999,0,0,0,0
189,No Match,None,unmatched,8488,11.879,8.98,72.39,118.9686,,,,55.999,0,0,0,0,0,0,80.999
190,No Match,None,unmatched,7596,2.144,7.236,58.5,118.9708,,,,82.999,0,0,0,98.999,0,0,0
191,No Match,None,unmatched,6805,10.126,8.098,65.42,118.9696,,,,0,98.999,0,0,52.999,0,0,76.999
192,No Match,None,unmatched,7923,3.411,8.001,64.55,118.9719,,,,0,80.999,0,83.999,0,0,0,0
193,No Match,None,unmatched,2391,2.739,15.467,122.99,135.0445,,,,230.999,103.999,267.999,212.999,109.999,0,0,83.999
194,No Match,None,unmatched,6647,13.324,4.622,37.06,141.015,,,,0,112.999,0,0,0,0,0,125.999
195,No Match,None,unmatched,5282,9.998,7.951,63.15,141.0155,,,,147.999,0,210.999,0,0,0,0,0
196,No Match,None,unmatched,8229,13.584,9.289,73.74,141.0149,,,,0,97.999,49.999,0,0,0,0,0
197,No Match,None,unmatched,8188,12.923,15.879,125.68,141.0162,,,,0,86.999,0,0,63.999,0,0,0
198,No Match,None,unmatched,5920,8.643,7.216,57.32,141.017,,,,0,0,95.999,199.999,0,0,0,0
199,No Match,None,unmatched,7376,8.874,8.026,63.8,141.0188,,,,0,106.999,0,0,0,0,86.999,0
200,No Match,None,unmatched,7275,12.966,14.504,115.01,141.0186,,,,0,0,0,0,87.999,110.999,0,0
201,No Match,None,unmatched,8157,14.085,6.728,53.69,141.0197,,,,0,0,0,0,54.999,0,97.999,0
202,No Match,None,unmatched,6676,12.8715,8.957,71.19,141.02045,,,,82.999,90.999,0,0,69.999,66.999,0,63.999
203,No Match,None,unmatched,8509,13.264,10.91,86.59,141.0191,,,,0,0,0,0,0,82.999,0,52.999
204,No Match,None,unmatched,8279,2.407,2.956,23.81,141.0215,,,,74.999,0,0,0,70.999,0,0,0
205,No Match,None,unmatched,8869,7.732,15.966,126.36,141.024,,,,0,0,0,0,60.999,0,0,57.999
206,No Match,None,unmatched,7620,5.563,14.088,111.49,142.9239,,,,82.999,98.999,0,0,0,0,0,0
207,No Match,None,unmatched,8496,6.472,14.018,110.94,142.9218,,,,58.999,77.999,0,0,0,0,0,0
208,No Match,None,unmatched,7444,10.014,14.022,111.14,142.9227,,,,98.999,0,0,90.999,0,0,0,0
209,No Match,None,unmatched,9046,11.61,14.071,111.36,142.9236,,,,0,0,52.999,0,0,0,50.999,0
210,No Match,None,unmatched,8407,6.638,14.024,111.13,142.9249,,,,85.999,0,0,0,54.999,0,0,0
211,No Match,None,unmatched,247,3.9875,15.7635,124.575,144.04425,,,,2272.999,1014.999,2414.999,2375.999,1345.999,1431.999,1051.999,837.999
212,No Match,None,unmatched,2747,12.728,16.458,129.99,149.0082,,,,311.999,0,285.999,259.999,0,0,0,0
213,No Match,None,unmatched,4703,13.721,16.438,129.77,149.0107,,,,214.999,0,0,100.999,0,112.999,0,0
214,No Match,None,unmatched,1988,2.563,16.426,129.38,151.0397,,,,0,0,245.999,220.999,296.999,214.999,158.999,121.999
215,No Match,None,unmatched,3191,7.964,16.88,133.13,151.0759,,,,22.66927872,0,57.66927872,103.6692787,36.66927872,0,0,0
216,No Match,None,unmatched,7673,9.069,16.812,132.63,151.0757,,,,0,0,93.999,83.999,0,0,0,0
217,No Match,None,unmatched,3989,10.139,15.806,124.465,152.9843,,,,235.999,0,227.999,173.999,187.999,159.999,72.999,0
218,No Match,None,unmatched,7973,14.072,15.747,123.99,152.997,,,,0,0,0,0,84.999,76.999,0,0
219,No Match,None,unmatched,7246,9.693,15.512,121.86,154.9464,,,,59.999,81.999,0,0,0,0,0,58.999
220,No Match,None,unmatched,7865,11.051,15.561,122.21,154.9474,,,,0,0,0,0,0,49.999,57.999,59.999
221,No Match,None,unmatched,1459,5.498,16.433,128.94,158.0368,,,,0,221.999,401.999,364.999,296.999,212.999,206.999,126.999
222,No Match,None,unmatched,1436,3.879,15.686,122.97,160.956,,,,257.999,90.999,385.999,266.999,269.999,194.999,175.999,222.999
223,No Match,None,unmatched,4825,5.606,15.741,123.59,160.9561,,,,240.999,0,174.999,0,0,0,0,0
224,No Match,None,unmatched,2663,3.897,15.71,123.12,162.9531,,,,240.999,0,184.999,190.999,0,154.999,120.999,0
225,No Match,None,unmatched,4456,5.554,15.763,123.55,162.9522,,,,67.999,65.999,221.999,104.999,0,0,0,0
226,No Match,None,unmatched,810,5.958,17.426,136.3,165.0553,,,,565.999,231.999,630.999,611.999,364.999,368.999,341.999,256.999
227,No Match,None,unmatched,741,5.532,17.47,136.4,169.0658,,,,684.999,207.999,732.999,762.999,388.999,433.999,354.999,237.999
228,No Match,None,unmatched,8468,3.2775,16.574,129.32,174.9915,,,,0,0,59.999,64.999,0,0,0,0
229,No Match,None,unmatched,2009,7.975,17.9,139.52,176.0835,,,,171.1990074,0,79.19900735,152.1990074,0,0,0,0
230,No Match,None,unmatched,5234,5.92,16.271,126.89,176.9511,,,,61.999,0,145.999,156.999,0,0,0,0
231,No Match,None,unmatched,873,7.939,18.0205,140.25,177.09175,,,,216.4265081,0,159.4265081,212.4265081,0,0,0,0
232,No Match,None,unmatched,2939,9.0865,17.974,139.825,177.0921,,,,342.6657506,167.999,405.6657506,245.6657506,76.999,379.999,0,239.999
233,No Match,None,unmatched,658,2.179,17.049,132.61,179.0555,,,,728.999,399.999,727.999,866.999,587.999,424.999,303.999,339.999
234,No Match,None,unmatched,14,2.5335,17.6705,136.965,187.0068,,,,27999.999,18043.999,28795.999,28751.999,20787.999,21453.999,17016.999,15531.999
235,No Match,None,unmatched,8395,2.327,12.835,99.59,188.0117,,,,0,65.999,74.999,0,0,0,0,0
236,No Match,None,unmatched,4223,3.190666667,16.912,131.1933333,188.9371667,,,,177.999,137.999,225.999,170.999,0,0,174.999,158.999
237,No Match,None,unmatched,4188,4.872,16.93433333,131.2833333,188.9384333,,,,0,0,0,172.999,0,166.999,163.999,0
238,No Match,None,unmatched,2515,5.481,16.9305,131.24,188.9373,,,,213.999,0,185.999,0,197.999,197.999,155.999,181.999
239,No Match,None,unmatched,2642,5.953,16.916,131.32,188.9379,,,,252.999,0,258.999,224.999,0,204.999,0,0
240,No Match,None,unmatched,3775,6.519,16.942,131.31,188.9373,,,,0,0,218.999,0,0,191.999,165.999,0
241,No Match,None,unmatched,4614,8.2305,16.905,131.24,188.93755,,,,196.999,0,71.999,170.999,0,0,0,0
242,No Match,None,unmatched,6728,8.83,16.94166667,131.4,188.9373333,,,,133.999,127.999,198.999,0,115.999,0,144.999,0
243,No Match,None,unmatched,4176,10.227,16.914,131.16,188.9371,,,,0,0,231.999,177.999,0,0,95.999,0
244,No Match,None,unmatched,7306,11.47633333,16.97033333,131.5633333,188.9368,,,,0,109.999,218.999,0,0,0,0,97.999
245,No Match,None,unmatched,3352,12.77,16.9085,131.265,188.9377,,,,191.999,0,192.999,146.999,149.999,0,0,0
246,No Match,None,unmatched,7424,2.373,18.368,142.36,189.0072,,,,0,0,0,0,82.999,108.999,0,0
247,No Match,None,unmatched,3212,7.954,18.502,143.42,190.0999,,,,212.999,0,144.999,189.999,0,97.999,60.999,0
248,No Match,None,unmatched,2786,7.924,18.676,144.66,191.1068,,,,129.1689682,0,71.16896816,68.16896816,14.16896816,0,0,0
249,No Match,None,unmatched,287,8.1315,18.897,146.2,192.1144,,,,756.0082206,0,833.0082206,643.0082206,0,0,0,0
250,No Match,None,unmatched,7751,14.854,18.886,146.47,192.1129,,,,0,0,114.999,58.999,0,0,0,0
251,No Match,None,unmatched,7547,10.042,18.325,142.03,194.0814,,,,67.999,0,0,116.999,0,0,0,0
252,No Match,None,unmatched,5845,7.082,18.851,145.96,197.0599,,,,70.999,0,124.999,105.999,0,0,0,0
253,No Match,None,unmatched,6529,14.4055,16.793,129.835,197.9894,,,,65.999,63.999,49.999,68.999,0,0,0,0
254,No Match,None,unmatched,3543,15.32825,16.7785,129.6925,197.990175,,,,97.999,136.999,161.999,0,0,0,0,113.999
255,No Match,None,unmatched,5054,15.7615,16.768,129.615,197.990525,,,,120.999,0,165.999,128.999,89.999,0,122.999,132.999
256,No Match,None,unmatched,5309,15.321,16.745,129.55,197.9916,,,,111.999,0,0,85.999,70.999,86.999,0,0
257,No Match,None,unmatched,6970,3.355,18.001,138.73,199.003,,,,0,0,0,0,0,0,110.999,107.999
258,No Match,None,unmatched,472,3.065,17.998,139,199.0065,,,,1038.999,722.999,1134.999,908.999,756.999,707.999,681.999,490.999
259,No Match,None,unmatched,2087,7.217,18.293,141.405,199.01665,,,,367.999,0,316.999,298.999,168.999,207.999,0,0
260,No Match,None,unmatched,2261,4.742,15.256,117.85,200.9955,,,,98.02957264,0,0,50.02957264,0,0,0,0
261,No Match,None,unmatched,5369,7.209,18.237,140.96,201.0144,,,,0,0,119.999,133.999,95.999,0,0,0
262,No Match,None,unmatched,7687,4.625,18.209,140.42,201.0249,,,,0,62.999,53.999,0,0,0,59.999,0
263,No Match,None,unmatched,7959,15.058,17.295,133.58,201.039,,,,0,0,58.999,53.999,0,0,0,49.999
264,No Match,None,unmatched,6244,13.83233333,17.33733333,133.9366667,202.0389,,,,101.999,0,0,0,93.999,182.999,0,0
265,No Match,None,unmatched,3359,14.38966667,17.34666667,133.8933333,202.0377667,,,,0,221.999,0,0,0,232.999,211.999,0
266,No Match,None,unmatched,4077,15.861,17.346,133.87,202.0382,,,,181.999,168.999,0,0,170.999,0,0,0
267,No Match,None,unmatched,254,2.186666667,17.62966667,135.9366667,203.0008,,,,2069.999,373.999,2244.999,2348.999,1817.999,1909.999,1090.999,324.999
268,No Match,None,unmatched,1842,15.30225,17.36,133.87,203.033325,,,,0,0,256.999,0,0,0,0,280.999
269,No Match,None,unmatched,1421,5.523,16.857,129.99,204.9449,,,,323.999,178.999,318.999,259.999,246.999,251.999,202.999,108.999
270,No Match,None,unmatched,8748,12.754,17.43,134.65,204.9689,,,,58.999,0,65.999,0,0,0,0,0
271,No Match,None,unmatched,4431,3.25,16.819,129.56,205.9408,,,,136.999,117.999,0,0,89.999,0,57.999,61.999
272,No Match,None,unmatched,3585,5.534,16.839,129.84,206.9411,,,,0,116.999,179.999,168.999,149.999,0,0,0
273,No Match,None,unmatched,4478,13.699,18.439,142.06,206.9959,,,,97.999,99.999,126.999,0,0,62.999,0,70.999
274,No Match,None,unmatched,5532,3.284,16.816,129.63,207.936,,,,132.999,84.999,114.999,0,0,0,0,0
275,No Match,None,unmatched,5653,13.6005,18.0875,139.165,208.97415,,,,92.999,97.999,0,0,144.999,0,102.999,68.999
276,No Match,None,unmatched,6361,13.493,18.093,139.37,208.9769,,,,0,0,0,0,117.999,143.999,0,0
277,No Match,None,unmatched,5831,4.418,17.032,131.29,210.9441,,,,50.999,0,0,156.999,0,94.999,0,0
278,No Match,None,unmatched,8929,2.489,18.052,139.16,212.0021,,,,62.999,0,51.999,0,0,0,0,0
279,No Match,None,unmatched,2891,4.156,19.11,147.17,213.0212,,,,130.999,0,180.999,234.999,135.999,125.999,0,0
280,No Match,None,unmatched,1110,4.374,19.21,147.73,213.0219,,,,335.999,331.999,388.999,386.999,272.999,228.999,244.999,231.999
281,No Match,None,unmatched,974,2.729,18.12,139.3,215.0008,,,,511.999,267.999,475.999,418.999,327.999,367.999,272.999,158.999
282,No Match,None,unmatched,2128,12.97066667,17.53633333,134.9033333,215.0406667,,,,172.999,0,169.999,0,0,0,143.999,0
283,No Match,None,unmatched,5146,13.723,17.53,134.765,215.04045,,,,199.999,0,0,0,0,0,0,175.999
284,No Match,None,unmatched,2685,13.52675,17.57575,134.9675,216.0367,,,,0,540.999,703.999,0,0,0,460.999,612.999
285,No Match,None,unmatched,822,14.67166667,17.547,134.8833333,216.0372667,,,,0,0,1318.999,1402.999,0,337.999,652.999,0
286,No Match,None,unmatched,7283,4.8465,18.4125,141.57,217.00075,,,,0,67.00613176,0,27.87841434,0,0,0,0
287,No Match,None,unmatched,3495,13.478,18.507,142.025,217.00055,,,,272.999,0,374.999,0,0,0,361.999,271.999
288,No Match,None,unmatched,1287,14.717,18.519,142.15,217.0017,,,,0,429.999,546.999,0,0,405.999,368.999,332.999
289,No Match,None,unmatched,3433,15.43775,18.5095,142.135,217.001,,,,0,339.999,321.999,0,0,0,306.999,0
290,No Match,None,unmatched,2982,15.91133333,18.495,141.9666667,217.0014,,,,0,379.999,0,0,0,0,395.999,0
291,No Match,None,unmatched,4768,11.902,18.461,141.7,217.0024,,,,0,0,0,0,177.999,0,243.999,0
292,No Match,None,unmatched,1543,14.6605,18.492,142.06,217.0023,,,,0,140.7982384,0,0,0,165.7982384,14.79823839,0
293,No Match,None,unmatched,4414,3.15,18.499,142.42,217.0148,,,,190.999,0,0,275.999,0,0,0,0
294,No Match,None,unmatched,7512,13.88,13.296,102.26,217.0294,,,,0,0,0,0,96.999,0,0,89.999
295,No Match,None,unmatched,1189,14.827,17.504,134.76,217.0324,,,,1216.999,0,1044.999,0,0,0,0,0
296,No Match,None,unmatched,1474,15.914,17.574,135.03,217.0324,,,,150.999,0,0,434.999,0,0,711.999,511.999
297,No Match,None,unmatched,5466,9.825,18.994,145.9,217.031,,,,92.999,0,49.999,0,0,0,82.999,114.999
298,No Match,None,unmatched,7389,10.841,19,145.95,217.0318,,,,0,0,119.999,0,0,0,0,72.999
299,No Match,None,unmatched,6928,12.454,19.006,146.1,217.0323,,,,67.999,0,78.999,0,0,0,0,73.999
300,No Match,None,unmatched,4726,13.105,19.008,146.01,217.0305,,,,110.999,111.999,90.999,0,0,0,0,111.999
301,No Match,None,unmatched,3679,14.545,18.94066667,145.6533333,217.0310667,,,,96.999,0,127.999,0,0,0,0,0
302,No Match,None,unmatched,2096,6.542,17.561,135.02,217.0335,,,,337.999,0,508.999,0,0,0,340.999,0
303,No Match,None,unmatched,2185,15.562,17.528,134.8,217.0346,,,,526.999,0,0,0,598.999,0,0,0
304,No Match,None,unmatched,2413,13.1585,18.9625,145.805,217.0332,,,,76.999,0,102.999,0,0,90.999,0,0
305,No Match,None,unmatched,7446,14.147,18.985,146.155,217.0341,,,,82.999,0,135.999,0,0,0,0,0
306,No Match,None,unmatched,2420,13.0525,17.5015,134.695,217.04855,,,,843.999,0,200.999,0,149.999,0,0,0
307,No Match,None,unmatched,5900,8.487,17.579,134.79,217.0602,,,,0,0,0,0,0,0,151.999,144.999
308,No Match,None,unmatched,7062,12.542,17.542,134.68,217.0679,,,,0,0,0,0,85.999,0,125.999,0
309,No Match,None,unmatched,4714,7.89,19.4495,149.33,217.0861,,,,71.59537029,0,21.59537029,0,0,0,0,0
310,No Match,None,unmatched,2210,14.0435,18.9795,145.645,218.02875,,,,0,235.999,0,273.999,0,0,277.999,321.999
311,No Match,None,unmatched,8954,8.138,5.271,40.66,218.0303,,,,57.999,0,54.999,0,0,0,0,0
312,No Match,None,unmatched,8007,11.413,5.277,40.83,218.0327,,,,0,0,55.999,0,0,0,0,103.999
313,No Match,None,unmatched,8413,11.958,5.129,39.57,218.0356,,,,75.999,0,0,63.999,0,0,0,0
314,No Match,None,unmatched,8273,14.371,5.164,39.84,218.0339,,,,87.999,0,0,57.999,0,0,0,0
315,No Match,None,unmatched,961,7.93,19.696,151.33,218.0942,,,,211.9479229,0,261.9479229,25.94792294,0,0,0,0
316,No Match,None,unmatched,1625,7.061,17.455,134.32,219.0215,,,,1137.999,0,488.999,0,0,0,0,0
317,No Match,None,unmatched,5984,8.3,18.892,145.05,219.0235,,,,0,126.999,0,163.999,0,0,0,0
318,No Match,None,unmatched,2837,3.385,17.53,134.71,219.025,,,,244.999,0,0,405.999,0,0,0,175.999
319,No Match,None,unmatched,1608,5.268,17.502,134.5,219.0249,,,,559.999,0,0,566.999,0,0,0,513.999
320,No Match,None,unmatched,1449,6.436,17.521,134.83,219.025,,,,898.999,0,0,949.999,0,0,0,0
321,No Match,None,unmatched,4103,13.609,19.101,146.74,219.0976,,,,143.999,0,0,165.999,0,93.999,112.999,0
322,No Match,None,unmatched,8972,10.995,17.594,134.84,219.1164,,,,0,0,0,0,0,0,50.999,60.999
323,No Match,None,unmatched,8988,13.816,17.599,134.87,219.1164,,,,0,50.999,0,0,0,0,58.999,0
324,No Match,None,unmatched,878,5.88,17.103,131.3,220.9389,,,,592.999,316.999,467.999,397.999,112.999,582.999,335.999,297.999
325,No Match,None,unmatched,2030,6.9575,17.1265,131.445,221.95415,,,,229.999,0,240.999,207.999,243.999,162.999,140.999,0
326,No Match,None,unmatched,4525,9.435,16.755,128.79,222.0223,,,,28.33615243,0,0,37.33615243,0,0,0,0
327,No Match,None,unmatched,9041,7.931,16.758,128.37,222.0231,,,,0,51.999,0,0,0,0,52.999,0
328,No Match,None,unmatched,8619,14.098,17.094,131.26,222.0279,,,,0,0,0,0,56.999,73.999,0,0
329,No Match,None,unmatched,4214,4.34,17.198,132.04,222.912,,,,139.999,90.999,0,137.999,129.999,0,0,0
330,No Match,None,unmatched,4507,5.1585,17.2065,132.025,222.91085,,,,64.999,101.999,0,0,0,0,0,0
331,No Match,None,unmatched,2956,6.303,17.233,132.23,222.9118,,,,157.999,68.999,164.999,133.999,128.999,0,67.999,57.999
332,No Match,None,unmatched,3550,6.253,17.207,132.14,222.9145,,,,124.999,59.999,176.999,104.999,0,154.999,0,0
333,No Match,None,unmatched,1101,5.866,17.124,131.4,222.935,,,,365.999,273.999,405.999,266.999,269.999,418.999,249.999,200.999
334,No Match,None,unmatched,195,9.101,19.612,150.46,223.0276,,,,2469.846737,605.8467374,2348.846737,2132.846737,977.8467374,1154.846737,1095.846737,1014.846737
335,No Match,None,unmatched,3285,10.875,19.603,150.6,223.0285,,,,185.999,0,213.999,198.999,0,89.999,0,0
336,No Match,None,unmatched,2389,12.72,19.586,150.42,223.0286,,,,204.999,0,260.999,220.999,155.999,168.999,0,0
337,No Match,None,unmatched,59,13.90433333,19.61833333,150.52,223.0273667,,,,9145.999,6446.999,8955.999,9172.999,7606.999,7711.999,4286.999,4096.999
338,No Match,None,unmatched,100,14.8642,19.6094,150.49,223.02772,,,,883.999,754.999,1248.999,1042.999,224.999,612.999,470.999,407.999
339,No Match,None,unmatched,605,15.576,19.613,150.63,223.0278,,,,225.4411733,0,391.4411733,710.4411733,0,0,0,367.4411733
340,No Match,None,unmatched,1684,6.92,17.125,131.37,223.9515,,,,296.999,150.999,272.999,159.999,214.999,189.999,101.999,160.999
341,No Match,None,unmatched,1593,5.095,16.995,130.36,224.0592,,,,91.999,0,0,0,0,0,1566.999,0
342,No Match,None,unmatched,2853,6.045,17.033,130.4,224.05965,,,,0,353.999,0,0,0,0,300.999,167.999
343,No Match,None,unmatched,3790,4.847,17.77,136.42,224.0602,,,,190.999,135.999,159.999,87.999,0,0,0,0
344,No Match,None,unmatched,1103,4.864,18.3175,140.455,224.06105,,,,418.999,425.999,0,305.999,373.999,365.999,318.999,234.999
345,No Match,None,unmatched,8396,5.906,17.141,131.52,224.9341,,,,0,0,0,0,69.999,70.999,0,0
346,No Match,None,unmatched,2084,13.544,19.13966667,146.7433333,225.0057,,,,328.999,193.999,305.999,315.999,316.999,237.999,167.999,138.999
347,No Match,None,unmatched,5698,13.636,18.94,145.21,225.011,,,,77.999,104.999,0,0,0,132.999,0,0
348,No Match,None,unmatched,2873,5.655333333,17.09533333,130.91,225.0669667,,,,0,241.999,0,0,131.999,109.999,282.999,347.999
349,No Match,None,unmatched,7666,6.303,17.098,131.02,225.0691,,,,0,108.999,0,0,69.999,0,0,0
350,No Match,None,unmatched,3579,2.97,19.563,150.09,226.0168,,,,149.999,0,199.999,207.999,0,0,58.999,0
351,No Match,None,unmatched,5139,11.78,19.032,146.05,227.0013,,,,134.999,0,114.999,0,0,126.999,0,0
352,No Match,None,unmatched,6541,5.547,19.511,149.82,227.0388,,,,0,0,120.999,126.999,0,0,0,0
353,No Match,None,unmatched,7196,12.4205,18.554,142.01,228.98005,,,,151.999,77.999,188.999,177.999,201.999,114.999,0,125.999
354,No Match,None,unmatched,400,6.1095,19.7785,151.29,229.05385,,,,1308.999,726.999,1266.999,1164.999,1009.999,970.999,602.999,618.999
355,No Match,None,unmatched,1053,2.278,18.952,145.17,230.0109,,,,436.999,261.999,468.999,509.999,355.999,329.999,0,210.999
356,No Match,None,unmatched,4370,10.144,18.41,140.82,230.0528,,,,0,90.999,189.999,0,0,0,65.999,125.999
357,No Match,None,unmatched,7267,12.469,18.417,141.17,230.977,,,,131.999,0,0,0,66.999,0,0,0
358,No Match,None,unmatched,7046,3.944,15.89,121.71,230.9824,,,,67.999,145.999,0,0,0,0,0,0
359,No Match,None,unmatched,587,2.6015,19.186,146.71,230.9939,,,,687.999,576.999,849.999,789.999,570.999,744.999,445.999,315.999
360,No Match,None,unmatched,3308,8.6825,18.3835,140.8,231.04855,,,,0,0,0,0,213.999,140.999,0,0
361,No Match,None,unmatched,954,14,18.385,140.74,231.04805,,,,632.999,108.999,605.999,489.999,316.999,349.999,0,364.999
362,No Match,None,unmatched,5191,3.637,17.146,131.49,231.0496,,,,0,0,126.999,134.999,0,107.999,0,0
363,No Match,None,unmatched,3675,7.766,18.388,140.71,231.05015,,,,0,0,0,0,243.999,153.999,0,198.999
364,No Match,None,unmatched,5588,8.68,18.384,140.8,231.051,,,,0,0,0,0,171.999,153.999,0,0
365,No Match,None,unmatched,3536,11.256,18.346,140.47,231.0508,,,,0,182.999,0,207.999,0,233.999,0,0
366,No Match,None,unmatched,4056,14.84,18.33,140.21,231.0502,,,,0,0,0,0,279.999,0,244.999,0
367,No Match,None,unmatched,3239,15.364,18.388,140.71,231.0495,,,,0,0,0,0,253.999,225.999,218.999,0
368,No Match,None,unmatched,1813,3.55,17.071,130.72,232.0573,,,,311.999,235.999,0,211.999,196.999,381.999,90.999,0
369,No Match,None,unmatched,5827,4.818,17.113,131.21,232.0601,,,,69.999,0,0,86.999,0,145.999,0,0
370,No Match,None,unmatched,7159,4.042,16.741,128.17,232.9263,,,,0,0,0,69.999,0,81.999,0,53.999
371,No Match,None,unmatched,1848,3.072,19.708,150.79,232.9935,,,,324.999,203.999,235.999,0,230.999,217.999,0,175.999
372,No Match,None,unmatched,4099,12.669,18.383,140.55,233.0398,,,,0,252.999,0,0,263.999,0,0,0
373,No Match,None,unmatched,7708,9.766,19.792,151.61,233.1146,,,,93.999,0,0,0,0,81.999,0,0
374,No Match,None,unmatched,912,13.594,19.819,151.63,233.1149,,,,477.999,321.999,565.999,500.999,291.999,347.999,270.999,213.999
375,No Match,None,unmatched,5608,10.249,18,137.84,234.0416,,,,19.87717209,0,0,53.87717209,0,0,0,0
376,No Match,None,unmatched,2799,5.334,18.902,144.47,238.0762,,,,0,185.999,165.999,168.999,239.999,0,77.999,0
377,No Match,None,unmatched,4994,7.953,20.335,155.39,238.11,,,,0,0,201.999,0,98.999,0,91.999,0
378,No Match,None,unmatched,7040,5.942,19.648,150.46,239.0679,,,,104.999,0,108.999,0,0,0,0,0
379,No Match,None,unmatched,1450,7.461666667,19.614,149.93,239.0661333,,,,66.35963449,0,162.3596345,0,0,0,0,0
380,No Match,None,unmatched,7339,14.088,19.5865,149.665,239.06655,,,,49.999,0,0,70.999,0,73.999,75.999,0
381,No Match,None,unmatched,3497,6.2515,17.65,134.71,239.08245,,,,0,251.999,185.999,0,0,0,194.999,123.999
382,No Match,None,unmatched,2299,6.601,17.62,134.74,239.0848,,,,271.999,108.999,150.999,0,330.999,199.999,0,0
383,No Match,None,unmatched,1819,3.881,18.416,140.68,240.9115,,,,356.999,193.999,379.999,334.999,0,0,61.999,94.999
384,No Match,None,unmatched,6758,3.591,19.289,147.43,240.9611,,,,77.999,58.999,93.999,0,0,0,0,0
385,No Match,None,unmatched,8370,4.563,19.176,146.78,240.9586,,,,84.999,0,0,56.999,0,0,0,0
386,No Match,None,unmatched,5300,5.075,19.238,147.15,240.9617,,,,0,0,13.83522074,0,11.83522074,0,0,0
387,No Match,None,unmatched,7136,9.951,19.256,146.96,240.9617,,,,60.999,0,0,0,0,0,64.999,80.999
388,No Match,None,unmatched,7643,7.583,19.206,146.92,240.9625,,,,70.999,0,0,55.999,0,52.999,0,0
389,No Match,None,unmatched,5673,13.477,17.4525,133.335,241.03575,,,,59.999,63.999,0,58.999,0,0,0,53.999
390,No Match,None,unmatched,6006,14.155,17.509,133.6533333,241.0359,,,,0,56.999,68.999,0,0,0,74.999,87.999
391,No Match,None,unmatched,7407,12.7805,17.4835,133.65,241.04,,,,0,0,54.999,70.999,62.999,64.999,72.999,0
392,No Match,None,unmatched,5360,9.3775,17.454,133.485,242.03385,,,,276.999,0,0,0,212.999,0,0,0
393,No Match,None,unmatched,4425,9.751,17.433,133.32,242.0337,,,,232.999,0,0,0,231.999,0,0,0
394,No Match,None,unmatched,4562,15.537,17.492,133.56,242.034,,,,0,0,0,0,173.999,150.999,122.999,0
395,No Match,None,unmatched,3040,12.154,18.3205,139.945,242.0329,,,,0,0,0,62.999,0,0,0,51.999
396,No Match,None,unmatched,4500,14.03625,18.359,140.1925,242.0325,,,,0,95.999,0,60.999,0,0,0,0
397,No Match,None,unmatched,7769,10.705,18.989,145.02,242.0313,,,,0,0,52.999,0,61.999,0,0,57.999
398,No Match,None,unmatched,3908,14.812,17.489,133.65,242.0349,,,,0,0,0,0,343.999,209.999,0,0
399,No Match,None,unmatched,8868,12.086,18.986,145.02,242.0362,,,,0,0,0,0,61.999,56.999,0,0
400,No Match,None,unmatched,1984,3.897,18.434,140.87,242.9101,,,,217.999,0,281.999,188.999,251.999,208.999,112.999,0
401,No Match,None,unmatched,5072,3.194,19.433,148.54,242.9967,,,,0,0,75.999,138.999,89.999,78.999,0,0
402,No Match,None,unmatched,5782,4.158,20.003,152.8,243.0323,,,,0,105.999,108.999,92.999,0,0,0,0
403,No Match,None,unmatched,6582,13.644,20.1055,153.66,243.10045,,,,143.999,0,236.999,0,103.999,140.999,0,0
404,No Match,None,unmatched,1935,13.363,17.545,133.68,244.0248,,,,0,804.999,0,0,0,0,0,505.999
405,No Match,None,unmatched,5427,7.336,18.405,140.37,244.0252,,,,0,223.999,0,0,0,119.999,0,0
406,No Match,None,unmatched,5351,10.795,18.951,144.65,244.0221,,,,0,199.999,0,151.999,0,0,0,0
407,No Match,None,unmatched,77,6.616333333,17.93266667,136.69,244.9058667,,,,5877.999,5244.999,5253.999,4597.999,6988.999,6520.999,4088.999,3481.999
408,No Match,None,unmatched,2536,6.967,17.933,136.6,244.9048,,,,0,347.999,0,0,0,0,277.999,311.999
409,No Match,None,unmatched,1484,13.94,17.535,133.58,245.0211,,,,0,722.999,0,0,0,0,614.999,459.999
410,No Match,None,unmatched,2494,14.938,17.508,133.64,245.0215,,,,513.999,0,0,0,0,0,446.999,0
411,No Match,None,unmatched,984,14.1005,17.48825,133.5925,245.0226,,,,844.999,1014.999,1086.999,967.999,502.999,662.999,635.999,772.999
412,No Match,None,unmatched,1217,2.596,20.372,155.44,245.0477,,,,379.999,214.999,328.999,339.999,392.999,233.999,153.999,184.999
413,No Match,None,unmatched,176,4.188333333,20.55333333,156.57,245.0468,,,,2815.999,1908.999,2801.999,2523.999,2290.999,2311.999,1700.999,1412.999
414,No Match,None,unmatched,8922,9.716,19.116,146.2,245.0632,,,,0,0,61.999,53.999,0,0,0,0
415,No Match,None,unmatched,8150,14.2,20.259,154.93,245.1155,,,,81.999,0,0,70.999,0,0,0,0
416,No Match,None,unmatched,5509,8.8,19.152,146.35,246.0601,,,,0,0,148.999,136.999,49.999,0,0,0
417,No Match,None,unmatched,1844,4.645,17.63033333,134.27,246.0733333,,,,0,440.999,0,0,0,0,565.999,416.999
418,No Match,None,unmatched,1817,6.822333333,17.95233333,136.6866667,246.9022333,,,,0,580.999,0,0,0,0,482.999,360.999
419,No Match,None,unmatched,6536,9.087,17.141,130.99,247.0146,,,,96.999,0,58.999,0,0,91.999,0,0
420,No Match,None,unmatched,6939,12.398,17.092,130.62,247.0161,,,,0,0,80.999,79.999,0,58.999,0,0
421,No Match,None,unmatched,9032,12.7535,17.1195,130.735,247.01855,,,,0,51.999,0,53.999,0,0,0,0
422,No Match,None,unmatched,8960,13.572,17.019,130.03,247.0189,,,,0,0,0,60.999,51.999,0,0,0
423,No Match,None,unmatched,4359,6.657666667,17.956,136.6566667,248.8988333,,,,0,218.999,0,0,0,0,259.999,114.999
424,No Match,None,unmatched,5504,2.368,13.1585,100.445,248.9681,,,,0,179.999,0,0,0,167.999,0,173.999
425,No Match,None,unmatched,4743,9.365,13.111,100.1,248.9678,,,,0,0,0,194.999,0,0,0,229.999
426,No Match,None,unmatched,5587,10.456,13.123,100.19,248.9685,,,,0,245.999,0,79.999,0,0,0,0
427,No Match,None,unmatched,5080,11.905,13.124,100.135,248.96775,,,,0,214.999,0,150.999,0,0,167.999,0
428,No Match,None,unmatched,5026,14.717,13.141,100.46,248.9666,,,,0,0,73.00302614,0,20.00302614,0,0,0
429,No Match,None,unmatched,6193,6.375,17.894,136.42,250.897,,,,0,154.999,0,118.999,0,0,0,0
430,No Match,None,unmatched,7032,6.94,16.374,125.09,250.9941,,,,144.999,0,0,69.999,0,0,0,0
431,No Match,None,unmatched,9060,4.2885,18.492,140.79,251.0011,,,,0,82.999,0,0,0,0,64.999,0
432,No Match,None,unmatched,4584,5.1215,18.4265,140.565,251.00285,,,,0,0,112.999,107.999,98.999,0,0,0
433,No Match,None,unmatched,8324,7.3135,18.3975,140.35,251.00545,,,,56.999,0,0,0,93.999,83.999,0,0
434,No Match,None,unmatched,4583,5.998,18.4345,140.46,251.999,,,,201.999,0,0,0,0,0,0,241.999
435,No Match,None,unmatched,6372,13.168,18.488,140.78,252.0023,,,,0,0,0,0,148.999,0,111.999,0
436,No Match,None,unmatched,4535,9.813,18.443,140.41,252.997,,,,0,0,0,0,234.999,0,215.999,0
437,No Match,None,unmatched,8331,3.067,18.046,137.77,253.9939,,,,62.999,0,0,80.999,0,0,0,0
438,No Match,None,unmatched,8182,4.902,18.186,138.545,253.9946,,,,87.999,57.999,0,62.999,0,0,65.999,0
439,No Match,None,unmatched,8461,5.752,18.088,138.1,253.9917,,,,81.999,0,55.999,0,0,0,0,0
440,No Match,None,unmatched,7534,6.523,18.106,138.19,253.9927,,,,111.999,0,55.999,0,0,0,0,0
441,No Match,None,unmatched,6837,3.318,18.087,138.08,253.996,,,,58.999,0,61.999,105.999,0,0,0,0
442,No Match,None,unmatched,6859,4.491,18.113,138.09,253.9977,,,,75.999,0,0,88.999,0,0,0,60.999
443,No Match,None,unmatched,8573,6.655,18.0715,137.97,253.9966,,,,67.999,0,93.999,52.999,0,0,0,0
444,No Match,None,unmatched,784,2.046,18.478,140.7,256.966,,,,482.999,371.999,591.999,520.999,411.999,507.999,321.999,323.999
445,No Match,None,unmatched,7557,13.4515,18.503,140.88,257.04505,,,,0,0,0,0,51.999,73.999,57.999,0
446,No Match,None,unmatched,5344,14.2625,13.1965,100.625,257.93415,,,,0,0,122.999,110.999,0,0,0,118.999
447,No Match,None,unmatched,5824,4.873,18.477,140.89,258.0401,,,,71.999,0,75.999,91.999,0,63.999,0,0
448,No Match,None,unmatched,8853,5.463,18.505,141.17,258.0421,,,,64.999,0,54.999,0,0,0,0,0
449,No Match,None,unmatched,8358,7.153,18.445,140.71,258.0408,,,,0,0,65.999,75.999,0,0,0,0
450,No Match,None,unmatched,8640,8.452,18.487,141.03,258.0409,,,,78.999,0,50.999,0,0,0,0,0
451,No Match,None,unmatched,6341,15.994,18.475,140.93,258.0408,,,,87.999,0,80.999,93.999,0,0,0,0
452,No Match,None,unmatched,717,7.923,20.916,159.2,258.0856,,,,217.0423805,0,123.0423805,114.0423805,0,0,0,0
453,No Match,None,unmatched,1227,3.134,17.792,135.49,259.0094,,,,386.999,0,343.999,89.999,455.999,509.999,209.999,212.999
454,No Match,None,unmatched,8016,15.448,13.209,100.63,259.9341,,,,103.999,0,0,0,0,0,0,55.999
455,No Match,None,unmatched,2875,12.655,19.025,144.76,260.0408,,,,0,400.999,0,413.999,0,0,0,0
456,No Match,None,unmatched,9039,9.881,19.899,151.73,260.0771,,,,0,0,53.999,50.999,0,0,0,0
457,No Match,None,unmatched,6017,10.115,18.638,141.79,261.034,,,,144.999,142.999,0,0,0,0,0,0
458,No Match,None,unmatched,3896,15.564,19.086,145.19,261.0359,,,,0,0,203.999,0,0,0,351.999,0
459,No Match,None,unmatched,392,14.953,19.016,144.665,261.04015,,,,0,1675.999,0,1925.999,1198.999,1113.999,1202.999,2139.999
460,No Match,None,unmatched,4807,12.711,19.908,151.57,261.0724,,,,53.999,83.999,128.999,90.999,59.999,0,0,0
461,No Match,None,unmatched,7150,6.553,20.78,158.04,261.1077,,,,156.999,49.999,0,0,0,0,0,0
462,No Match,None,unmatched,5070,9.92,19.337,147.07,262.0369,,,,0,0,0,105.999,0,0,0,278.999
463,No Match,None,unmatched,147,14.944,19.061,144.86,262.03595,,,,0,4566.999,2632.999,4697.999,1536.999,1683.999,3006.999,3431.999
464,No Match,None,unmatched,4454,9.218,18.7,142.21,263.0329,,,,0,315.999,144.999,0,0,0,0,0
465,No Match,None,unmatched,1084,13.2015,19.0315,144.405,263.0327,,,,0,1442.999,0,0,0,0,2411.999,2924.999
466,No Match,None,unmatched,191,14.0445,19.02875,144.61,263.032875,,,,0,3022.999,7191.999,4002.844202,2220.999,0,3181.999,4022.999
467,No Match,None,unmatched,9012,11.82,19.057,144.78,263.108,,,,0,56.999,0,0,0,50.999,0,0
468,No Match,None,unmatched,2441,7.744,18.665,141.86,264.032,,,,0,11.21278288,0,0,0,174.2127829,0,0
469,No Match,None,unmatched,5749,4.217,19.355,146.8,264.9217,,,,0,159.999,0,0,0,0,0,150.999
470,No Match,None,unmatched,6055,6.791,19.373,146.93,264.9216,,,,0,158.999,0,0,0,0,0,125.999
471,No Match,None,unmatched,6688,10.005,19.398,147.13,264.922,,,,0,0,0,0,0,0,109.999,126.999
472,No Match,None,unmatched,7130,4.801,19.73,149.81,265.0617,,,,0,0,0,0,0,116.999,0,90.999
473,No Match,None,unmatched,8850,10.6655,18.4515,139.95,266.0064,,,,0,57.999,0,0,0,0,61.999,58.999
474,No Match,None,unmatched,4769,12.2815,18.4315,139.92,266.00695,,,,86.999,100.999,0,76.999,0,0,93.999,68.999
475,No Match,None,unmatched,4754,13.289,18.4525,140.125,266.0069,,,,0,132.999,0,0,0,0,141.999,0
476,No Match,None,unmatched,1997,14.16333333,18.43966667,140.09,266.0081,,,,0,71.999,0,0,0,0,67.999,0
477,No Match,None,unmatched,8705,5.306,18.423,139.88,267.0563,,,,0,72.999,0,0,0,53.999,0,0
478,No Match,None,unmatched,2698,4.663,19.735,149.99,270.9395,,,,172.999,0,197.999,195.999,170.999,0,0,142.999
479,No Match,None,unmatched,7460,8.937,19.776,149.82,270.9368,,,,0,106.999,0,0,0,0,0,82.999
480,No Match,None,unmatched,4422,12.087,19.734,150.18,270.9404,,,,181.999,0,131.999,150.999,0,0,0,0
481,No Match,None,unmatched,3907,4.842,19.754,150.13,270.9414,,,,0,0,245.999,0,157.999,149.999,0,0
482,No Match,None,unmatched,3402,12.179,19.871,150.85,274.0589,,,,0,0,0,27.20569347,0,15.20569347,0,0
483,No Match,None,unmatched,8087,12.913,19.922,151.04,274.0577,,,,0,54.999,0,0,0,0,100.999,0
484,No Match,None,unmatched,5726,14.6955,19.9155,151.165,274.0593,,,,0,0,13.419434,0,26.08568659,0,0,24.08568659
485,No Match,None,unmatched,5867,9.6455,19.915,150.8,276.05085,,,,0,156.999,0,0,0,307.999,231.999,0
486,No Match,None,unmatched,5076,14.128,18.593,140.95,276.9975,,,,0,130.999,126.999,0,0,0,0,125.999
487,No Match,None,unmatched,1789,15.968,19.896,150.84,277.0472,,,,296.999,286.999,0,280.999,0,0,316.999,271.999
488,No Match,None,unmatched,3969,12.80733333,18.58666667,140.9066667,277.9958,,,,0,281.999,0,0,0,314.999,0,0
489,No Match,None,unmatched,667,4.808,17.277,131.07,278.9126,,,,730.999,538.999,541.999,466.999,720.999,576.999,376.999,372.999
490,No Match,None,unmatched,7259,13.4775,19.3745,147.225,279.02595,,,,57.999,0,88.999,52.999,0,0,0,0
491,No Match,None,unmatched,6736,14.23,19.327,146.72,280.0247,,,,0,0,0,116.999,116.999,0,0,0
492,No Match,None,unmatched,8539,13.739,19.98,151.13,280.0293,,,,0,0,0,0,0,0,67.999,66.999
493,No Match,None,unmatched,3687,14.59066667,19.94733333,151.1766667,280.0296,,,,16.83522074,85.999,120.999,102.999,0,0,130.999,186.999
494,No Match,None,unmatched,4529,13.78133333,19.937,151.0066667,280.0316333,,,,0,128.999,0,93.999,100.999,112.999,145.999,98.999
495,No Match,None,unmatched,8183,14.6575,19.861,150.59,280.03245,,,,98.999,87.999,0,55.999,74.999,75.999,151.999,0
496,No Match,None,unmatched,7838,3.384,20.713,156.47,286.9687,,,,0,76.999,0,0,0,0,0,91.999
497,No Match,None,unmatched,7814,6.6395,20.65,156.22,286.96895,,,,0,74.999,0,0,0,0,77.999,53.999
498,No Match,None,unmatched,8298,8.554,20.668,156.5,286.9691,,,,0,57.999,86.999,0,0,0,0,0
499,No Match,None,unmatched,3392,8.905,19.173,145.07,287.0325,,,,0,0,0,0,217.999,0,0,437.999
500,No Match,None,unmatched,2318,15.7635,19.217,145.77,287.0357,,,,752.999,0,526.999,0,0,0,0,0
501,No Match,None,unmatched,5772,10.617,19.246,145.39,289.0561,,,,0,195.999,0,0,0,0,0,112.999
502,No Match,None,unmatched,5543,12.597,20.1765,152.835,290.0285,,,,69.999,0,92.999,64.999,0,0,56.999,56.999
503,No Match,None,unmatched,6977,11.377,20.196,153.22,290.0318,,,,77.999,0,72.999,66.999,0,0,0,0
504,No Match,None,unmatched,7627,13.895,19.52,147.74,291.0121,,,,84.999,0,0,0,0,0,0,95.999
505,No Match,None,unmatched,8351,14.131,19.484,147.565,291.017,,,,0,75.999,0,88.999,92.999,0,0,0
506,No Match,None,unmatched,6421,13.259,19.491,147.73,292.0098,,,,25.25224973,0,27.25224973,0,0,0,0,0
507,No Match,None,unmatched,7699,2.591,19.729,148.9,294.8996,,,,0,84.999,0,0,0,0,0,91.999
508,No Match,None,unmatched,8473,4.576,19.742,149.33,294.9022,,,,0,0,82.999,0,0,0,0,54.999
509,No Match,None,unmatched,8189,6.89,19.701,148.68,294.8996,,,,0,56.999,0,0,0,0,93.999,0
510,No Match,None,unmatched,8684,8.428,19.727,148.88,294.8995,,,,0,67.999,0,0,0,0,0,59.999
511,No Match,None,unmatched,6339,11.3205,21.855,165.01,297.0442,,,,520.999,191.999,432.999,463.999,315.999,231.999,270.999,185.999
512,No Match,None,unmatched,1768,14.566,21.861,165.3,297.0452,,,,58.79637501,0,64.79637501,0,0,0,0,0
513,No Match,None,unmatched,8400,15.395125,21.846375,165.155,297.04445,,,,210.999,210.999,58.54466692,189.999,125.999,0,176.999,161.999
514,No Match,None,unmatched,1811,15.8455,21.839,165.27,297.046,,,,0,0,232.999,256.999,132.999,0,0,0
515,No Match,None,unmatched,6203,12.581,20.118,152.115,300.0548,,,,0,0,65.999,100.999,0,0,105.999,0
516,No Match,None,unmatched,866,9.7575,21.1305,159.665,304.90745,,,,286.6578502,0,69.999,0,0,0,135.999,127.999
517,No Match,None,unmatched,1772,13.76033333,20.60133333,155.3933333,305.0442,,,,0,754.999,0,0,0,0,0,489.999
518,No Match,None,unmatched,876,15.13,20.594,155.36,305.04505,,,,0,0,0,0,498.999,0,419.999,279.999
519,No Match,None,unmatched,4165,15.715,20.574,155.02,305.0455,,,,0,211.999,0,0,0,0,295.999,0
520,No Match,None,unmatched,7762,11.623,20.227,152.59,306.0455,,,,0,0,0,0,92.999,0,0,79.999
521,No Match,None,unmatched,1349,13.1135,20.593,155.24,306.04195,,,,0,905.999,0,0,0,0,0,1085.999
522,No Match,None,unmatched,6447,12.714,20.789,156.8,306.0591,,,,0,0,0,0,148.999,0,104.999,0
523,No Match,None,unmatched,1148,9.778333333,21.16733333,159.8033333,306.9044667,,,,0,28.66927872,0,0,80.75318142,0,0,0
524,No Match,None,unmatched,2810,12.833,20.3765,153.765,308.04225,,,,0,0,0,0,95.999,0,0,105.999
525,No Match,None,unmatched,4194,3.186,20.117,152.06,310.9327,,,,163.999,0,189.999,0,0,147.999,0,0
526,No Match,None,unmatched,5614,6.944,20.151,151.97,310.9325,,,,0,0,0,0,107.999,126.999,88.999,0
527,No Match,None,unmatched,4946,7.84,20.114,151.91,310.9319,,,,0,116.999,152.999,129.999,0,0,0,0
528,No Match,None,unmatched,5976,9.315,20.117,151.93,310.9316,,,,102.999,66.999,120.999,0,0,0,0,0
529,No Match,None,unmatched,5883,12.934,20.122,151.97,310.9328,,,,97.999,0,0,96.999,0,0,0,102.999
530,No Match,None,unmatched,3349,9.772,21.771,164.39,316.9345,,,,246.1689682,0,0,62.16896816,0,0,0,0
531,No Match,None,unmatched,5739,4.827,19.981,150.66,318.0447,,,,0,68.999,0,92.999,0,149.999,0,0
532,No Match,None,unmatched,3289,8.439,17.543,132.53,318.9777,,,,149.999,0,191.999,176.999,0,167.999,0,0
533,No Match,None,unmatched,4802,11.148,21.482,161.99,319.0645,,,,80.999,78.999,106.999,52.999,0,0,97.999,0
534,No Match,None,unmatched,8545,14.5,21.489,162.36,319.065,,,,0,0,68.999,65.999,0,0,0,0
535,No Match,None,unmatched,8741,13.092,21.115,159.34,320.0133,,,,50.999,0,0,0,0,73.999,0,0
536,No Match,None,unmatched,4483,8.737,21.068,158.9,321.0032,,,,141.999,0,0,134.999,0,0,0,180.999
537,No Match,None,unmatched,5758,11.7295,21.123,158.855,321.00395,,,,0,163.999,0,0,0,151.999,167.999,158.999
538,No Match,None,unmatched,7199,13.065,21.125,159.39,321.0075,,,,0,0,79.999,0,0,123.999,0,0
539,No Match,None,unmatched,7816,8.241,19.998,150.62,322.0031,,,,0,57.999,0,0,57.999,54.999,0,0
540,No Match,None,unmatched,8990,13.208,19.974,150.52,322.0002,,,,0,0,0,49.999,0,0,0,59.999
541,No Match,None,unmatched,3589,10.874,21.144,159.33,322.001,,,,0,0,117.999,0,347.999,0,0,148.999
542,No Match,None,unmatched,5914,4.81,21.593,162.935,322.9653,,,,108.999,0,0,186.999,0,0,0,0
543,No Match,None,unmatched,5142,6.005,21.646,163.07,322.9647,,,,118.999,0,0,0,112.999,0,143.999,0
544,No Match,None,unmatched,8867,2.2735,20.6625,155.57,328.8989,,,,87.999,79.999,77.999,0,0,89.999,69.999,54.999
545,No Match,None,unmatched,4822,11.986,22.238,167.55,328.98225,,,,201.999,175.999,170.999,244.999,0,0,183.999,0
546,No Match,None,unmatched,55,10.39633333,21.33266667,160.4233333,329.0456667,,,,10681.51598,4539.515979,10759.51598,9700.515979,6493.515979,5900.515979,5562.515979,5210.515979
547,No Match,None,unmatched,3680,13.596,21.376,160.93,329.0446,,,,0,0,469.999,0,0,0,0,125.999
548,No Match,None,unmatched,419,14.6035,21.336,160.645,329.0471,,,,1298.662579,262.6625789,1259.662579,1203.662579,418.6625789,348.6625789,195.6625789,319.6625789
549,No Match,None,unmatched,402,15.091,21.382,160.97,329.045,,,,1256.999,819.999,1368.999,1328.999,800.999,755.999,694.999,634.999
550,No Match,None,unmatched,7068,10.9365,20.7935,156.755,329.05165,,,,71.999,0,99.999,135.999,91.999,0,0,57.999
551,No Match,None,unmatched,2633,13.534,21.27,160.21,329.0488,,,,0,0,30.00364726,212.0036473,0,0,0,0
552,No Match,None,unmatched,8719,13.112,20.744,156.55,329.0556,,,,51.999,0,0,73.999,0,0,0,0
553,No Match,None,unmatched,8463,6.766,20.016,150.54,329.9826,,,,0,64.999,0,0,72.999,0,0,0
554,No Match,None,unmatched,482,7.868333333,17.675,133,330.9744667,,,,100.999,56.999,0,0,0,0,84.999,152.999
555,No Match,None,unmatched,1218,7.681,18.264,137.61,330.9766,,,,108.8092967,0,61.8092967,0,0,0,0,0
556,No Match,None,unmatched,1422,13.8235,21.273,160.04,331.04255,,,,0,392.999,0,0,373.999,383.999,331.999,409.999
557,No Match,None,unmatched,8526,11.949,21.932,165.43,333.0361,,,,69.999,0,0,64.999,0,0,0,0
558,No Match,None,unmatched,572,8.1005,22.9635,172.54,334.07005,,,,0,0,0,0,44.62894912,0,83.999,108.999
559,No Match,None,unmatched,9053,3.912,19.596,147.64,334.8935,,,,50.999,0,0,0,50.999,0,0,0
560,No Match,None,unmatched,8590,15.577,19.672,148.21,334.8948,,,,55.999,0,0,0,75.999,0,0,0
561,No Match,None,unmatched,5885,13.26,21.86,164.44,335.0209,,,,57.999,64.999,56.999,0,55.999,0,61.999,0
562,No Match,None,unmatched,6737,10.9615,21.8195,164.425,336.0169,,,,57.999,0,0,79.999,0,0,0,0
563,No Match,None,unmatched,6622,9.654,22.014,165.26,346.0532,,,,0,64.999,0,98.999,0,0,77.999,0
564,No Match,None,unmatched,8334,11.588,21.938,165.23,346.0661,,,,0,0,80.999,62.999,0,0,0,0
565,No Match,None,unmatched,7300,10.77,20.68,155.15,347.002,,,,0,0,0,0,65.999,0,68.999,62.999
566,No Match,None,unmatched,8491,11.539,20.761,155.6,347.9934,,,,0,60.999,0,0,0,0,0,75.999
567,No Match,None,unmatched,9042,10.095,22.097,165.57,348.0592,,,,0,51.999,0,0,0,0,51.999,0
568,No Match,None,unmatched,5470,14.265,22.066,165.55,348.0581,,,,0,130.999,0,50.999,0,0,76.999,80.999
569,No Match,None,unmatched,5304,11.6885,22.0525,165.26,352.9414,,,,0,168.999,0,0,0,145.999,186.999,0
570,No Match,None,unmatched,4290,15.631,22.038,165.45,352.9448,,,,0,0,0,0,272.999,211.999,0,0
571,No Match,None,unmatched,6729,12.371,21.615,162.55,353.029,,,,0,0,63.999,86.999,82.999,0,0,0
572,No Match,None,unmatched,1590,4.667,23.077,173.23,353.0309,,,,235.999,256.999,324.999,255.999,221.999,0,159.999,207.999
573,No Match,None,unmatched,8610,12.62,21.651,162.54,354.0191,,,,0,63.999,0,66.999,0,0,0,0
574,No Match,None,unmatched,7036,11.981,21.749,163.175,354.04705,,,,77.999,75.999,0,0,0,60.999,0,0
575,No Match,None,unmatched,8864,13.194,21.761,163.36,354.0459,,,,55.999,0,0,0,0,0,62.999,0
576,No Match,None,unmatched,2203,5.436,23.554,176.89,356.1148,,,,147.999,176.999,214.999,141.999,185.999,243.999,0,0
577,No Match,None,unmatched,2025,12.4025,23.583,176.945,357.0114,,,,126.999,129.999,171.999,168.999,207.999,228.999,133.999,119.999
578,No Match,None,unmatched,2112,15.0565,23.591,177.08,357.01095,,,,124.999,238.999,154.999,159.999,198.999,130.999,139.999,125.999
579,No Match,None,unmatched,8487,10.055,22.495,169.01,357.0404,,,,0,0,71.999,0,0,65.999,0,0
580,No Match,None,unmatched,8553,12.675,22.559,169.53,357.0397,,,,0,0,68.999,64.999,0,0,0,0
581,No Match,None,unmatched,9049,10.778,22.517,168.95,358.0375,,,,0,0,0,49.999,0,0,0,52.999
582,No Match,None,unmatched,2019,3.422,23.158,173.73,359.0769,,,,226.999,183.999,175.999,162.999,0,188.999,169.999,124.999
583,No Match,None,unmatched,8798,8.208,22.824,171.6,362.9563,,,,0,0,58.999,62.999,0,0,0,0
584,No Match,None,unmatched,235,9.566333333,23.03066667,172.3533333,366.8979,,,,1829.999,1587.999,1746.999,1468.999,2030.999,2055.999,1258.999,1201.999
585,No Match,None,unmatched,8254,14.825,22.614,169.52,367.0351,,,,0,0,0,0,56.999,89.999,0,0
586,No Match,None,unmatched,6011,9.624,23.054,172.35,368.8926,,,,0,115.999,0,0,0,0,51.999,120.999
587,No Match,None,unmatched,2870,9.887,18.64,139.49,368.971,,,,0,288.999,0,0,0,0,238.999,288.999
588,No Match,None,unmatched,8955,3.683,23.056,172.36,368.9709,,,,0,60.999,0,0,0,0,51.999,0
589,No Match,None,unmatched,8528,9.231,22.978,172.66,368.9799,,,,52.999,0,0,81.999,0,0,0,0
590,No Match,None,unmatched,8010,9.461,23.041,172.44,370.8914,,,,0,0,0,0,0,66.999,0,92.999
591,No Match,None,unmatched,4322,10.0475,22.467,168.33,371.0527,,,,75.999,63.999,87.999,0,0,80.999,70.999,98.999
592,No Match,None,unmatched,8040,11.479,22.419,168.42,371.0565,,,,79.999,0,78.999,0,0,0,0,0
593,No Match,None,unmatched,7298,3.285,23.7,177.56,372.1074,,,,0,0,95.999,0,0,0,101.999,0
594,No Match,None,unmatched,7916,10.945,22.569,168.88,373.043,,,,0,0,0,0,0,73.999,0,90.999
595,No Match,None,unmatched,288,8.803,18.668,139.89,380.9724,,,,862.7035599,0,1007.70356,759.7035599,0,0,0,0
596,No Match,None,unmatched,1180,8.805,19.484,146.02,380.9731,,,,192.450644,0,240.450644,194.450644,0,0,0,0
597,No Match,None,unmatched,8251,8.862,20.301,152.39,380.9726,,,,65.999,0,0,80.999,0,0,0,0
598,No Match,None,unmatched,2043,4.6935,22.952,171.755,381.02355,,,,172.999,0,229.999,208.999,273.999,0,170.999,161.999
599,No Match,None,unmatched,6360,6.395,22.304,166.9,386.9167,,,,109.999,0,0,0,0,0,151.999,0
600,No Match,None,unmatched,4796,7.3,22.296,166.85,386.9179,,,,145.999,0,0,0,0,135.999,135.999,0
601,No Match,None,unmatched,955,14.531,23.279,174.18,387.0319,,,,485.999,245.999,555.999,519.999,321.999,261.999,239.999,231.999
602,No Match,None,unmatched,7006,10.169,23.091,173.22,387.0631,,,,118.999,0,97.999,0,0,0,0,0
603,No Match,None,unmatched,7680,2.894,24.102,180.05,389.0903,,,,0,80.999,0,0,0,96.999,0,0
604,No Match,None,unmatched,6512,4.024,22.831,170.32,392.9299,,,,0,127.999,0,0,0,0,121.999,0
605,No Match,None,unmatched,76,2.497,24.365,181.89,397.00065,,,,6127.999,3811.999,6444.999,6003.999,6507.999,6855.999,3372.999,3137.999
606,No Match,None,unmatched,9017,9.9975,22.1775,165.685,399.0495,,,,0,59.999,53.999,63.999,0,0,82.999,78.999
607,No Match,None,unmatched,4226,10.7815,22.175,165.67,399.04975,,,,0,72.999,76.999,0,0,0,111.999,79.999
608,No Match,None,unmatched,8763,11.395,22.13333333,165.63,399.053,,,,0,0,115.999,84.999,0,0,0,65.999
609,No Match,None,unmatched,5443,11.95866667,22.15966667,165.6266667,399.0506667,,,,0,68.999,97.999,86.999,0,0,137.999,100.999
610,No Match,None,unmatched,3329,12.65575,22.16225,165.775,399.0524,,,,144.999,0,125.999,87.999,0,125.999,122.999,118.999
611,No Match,None,unmatched,5488,13.6835,22.2015,165.8,399.0509,,,,0,55.999,91.999,0,0,0,105.999,84.999
612,No Match,None,unmatched,8561,10.244,22.153,166.02,399.0555,,,,61.999,0,71.999,0,0,0,0,0
613,No Match,None,unmatched,5960,11.244,22.189,166.08,399.0562,,,,71.999,54.999,86.999,77.999,0,0,0,0
614,No Match,None,unmatched,7725,9.489,22.911,171.38,401.0451,,,,0,54.999,65.999,53.999,0,0,0,0
615,No Match,None,unmatched,6848,10.187,22.94,171.595,401.04335,,,,68.999,74.999,97.999,83.999,0,0,0,0
616,No Match,None,unmatched,8307,10.613,22.856,171.26,401.0475,,,,0,0,53.999,90.999,0,0,0,0
617,No Match,None,unmatched,4234,10.798,22.936,171.4,402.036,,,,95.999,86.999,96.999,94.999,0,0,49.999,69.999
618,No Match,None,unmatched,3428,12.371,22.201,165.585,403.0362,,,,0,183.999,0,0,0,0,0,129.999
619,No Match,None,unmatched,6963,4.575,24.053,179.68,404.9616,,,,81.999,0,0,0,0,59.999,0,76.999
620,No Match,None,unmatched,6793,7.162,24.0405,179.775,404.96535,,,,0,0,118.999,74.999,72.999,116.999,0,0
621,No Match,None,unmatched,8293,9.246,24.051,179.43,404.964,,,,0,55.999,0,0,0,88.999,0,0
622,No Match,None,unmatched,6783,10.213,24.04,179.73,404.9668,,,,0,0,94.999,0,56.999,77.999,0,0
623,No Match,None,unmatched,6448,6.051,24.088,179.78,404.9693,,,,0,0,0,0,66.999,101.999,84.999,0
624,No Match,None,unmatched,4640,15.606,23.669,176.98,404.9877,,,,99.999,177.999,159.999,0,0,0,0,0
625,No Match,None,unmatched,5156,2.28625,23.45975,174.915,410.900025,,,,0,123.999,98.999,0,52.999,103.999,98.999,87.999
626,No Match,None,unmatched,8728,2.098,23.478,175.3,410.9076,,,,0,0,0,0,49.999,75.999,0,0
627,No Match,None,unmatched,7143,2.359,24.372,181.95,412.9735,,,,0,90.999,0,115.999,0,0,0,0
628,No Match,None,unmatched,7575,10.5485,22.9745,171.545,414.0632,,,,56.999,0,54.999,0,0,0,70.999,0
629,No Match,None,unmatched,2712,11.6538,22.9772,171.536,414.06334,,,,0,104.999,99.999,110.999,103.999,94.999,123.999,107.999
630,No Match,None,unmatched,3070,12.4725,22.965,171.3925,414.06225,,,,109.999,134.999,97.999,109.999,110.999,130.999,145.999,150.999
631,No Match,None,unmatched,5603,13.103,22.95066667,171.1566667,414.0617,,,,84.999,114.999,0,0,0,0,0,124.999
632,No Match,None,unmatched,5634,14.118,22.918,171.1,414.0669,,,,61.999,0,0,0,112.999,71.999,75.999,0
633,No Match,None,unmatched,4971,2.896,22.405,167.33,416.8937,,,,88.999,0,70.999,71.999,0,0,73.999,89.999
634,No Match,None,unmatched,9019,4.768,22.376,167.46,416.9024,,,,0,0,57.999,49.999,0,0,0,0
635,No Match,None,unmatched,8940,10.352,22.903,170.95,417.0545,,,,0,0,0,0,54.999,58.999,0,0
636,No Match,None,unmatched,8936,7.885,22.772,169.96,418.0039,,,,0,0,0,0,59.999,54.999,0,0
637,No Match,None,unmatched,9021,12.67,24.74,184.81,420.9924,,,,56.999,0,0,0,49.999,0,0,0
638,No Match,None,unmatched,7234,10.499,23.748,177.225,426.0443,,,,51.999,84.999,64.999,0,0,0,0,0
639,No Match,None,unmatched,8096,11.37333333,23.78466667,177.4033333,426.0426333,,,,88.999,131.999,88.999,94.999,0,163.999,66.999,118.999
640,No Match,None,unmatched,7971,12.16275,23.74025,177.17,426.044225,,,,101.999,117.999,0,94.999,0,162.999,0,132.999
641,No Match,None,unmatched,7033,12.712,23.78566667,177.5133333,426.0432667,,,,67.999,0,87.999,0,0,0,0,108.999
642,No Match,None,unmatched,4304,13.252,23.722,177.01,426.0444,,,,87.999,95.999,0,69.999,0,110.999,0,117.999
643,No Match,None,unmatched,8700,10.29,23.781,177.37,426.0497,,,,60.999,65.999,0,0,0,0,0,0
644,No Match,None,unmatched,6998,10.574,23.723,177.38,428.0401,,,,68.999,0,88.999,58.999,0,0,0,0
645,No Match,None,unmatched,4108,4.866,24.357,181.47,428.9252,,,,158.999,0,0,0,0,0,169.999,186.999
646,No Match,None,unmatched,2651,6.259,19.443,145.18,430.9686,,,,257.999,0,225.999,190.999,110.999,0,110.999,0
647,No Match,None,unmatched,4287,15.661,24.558,183.18,432.9865,,,,97.999,152.999,0,79.999,0,154.999,0,0
648,No Match,None,unmatched,1917,3.115,25.271,188.11,439.0667,,,,151.999,211.999,0,0,335.999,309.999,157.999,157.999
649,No Match,None,unmatched,7059,2.254,23.803,176.93,450.8908,,,,0,57.999,0,0,71.999,0,0,82.999
650,No Match,None,unmatched,7681,3.367,24.614,183.1,450.9735,,,,49.999,0,0,0,0,0,53.999,73.999
651,No Match,None,unmatched,6467,8.1255,24.668,183.58,450.97355,,,,66.999,58.999,0,0,0,0,0,75.999
652,No Match,None,unmatched,7591,4.702,23.974,177.96,458.9011,,,,0,79.999,0,0,0,0,0,102.999
653,No Match,None,unmatched,8593,7.071,24.357,181.44,462.9048,,,,0,0,0,50.999,80.999,0,0,0
654,No Match,None,unmatched,7329,9.27,24.597,183.16,468.917,,,,0,0,88.999,0,0,106.999,0,0
655,No Match,None,unmatched,3338,11.22,20.881,155.36,468.963,,,,137.999,133.999,0,183.999,148.999,0,0,68.999
656,No Match,None,unmatched,2076,12.428,25.529,189.84,469.0327,,,,179.999,82.999,235.999,157.999,148.999,0,188.999,202.999
657,No Match,None,unmatched,3144,4.752,21.655,160.69,471.107,,,,0,316.999,0,0,0,0,217.999,190.999
658,No Match,None,unmatched,240,5.045,26.491,196.5966667,471.1079,,,,1214.999,1705.999,1193.999,1040.999,2357.999,2497.999,1538.999,1443.999
659,No Match,None,unmatched,1028,5.775,26.397,196.25,471.1087,,,,252.999,275.999,295.999,229.999,533.999,441.999,328.999,287.999
660,No Match,None,unmatched,131,12.645,26.03066667,193.2233333,485.0645,,,,4728.999,1178.999,4860.999,4475.999,1764.999,1638.999,3116.999,2559.999
661,No Match,None,unmatched,412,14.748,26.0235,193.325,485.06495,,,,1526.999,466.999,1516.999,1309.999,778.999,697.999,558.999,563.999
662,No Match,None,unmatched,643,15.1355,26.0565,193.31,485.06345,,,,639.999,561.999,755.999,707.999,555.999,283.999,475.999,491.999
663,No Match,None,unmatched,8428,15.252,26.011,193.77,485.0688,,,,0,0,66.999,72.999,0,0,0,0
664,No Match,None,unmatched,7641,15.09,26.115,193.99,487.0635,,,,0,64.999,114.999,0,0,0,0,0
665,No Match,None,unmatched,1120,4.86,26.9545,199.93,487.07995,,,,203.999,287.999,232.999,180.999,511.999,448.999,326.999,209.999
666,No Match,None,unmatched,8804,2.133,25.086,185.8,492.8986,,,,0,0,0,0,0,0,54.999,66.999
667,No Match,None,unmatched,7170,2.709,25.211,186.88,492.9012,,,,0,76.999,0,0,0,65.999,0,62.999
668,No Match,None,unmatched,7285,4.27,26.257,194.45,492.9838,,,,0,72.999,0,0,0,0,67.999,57.999
669,No Match,None,unmatched,9009,4.795,26.223,194.2,492.9818,,,,0,49.999,0,0,0,0,0,58.999
670,No Match,None,unmatched,6756,6.426,26.157,194.24,492.9849,,,,56.999,67.999,0,49.999,0,0,56.999,0
671,No Match,None,unmatched,8650,15.687,25.059,186.01,498.895,,,,0,0,0,0,59.999,68.999,0,0
672,No Match,None,unmatched,3791,14.555,26.345,196.11,499.082,,,,194.999,0,208.999,170.999,0,0,0,0
673,No Match,None,unmatched,5671,15.77,26.346,196.12,499.0806,,,,107.999,0,74.999,135.999,0,0,0,0
674,No Match,None,unmatched,7525,12.72,27.283,202.74,501.1052,,,,116.999,0,0,0,68.999,0,0,0
675,No Match,None,unmatched,6450,10.381,22.774,168.65,502.9328,,,,0,126.999,0,0,0,0,0,126.999
676,No Match,None,unmatched,8305,14.4605,25.807,191.255,502.98475,,,,0,0,0,0,0,73.999,70.999,88.999
677,No Match,None,unmatched,2652,11.678,22.899,169.9,504.9622,,,,0,119.999,0,265.999,186.999,174.999,0,147.999
678,No Match,None,unmatched,1829,11.71,22.905,170.15,507.9639,,,,315.999,154.999,266.999,232.999,226.999,206.999,0,0
679,No Match,None,unmatched,1980,4.84,27.912,207.11,511.1014,,,,131.999,171.999,156.999,116.999,256.999,295.999,134.999,0
680,No Match,None,unmatched,7515,5.8,27.855,206.55,511.1008,,,,0,0,0,0,105.999,80.999,0,0
681,No Match,None,unmatched,6828,5.352,28.033,207.82,515.115,,,,0,0,0,0,138.999,88.999,0,0
682,No Match,None,unmatched,6750,4.731,26.328,195.44,516.9447,,,,112.999,0,68.999,0,0,0,49.999,0
683,No Match,None,unmatched,8931,2.325,26.359,196.04,516.9523,,,,53.999,0,0,60.999,0,0,0,0
684,No Match,None,unmatched,2514,5.6595,28.049,207.965,517.0294,,,,123.999,214.999,158.999,0,221.999,232.999,0,147.999
685,No Match,None,unmatched,8508,11.924,22.055,163.82,518.9591,,,,56.999,0,0,0,0,79.999,0,0
686,No Match,None,unmatched,6349,11.207,23.2,172,530.9637,,,,185.999,76.999,0,0,0,0,0,0
687,No Match,None,unmatched,8892,4.123,27.057,200.51,532.9827,,,,0,0,0,55.999,0,0,0,61.999
688,No Match,None,unmatched,6410,6.517,27.091,200.6,532.9828,,,,0,0,0,62.999,0,62.999,66.999,63.999
689,No Match,None,unmatched,9052,7.372,26.944,199.91,532.9852,,,,0,0,0,49.999,0,51.999,0,0
690,No Match,None,unmatched,8153,2.591,25.984,193.08,534.8921,,,,62.999,0,0,89.999,0,0,0,0
691,No Match,None,unmatched,4777,2.382,28.085,208.01,538.9762,,,,0,0,91.999,0,131.999,118.999,77.999,0
692,No Match,None,unmatched,4601,2.77,26.168,193.925,540.9058,,,,74.999,67.999,76.999,73.999,0,0,0,0
693,No Match,None,unmatched,5258,3.343,26.216,194.42,540.9118,,,,82.999,0,74.999,53.999,0,83.999,0,66.999
694,No Match,None,unmatched,7416,4.2525,26.1675,194.255,540.90745,,,,75.999,0,62.999,64.999,0,0,93.999,0
695,No Match,None,unmatched,2475,13.6745,27.412,203.12,543.05235,,,,162.999,0,165.999,171.999,150.999,133.999,162.999,156.999
696,No Match,None,unmatched,6335,14.976,27.4285,203.26,543.0538,,,,189.999,385.999,124.999,259.999,457.999,335.999,253.999,0
697,No Match,None,unmatched,6824,12.676,28.658,211.88,545.1103,,,,0,0,0,0,0,155.999,0,71.999
698,No Match,None,unmatched,8360,2.744,26.936,200.01,550.9202,,,,81.999,0,0,59.999,0,0,0,0
699,No Match,None,unmatched,8883,6.682,26.951,199.55,550.9165,,,,65.999,51.999,0,0,0,0,0,0
700,No Match,None,unmatched,7735,4.617,26.983,200.04,550.9249,,,,76.999,0,0,0,0,97.999,0,0
701,No Match,None,unmatched,2861,3.46,27.677,204.97,555.0183,,,,125.999,0,108.999,137.999,0,214.999,100.999,132.999
702,No Match,None,unmatched,6776,2.126,26.637,196.96,556.9356,,,,0,70.999,0,0,91.999,66.999,0,0
703,No Match,None,unmatched,8558,2.837,26.624,196.78,556.9357,,,,0,59.999,0,0,73.999,0,0,0
704,No Match,None,unmatched,5032,3.528,26.662,196.965,556.9318,,,,0,69.999,0,0,0,0,69.999,0
705,No Match,None,unmatched,818,14.529,28.237,208.99,557.1036,,,,649.999,241.999,651.999,597.999,372.999,368.999,228.999,231.999
706,No Match,None,unmatched,8113,4.592,28.482,210.71,568.9666,,,,49.999,0,0,0,0,0,0,104.999
707,No Match,None,unmatched,4514,6.846,28.487,210.72,568.9686,,,,81.999,103.999,0,76.999,0,111.999,0,78.999
708,No Match,None,unmatched,7927,8.499,28.582,211.45,568.9635,,,,53.999,109.999,0,0,0,0,0,0
709,No Match,None,unmatched,7110,8.1645,28.46,210.265,574.98235,,,,0,63.999,50.999,0,51.999,64.999,91.999,53.999
710,No Match,None,unmatched,8458,10.922,28.405,210.35,574.987,,,,0,0,0,65.999,0,72.999,0,0
711,No Match,None,unmatched,8635,10.925,28.432,210.54,574.9905,,,,61.999,0,0,0,0,67.999,0,0
712,No Match,None,unmatched,1588,3.127,28.961,214.15,577.075,,,,171.999,311.999,192.999,154.999,209.999,224.999,186.999,210.999
713,No Match,None,unmatched,7090,4.116,28.063,207.13,586.9156,,,,0,51.999,0,0,49.999,55.999,0,52.999
714,No Match,None,unmatched,7262,3.3965,28.0345,207.8,592.9297,,,,64.999,0,77.999,66.999,0,0,0,0
715,No Match,None,unmatched,8518,6.507,28.119,208.42,592.9309,,,,75.999,0,59.999,0,0,0,0,0
716,No Match,None,unmatched,9011,8.78,28.062,208,592.9341,,,,0,0,50.999,56.999,0,0,0,0
717,No Match,None,unmatched,8642,4.387,28.0285,206.785,598.9441,,,,0,59.999,0,0,0,64.999,65.999,0
718,No Match,None,unmatched,8552,3.942,28.011,206.9,598.9578,,,,0,0,0,0,68.999,64.999,0,0
719,No Match,None,unmatched,5706,12.435,28.813,212.87,599.0748,,,,0,0,105.999,0,98.999,0,0,109.999
720,No Match,None,unmatched,6583,2.395,30.016,221.85,606.9936,,,,0,0,0,49.999,112.999,81.999,0,0
721,No Match,None,unmatched,7925,2.358,29.846,220.01,614.9585,,,,0,0,0,0,99.999,0,0,64.999
722,No Match,None,unmatched,7166,3.067,29.141,214.75,614.9785,,,,0,63.999,0,0,66.999,0,74.999,0
723,No Match,None,unmatched,6027,2.374,30.032,221.43,620.9751,,,,0,0,0,0,108.999,102.999,75.999,0
724,No Match,None,unmatched,1909,12.862,28.034,207.04,623.0464,,,,290.999,74.999,332.999,279.999,114.999,121.999,0,117.999
725,No Match,None,unmatched,5811,14.237,29.68,219.07,625.0552,,,,52.999,87.999,0,54.999,0,58.999,0,49.999
726,No Match,None,unmatched,5326,14.964,24.85233333,183.4866667,630.9521333,,,,0,84.999,0,124.999,0,0,0,145.999
727,No Match,None,unmatched,8761,2.58,28.939,213.22,632.9341,,,,0,0,0,0,0,53.999,69.999,0
728,No Match,None,unmatched,4364,4.829,30.491,224.97,635.112,,,,0,112.999,75.999,63.999,0,143.999,0,76.999
729,No Match,None,unmatched,1306,13.218,28.534,210.54,639.0738,,,,497.999,156.999,460.999,453.999,165.999,0,168.999,153.999
730,No Match,None,unmatched,1403,13.525,30.27,223.38,641.0847,,,,421.999,127.999,461.999,357.999,189.999,178.999,181.999,0
731,No Match,None,unmatched,4138,14.991,30.253,223.38,641.0857,,,,518.999,485.999,588.999,582.999,436.999,488.999,429.999,430.999
732,No Match,None,unmatched,7487,7.976,30.188,222.17,650.9711,,,,0,0,0,0,55.999,0,66.999,64.999
733,No Match,None,unmatched,8862,8.53,30.267,222.84,650.9752,,,,0,0,0,0,67.999,0,0,50.999
734,No Match,None,unmatched,4191,15.009,30.36133333,223.9166667,655.0982667,,,,519.999,445.999,647.999,615.999,524.999,455.999,390.999,484.999
735,No Match,None,unmatched,7918,15.074,30.408,223.57,657.0934,,,,0,0,0,0,0,0,62.999,101.999
736,No Match,None,unmatched,4241,12.867,30.046,221.63,667.0537,,,,142.999,0,167.999,0,0,96.999,0,85.999
737,No Match,None,unmatched,1928,13.389,28.441,209.88,669.9541,,,,313.999,0,343.999,328.999,170.999,0,0,159.999
738,No Match,None,unmatched,3470,13.22,30.44,224.42,683.0798,,,,123.999,92.999,142.999,167.999,0,0,0,110.999
739,No Match,None,unmatched,6548,14.557,31.554,232.37,699.0726,,,,0,127.999,0,118.999,0,0,0,0
740,No Match,None,unmatched,8660,3.221,32.285,236.94,714.0326,,,,0,68.999,0,0,0,0,58.999,0
741,No Match,None,unmatched,378,3.279,32.071,236.03,715.0438,,,,731.999,1288.999,670.999,571.999,1581.999,1493.999,984.999,915.999
742,No Match,None,unmatched,9003,11.071,31.792,233.21,732.975,,,,0,0,0,0,0,0,53.999,54.999
743,No Match,None,unmatched,2439,3.266,32.603,239.7,737.0246,,,,135.999,263.999,142.999,0,0,0,230.999,206.999
744,No Match,None,unmatched,8354,2.399,33.349,245.09,748.9762,,,,0,0,0,0,81.999,60.999,0,0
745,No Match,None,unmatched,4074,15.92,27.559,202.13,757.9087,,,,0,293.999,0,0,0,0,227.999,0
746,No Match,None,unmatched,890,13.593,27.88,204.97,780.9426,,,,877.4172305,0,295.4172305,265.4172305,100.4172305,93.41723051,0,0
747,No Match,None,unmatched,2448,13.608,28.494,209.57,780.9429,,,,0,0,125.3064121,0,20.30641208,0,0,0
748,No Match,None,unmatched,4513,15.094,34.051,250.08,797.1058,,,,0,147.999,0,176.999,0,128.999,0,0
749,No Match,None,unmatched,5461,15.081,33.656,246.73,823.0984,,,,0,86.999,0,70.999,0,0,90.999,91.999
750,No Match,None,unmatched,4092,15.099,34.295,251.88,825.1008,,,,80.999,79.999,107.999,97.999,89.999,0,61.999,0
751,No Match,None,unmatched,3612,13.897,28.836,211.57,830.9395,,,,0,0,0,0,71.00866457,27.00866457,0,0
752,No Match,None,unmatched,1337,13.92,29.457,216.52,830.9403,,,,767.999,0,470.999,447.999,0,247.999,0,77.999
753,No Match,None,unmatched,1252,15.0635,34.6865,254.95,839.119,,,,1856.999,1447.999,2227.999,2050.999,2052.999,2058.999,1102.999,1155.999
754,No Match,None,unmatched,3226,15.086,34.983,256.45,867.1092,,,,0,128.999,109.999,67.999,0,145.999,122.999,127.999
755,No Match,None,unmatched,6882,14.2,29.812,218.32,880.9327,,,,0,58.999,0,0,164.999,0,0,0
756,No Match,None,unmatched,1824,14.215,30.824,226.35,880.9358,,,,383.3355313,0,298.3355313,330.3355313,0,0,0,0
757,No Match,None,unmatched,3723,14.514,32.084,235.49,930.9307,,,,163.999,0,143.999,204.999,0,0,0,76.999
758,No Match,None,unmatched,509,14.212,29.668,217.4,944.9326,,,,486.2628703,0,278.2628703,286.2628703,529.2628703,372.2628703,0,0
759,No Match,None,unmatched,4924,14.726,29.682,217.15,944.9302,,,,0,0,0,0,0,0,64.25224973,70.25224973
760,No Match,None,unmatched,3617,14.82,33.379,244.52,980.9279,,,,97.999,53.999,144.999,140.999,112.999,0,58.999,0
761,No Match,None,unmatched,907,14.554,30.607,224.18,994.9282,,,,0,0,0,0,60.76451133,92.76451133,0,0
762,No Match,None,unmatched,917,14.821,31.581,231.07,1044.9254,,,,0,0,0,0,257.0942419,173.0942419,21.09424192,30.09424192
